validation_scheme,fold,model,held_out_section,section,test_n_Bi_rich,test_n_Equiatomic,test_n_Sn_rich,MAE,RMSE,R2,train_size,test_size
LOCSO,1,RKM,Bi-rich,all,34,0,0,88.38051661840439,105.90478263855415,0.9017527870685188,70,34
LOCSO,1,Direct Poly D2,Bi-rich,all,34,0,0,49.666351386132845,67.32422007357965,0.9602962292357361,70,34
LOCSO,1,Residual Model A,Bi-rich,all,34,0,0,54.74194233077816,68.55575356414253,0.9588303750436639,70,34
LOCSO,1,Path-aware Model B,Bi-rich,all,34,0,0,27.077315937273674,34.28895398701024,0.9897009405183125,70,34
LOCSO,2,RKM,Equiatomic,all,0,34,0,40.97924729982777,50.63292365922883,0.9655565606540853,70,34
LOCSO,2,Direct Poly D2,Equiatomic,all,0,34,0,37.35367469891759,48.99595161304027,0.9677476848346326,70,34
LOCSO,2,Residual Model A,Equiatomic,all,0,34,0,23.94767146734964,29.93098606503381,0.9879639897101856,70,34
LOCSO,2,Path-aware Model B,Equiatomic,all,0,34,0,27.27638186331396,33.3565123298629,0.9850513569363462,70,34
LOCSO,3,RKM,Sn-rich,all,0,0,36,42.88206164741219,50.87626505270902,0.9369218931891836,68,36
LOCSO,3,Direct Poly D2,Sn-rich,all,0,0,36,36.55727544176645,51.20943262189077,0.936093043404238,68,36
LOCSO,3,Residual Model A,Sn-rich,all,0,0,36,54.704162903096915,60.77749657577981,0.9099810748988107,68,36
LOCSO,3,Path-aware Model B,Sn-rich,all,0,0,36,55.14836693393213,60.213270079125856,0.9116446940590983,68,36
LOCSO,pooled,RKM,,all,34,34,36,57.13448262044933,73.49030146253926,0.9510184815220255,,104
LOCSO,pooled,RKM,,Bi-rich,34,0,0,88.38051661840439,105.90478263855415,0.9017527870685188,,34
LOCSO,pooled,RKM,,Equiatomic,0,34,0,40.97924729982777,50.63292365922883,0.9655565606540853,,34
LOCSO,pooled,RKM,,Sn-rich,0,0,36,42.88206164741219,50.87626505270902,0.9369218931891836,,36
LOCSO,pooled,Direct Poly D2,,all,34,34,36,41.1032961807241,56.341493764658956,0.9712108461210771,,104
LOCSO,pooled,Direct Poly D2,,Bi-rich,34,0,0,49.666351386132845,67.32422007357965,0.9602962292357361,,34
LOCSO,pooled,Direct Poly D2,,Equiatomic,0,34,0,37.35367469891759,48.99595161304027,0.9677476848346326,,34
LOCSO,pooled,Direct Poly D2,,Sn-rich,0,0,36,36.55727544176645,51.20943262189077,0.936093043404238,,36
LOCSO,pooled,Residual Model A,,all,34,34,36,44.661507054306085,55.749803944304524,0.9718123496526171,,104
LOCSO,pooled,Residual Model A,,Bi-rich,34,0,0,54.74194233077816,68.55575356414253,0.9588303750436639,,34
LOCSO,pooled,Residual Model A,,Equiatomic,0,34,0,23.94767146734964,29.93098606503381,0.9879639897101856,,34
LOCSO,pooled,Residual Model A,,Sn-rich,0,0,36,54.704162903096915,60.77749657577981,0.9099810748988107,,36
LOCSO,pooled,Path-aware Model B,,all,34,34,36,36.859297450399396,44.756628183581924,0.9818328455522664,,104
LOCSO,pooled,Path-aware Model B,,Bi-rich,34,0,0,27.077315937273674,34.28895398701024,0.9897009405183125,,34
LOCSO,pooled,Path-aware Model B,,Equiatomic,0,34,0,27.27638186331396,33.3565123298629,0.9850513569363462,,34
LOCSO,pooled,Path-aware Model B,,Sn-rich,0,0,36,55.14836693393213,60.213270079125856,0.9116446940590983,,36
Stratified random 5-fold,1,RKM,mixed,all,7,7,7,53.086303600913844,74.01067419147245,0.9533298309012317,83,21
Stratified random 5-fold,1,Direct Poly D2,mixed,all,7,7,7,32.67469768813768,49.49627461612987,0.9791264806495621,83,21
Stratified random 5-fold,1,Residual Model A,mixed,all,7,7,7,34.121984795392834,39.681760029255635,0.9865837078570658,83,21
Stratified random 5-fold,1,Path-aware Model B,mixed,all,7,7,7,22.71276237401853,30.92923649504859,0.9918494099052396,83,21
Stratified random 5-fold,2,RKM,mixed,all,7,7,7,69.65855356632554,85.62641626152109,0.9417544749985123,83,21
Stratified random 5-fold,2,Direct Poly D2,mixed,all,7,7,7,28.64794140946806,33.187707884556914,0.9912501310957872,83,21
Stratified random 5-fold,2,Residual Model A,mixed,all,7,7,7,36.91395731004769,40.28067886371193,0.9871103658422149,83,21
Stratified random 5-fold,2,Path-aware Model B,mixed,all,7,7,7,14.667773411441637,19.102739771868386,0.9971010658682081,83,21
Stratified random 5-fold,3,RKM,mixed,all,7,7,7,41.614851502705655,48.09075572157508,0.9738485392433123,83,21
Stratified random 5-fold,3,Direct Poly D2,mixed,all,7,7,7,28.74802305953209,34.29343832054306,0.9867017403091696,83,21
Stratified random 5-fold,3,Residual Model A,mixed,all,7,7,7,28.54431708910214,36.2993009180905,0.9851005831427625,83,21
Stratified random 5-fold,3,Path-aware Model B,mixed,all,7,7,7,14.324123799212439,18.702683993926712,0.9960446891488979,83,21
Stratified random 5-fold,4,RKM,mixed,all,7,6,8,60.32174105243311,73.85629953914535,0.964310541093834,83,21
Stratified random 5-fold,4,Direct Poly D2,mixed,all,7,6,8,37.61185311326574,50.850881470059704,0.9830815003640259,83,21
Stratified random 5-fold,4,Residual Model A,mixed,all,7,6,8,36.60320936891202,43.15166764913067,0.9878168373099067,83,21
Stratified random 5-fold,4,Path-aware Model B,mixed,all,7,6,8,19.023487687626726,25.206621180335382,0.9958428648438279,83,21
Stratified random 5-fold,5,RKM,mixed,all,6,7,7,61.18378741783948,80.48914996663811,0.84293213263787,84,20
Stratified random 5-fold,5,Direct Poly D2,mixed,all,6,7,7,28.28127000273446,35.364667277087875,0.9696784206778217,84,20
Stratified random 5-fold,5,Residual Model A,mixed,all,6,7,7,30.96276326318452,38.62089695376659,0.9638375890724261,84,20
Stratified random 5-fold,5,Path-aware Model B,mixed,all,6,7,7,17.8372863815941,21.226571180465573,0.9890762347674552,84,20
Stratified random 5-fold,pooled,RKM,,all,34,34,36,57.13448262044934,73.49030146253926,0.9510184815220255,,104
Stratified random 5-fold,pooled,RKM,,Bi-rich,34,0,0,88.38051661840439,105.90478263855417,0.9017527870685188,,34
Stratified random 5-fold,pooled,RKM,,Equiatomic,0,34,0,40.97924729982777,50.63292365922882,0.9655565606540853,,34
Stratified random 5-fold,pooled,RKM,,Sn-rich,0,0,36,42.882061647412186,50.87626505270902,0.9369218931891836,,36
Stratified random 5-fold,pooled,Direct Poly D2,,all,34,34,36,31.22075212243427,41.43919262915834,0.9844261941069842,,104
Stratified random 5-fold,pooled,Direct Poly D2,,Bi-rich,34,0,0,14.961365646038942,20.637055742661467,0.996269349478447,,34
Stratified random 5-fold,pooled,Direct Poly D2,,Equiatomic,0,34,0,40.709473206713106,51.20525399714845,0.9647734955198146,,34
Stratified random 5-fold,pooled,Direct Poly D2,,Sn-rich,0,0,36,37.615269437210955,45.63199647815851,0.9492557137361407,,36
Stratified random 5-fold,pooled,Residual Model A,,all,34,34,36,33.452962549002294,39.679723944780406,0.9857206160601761,,104
Stratified random 5-fold,pooled,Residual Model A,,Bi-rich,34,0,0,40.3111783939147,46.18878429981282,0.9813120288014203,,34
Stratified random 5-fold,pooled,Residual Model A,,Equiatomic,0,34,0,25.068879627160683,30.568973072320077,0.9874454196768663,,34
Stratified random 5-fold,pooled,Residual Model A,,Sn-rich,0,0,36,34.89405923276876,40.63336418847764,0.9597640954597527,,36
Stratified random 5-fold,pooled,Path-aware Model B,,all,34,34,36,17.711892503367,23.503676573228976,0.9949899300279514,,104
Stratified random 5-fold,pooled,Path-aware Model B,,Bi-rich,34,0,0,16.50040563099411,20.745477566897904,0.996230046734114,,34
Stratified random 5-fold,pooled,Path-aware Model B,,Equiatomic,0,34,0,27.43494792476477,32.93301119100783,0.9854285294019536,,34
Stratified random 5-fold,pooled,Path-aware Model B,,Sn-rich,0,0,36,9.673188873732387,12.84890642322107,0.9959767173888314,,36
