term_sklearn,term_display,coefficient,sign,magnitude
1,intercept,1477.0188480073768,positive,1477.0188480073768
xBi,xBi,-1633.602766580109,negative,1633.602766580109
xIn,xIn,-2198.688284216979,negative,2198.688284216979
temperature_K,temperature_K,-2.629607106032224,negative,2.629607106032224
xBi^2,xBi²,-1875.2975391483953,negative,1875.2975391483953
xBi xIn,xBi·xIn,-9182.90314265283,negative,9182.90314265283
xBi temperature_K,xBi·temperature_K,4.02116633233977,positive,4.02116633233977
xIn^2,xIn²,535.3303257923645,positive,535.3303257923645
xIn temperature_K,xIn·temperature_K,2.025539140923673,positive,2.025539140923673
temperature_K^2,temperature_K²,0.0009741759040480247,positive,0.0009741759040480247
