experiment_id,cross_section,temperature_K,xBi,xIn,xSn,experimental_delta_mixH,rkm_prediction,ml_prediction,fold,held_out_section,training_type
EXP_0001,(Sn0.33Bi0.67)1-xInx,767,0.6021023017902813,0.098,0.2998976982097187,-380.4,-319.3582266540738,-997.9234874394826,1,(Sn0.33Bi0.67)1-xInx,experimental_only
EXP_0002,(Sn0.33Bi0.67)1-xInx,767,0.5251373401534527,0.2133,0.2615626598465473,-841.6,-779.3981338969363,-946.1180376935016,1,(Sn0.33Bi0.67)1-xInx,experimental_only
EXP_0003,(Sn0.33Bi0.67)1-xInx,767,0.4618565217391304,0.3081,0.2300434782608695,-1142.0,-1067.1245349076441,-903.5234441469362,1,(Sn0.33Bi0.67)1-xInx,experimental_only
EXP_0004,(Sn0.33Bi0.67)1-xInx,767,0.3936360613810742,0.4103,0.1960639386189258,-1346.0,-1259.8994805704758,-857.603956167411,1,(Sn0.33Bi0.67)1-xInx,experimental_only
EXP_0005,(Sn0.33Bi0.67)1-xInx,767,0.3376312020460358,0.4942,0.1681687979539642,-1413.0,-1317.01093745515,-819.9068422585835,1,(Sn0.33Bi0.67)1-xInx,experimental_only
EXP_0006,(Sn0.33Bi0.67)1-xInx,767,0.2652721227621483,0.6026,0.1321278772378516,-1389.0,-1252.6185423470095,-771.2016319163082,1,(Sn0.33Bi0.67)1-xInx,experimental_only
EXP_0007,(Sn0.33Bi0.67)1-xInx,767,0.1933803069053708,0.7103,0.0963196930946291,-1227.0,-1043.68023917639,-722.8109386149886,1,(Sn0.33Bi0.67)1-xInx,experimental_only
EXP_0008,(Sn0.33Bi0.67)1-xInx,767,0.1284974424552429,0.8075,0.064002557544757,-959.0,-750.7731052453768,-679.1380009280036,1,(Sn0.33Bi0.67)1-xInx,experimental_only
EXP_0009,(Sn0.33Bi0.67)1-xInx,767,0.0966567774936061,0.8552,0.0481432225063938,-792.5,-579.2308365652174,-657.7059111371685,1,(Sn0.33Bi0.67)1-xInx,experimental_only
EXP_0010,(Sn0.33Bi0.67)1-xInx,767,0.0771652173913043,0.8844,0.0384347826086956,-656.3,-467.5764374779218,-644.5860574287327,1,(Sn0.33Bi0.67)1-xInx,experimental_only
EXP_0011,(Sn0.33Bi0.67)1-xInx,767,0.0642820971867008,0.9037,0.0320179028132992,-565.5,-391.63835530383426,-635.914373299527,1,(Sn0.33Bi0.67)1-xInx,experimental_only
EXP_0012,(Sn0.33Bi0.67)1-xInx,813,0.5984309462915601,0.1035,0.2980690537084399,-343.5,-343.3641489715695,-995.4522821176884,1,(Sn0.33Bi0.67)1-xInx,experimental_only
EXP_0013,(Sn0.33Bi0.67)1-xInx,813,0.527406905370844,0.2099,0.262693094629156,-758.4,-767.3730813353966,-947.6456918924291,1,(Sn0.33Bi0.67)1-xInx,experimental_only
EXP_0014,(Sn0.33Bi0.67)1-xInx,813,0.4685984654731457,0.298,0.2334015345268542,-1050.0,-1041.151336327319,-908.0614757378677,1,(Sn0.33Bi0.67)1-xInx,experimental_only
EXP_0015,(Sn0.33Bi0.67)1-xInx,813,0.3874948849104859,0.4195,0.193005115089514,-1304.0,-1270.717521110849,-853.4703036291367,1,(Sn0.33Bi0.67)1-xInx,experimental_only
EXP_0016,(Sn0.33Bi0.67)1-xInx,813,0.3333590792838874,0.5006,0.1660409207161125,-1366.0,-1317.514604332184,-817.0312578841317,1,(Sn0.33Bi0.67)1-xInx,experimental_only
EXP_0017,(Sn0.33Bi0.67)1-xInx,813,0.2529230179028133,0.6211,0.1259769820971867,-1307.0,-1226.5245309524773,-762.8893958339088,1,(Sn0.33Bi0.67)1-xInx,experimental_only
EXP_0018,(Sn0.33Bi0.67)1-xInx,813,0.1969181585677749,0.705,0.098081841432225,-1173.0,-1057.0350576359806,-725.1922819250814,1,(Sn0.33Bi0.67)1-xInx,experimental_only
EXP_0019,(Sn0.33Bi0.67)1-xInx,813,0.1327028132992327,0.8012,0.0660971867007672,-926.4,-772.2383975448727,-681.9686542966047,1,(Sn0.33Bi0.67)1-xInx,experimental_only
EXP_0020,(Sn0.33Bi0.67)1-xInx,813,0.0991265984654731,0.8515,0.0493734015345268,-737.7,-593.0548894778041,-659.3683583536484,1,(Sn0.33Bi0.67)1-xInx,experimental_only
EXP_0021,(Sn0.33Bi0.67)1-xInx,813,0.0787005115089514,0.8821,0.0391994884910485,-606.6,-476.52233197742123,-645.6194705633014,1,(Sn0.33Bi0.67)1-xInx,experimental_only
EXP_0022,(Sn0.33Bi0.67)1-xInx,813,0.0653501278772378,0.9021,0.0325498721227621,-518.0,-397.9885869420851,-636.6332693931398,1,(Sn0.33Bi0.67)1-xInx,experimental_only
EXP_0023,(Sn0.33Bi0.67)1-xInx,855,0.6008340153452686,0.0999,0.2992659846547315,-295.1,-327.6694967071145,-997.0697983283173,1,(Sn0.33Bi0.67)1-xInx,experimental_only
EXP_0024,(Sn0.33Bi0.67)1-xInx,855,0.5344158567774936,0.1994,0.2661841432225064,-658.9,-729.5638395364317,-952.3634475067638,1,(Sn0.33Bi0.67)1-xInx,experimental_only
EXP_0025,(Sn0.33Bi0.67)1-xInx,855,0.4603212276214834,0.3104,0.2292787723785166,-1014.0,-1072.8730219980275,-902.4900310123676,1,(Sn0.33Bi0.67)1-xInx,experimental_only
EXP_0026,(Sn0.33Bi0.67)1-xInx,855,0.3861598465473146,0.4215,0.1923401534526854,-1221.0,-1272.9221417605013,-852.5716835121204,1,(Sn0.33Bi0.67)1-xInx,experimental_only
EXP_0027,(Sn0.33Bi0.67)1-xInx,855,0.3267506393861893,0.5105,0.1627493606138107,-1295.0,-1317.2170635260377,-812.5830883049019,1,(Sn0.33Bi0.67)1-xInx,experimental_only
EXP_0028,(Sn0.33Bi0.67)1-xInx,855,0.26146726342711,0.6083,0.13023273657289,-1253.0,-1245.0329126207093,-768.6405645828122,1,(Sn0.33Bi0.67)1-xInx,experimental_only
EXP_0029,(Sn0.33Bi0.67)1-xInx,855,0.1933803069053708,0.7103,0.0963196930946291,-1094.0,-1043.68023917639,-722.8109386149886,1,(Sn0.33Bi0.67)1-xInx,experimental_only
EXP_0030,(Sn0.33Bi0.67)1-xInx,855,0.1365744245524296,0.7954,0.0680255754475703,-871.9,-791.7286753438465,-684.5746526359513,1,(Sn0.33Bi0.67)1-xInx,experimental_only
EXP_0031,(Sn0.33Bi0.67)1-xInx,855,0.1047337595907928,0.8431,0.0521662404092071,-716.4,-624.1396949400765,-663.1425628451162,1,(Sn0.33Bi0.67)1-xInx,experimental_only
EXP_0032,(Sn0.33Bi0.67)1-xInx,855,0.0873115089514066,0.8692,0.0434884910485933,-603.6,-526.2376649151946,-651.4155703180555,1,(Sn0.33Bi0.67)1-xInx,experimental_only
EXP_0033,(Sn0.33Bi0.67)1-xInx,855,0.0740946291560102,0.889,0.0369053708439897,-524.9,-449.614884582801,-642.5192311595956,1,(Sn0.33Bi0.67)1-xInx,experimental_only
EXP_0034,(Sn0.33Bi0.67)1-xInx,855,0.064549104859335,0.9033,0.0321508951406649,-449.5,-393.22677338615034,-636.0940973229302,1,(Sn0.33Bi0.67)1-xInx,experimental_only
EXP_0035,(Sn0.50Bi0.50)1-xInx,767,0.44675,0.1065,0.44675,-250.0,-177.68127661798496,-671.8634570358713,2,(Sn0.50Bi0.50)1-xInx,experimental_only
EXP_0036,(Sn0.50Bi0.50)1-xInx,767,0.40015,0.1997,0.40015,-490.0,-459.4003160607007,-672.4174125735985,2,(Sn0.50Bi0.50)1-xInx,experimental_only
EXP_0037,(Sn0.50Bi0.50)1-xInx,767,0.34925,0.3015,0.34925,-725.3,-732.5779277217148,-673.0224841802576,2,(Sn0.50Bi0.50)1-xInx,experimental_only
EXP_0038,(Sn0.50Bi0.50)1-xInx,767,0.28945,0.4211,0.28945,-978.1,-957.4354982094574,-673.733354162148,2,(Sn0.50Bi0.50)1-xInx,experimental_only
EXP_0039,(Sn0.50Bi0.50)1-xInx,767,0.2435,0.513,0.2435,-1063.0,-1034.803545342359,-674.279582852246,2,(Sn0.50Bi0.50)1-xInx,experimental_only
EXP_0040,(Sn0.50Bi0.50)1-xInx,767,0.1955,0.609,0.1955,-1091.0,-1015.126981652759,-674.8501808310207,2,(Sn0.50Bi0.50)1-xInx,experimental_only
EXP_0041,(Sn0.50Bi0.50)1-xInx,767,0.1503499999999999,0.6993,0.1503499999999999,-984.0,-901.5973965990419,-675.3868995548057,2,(Sn0.50Bi0.50)1-xInx,experimental_only
EXP_0042,(Sn0.50Bi0.50)1-xInx,767,0.1014499999999999,0.7971,0.1014499999999999,-781.9,-682.555710823105,-675.9681962456826,2,(Sn0.50Bi0.50)1-xInx,experimental_only
EXP_0043,(Sn0.50Bi0.50)1-xInx,767,0.0769,0.8462,0.0769,-638.5,-540.1664285223325,-676.2600333369102,2,(Sn0.50Bi0.50)1-xInx,experimental_only
EXP_0044,(Sn0.50Bi0.50)1-xInx,767,0.06175,0.8765,0.06175,-521.9,-443.32979257888985,-676.440128323961,2,(Sn0.50Bi0.50)1-xInx,experimental_only
EXP_0045,(Sn0.50Bi0.50)1-xInx,767,0.0524,0.8952,0.0524,-447.2,-380.62314556403675,-676.5512760552431,2,(Sn0.50Bi0.50)1-xInx,experimental_only
EXP_0046,(Sn0.50Bi0.50)1-xInx,767,0.0464499999999999,0.9071,0.0464499999999999,-398.7,-339.6775238628549,-676.6220064296954,2,(Sn0.50Bi0.50)1-xInx,experimental_only
EXP_0047,(Sn0.50Bi0.50)1-xInx,813,0.45235,0.0953,0.45235,-183.7,-143.6106112349837,-671.7968872716809,2,(Sn0.50Bi0.50)1-xInx,experimental_only
EXP_0048,(Sn0.50Bi0.50)1-xInx,813,0.39685,0.2063,0.39685,-454.8,-478.64445535628374,-672.4566411846394,2,(Sn0.50Bi0.50)1-xInx,experimental_only
EXP_0049,(Sn0.50Bi0.50)1-xInx,813,0.3443,0.3114,0.3443,-709.4,-755.7426507966974,-673.0813270968188,2,(Sn0.50Bi0.50)1-xInx,experimental_only
EXP_0050,(Sn0.50Bi0.50)1-xInx,813,0.2981,0.4038,0.2981,-906.3,-932.9941406480763,-673.6305276513896,2,(Sn0.50Bi0.50)1-xInx,experimental_only
EXP_0051,(Sn0.50Bi0.50)1-xInx,813,0.2509,0.4982,0.2509,-1017.0,-1028.5460520368104,-674.1916156638515,2,(Sn0.50Bi0.50)1-xInx,experimental_only
EXP_0052,(Sn0.50Bi0.50)1-xInx,813,0.1977999999999999,0.6044,0.1977999999999999,-1066.0,-1018.4680591379805,-674.8228396778711,2,(Sn0.50Bi0.50)1-xInx,experimental_only
EXP_0053,(Sn0.50Bi0.50)1-xInx,813,0.1434,0.7132,0.1434,-911.9,-876.2600408819123,-675.4695173871493,2,(Sn0.50Bi0.50)1-xInx,experimental_only
EXP_0054,(Sn0.50Bi0.50)1-xInx,813,0.0977,0.8046,0.0977,-729.4,-662.0770451503564,-676.0127742127744,2,(Sn0.50Bi0.50)1-xInx,experimental_only
EXP_0055,(Sn0.50Bi0.50)1-xInx,813,0.0742499999999999,0.8515,0.0742499999999999,-565.3,-523.6854653340391,-676.2915351003217,2,(Sn0.50Bi0.50)1-xInx,experimental_only
EXP_0056,(Sn0.50Bi0.50)1-xInx,813,0.05885,0.8823,0.05885,-457.4,-424.10568002824493,-676.4746019518452,2,(Sn0.50Bi0.50)1-xInx,experimental_only
EXP_0057,(Sn0.50Bi0.50)1-xInx,813,0.0500499999999999,0.8999,0.0500499999999999,-383.4,-364.5433492692703,-676.5792115812873,2,(Sn0.50Bi0.50)1-xInx,experimental_only
EXP_0058,(Sn0.50Bi0.50)1-xInx,855,0.44935,0.1013,0.44935,-168.2,-161.84246382191213,-671.8325496453543,2,(Sn0.50Bi0.50)1-xInx,experimental_only
EXP_0059,(Sn0.50Bi0.50)1-xInx,855,0.3991,0.2018,0.3991,-409.9,-465.5403228352165,-672.4298944043842,2,(Sn0.50Bi0.50)1-xInx,experimental_only
EXP_0060,(Sn0.50Bi0.50)1-xInx,855,0.3506,0.2988,0.3506,-632.3,-726.1366984192189,-673.0064361121047,2,(Sn0.50Bi0.50)1-xInx,experimental_only
EXP_0061,(Sn0.50Bi0.50)1-xInx,855,0.29845,0.4031,0.29845,-871.9,-931.9429684127072,-673.6263670411277,2,(Sn0.50Bi0.50)1-xInx,experimental_only
EXP_0062,(Sn0.50Bi0.50)1-xInx,855,0.23935,0.5213,0.23935,-1001.4,-1037.2391821872163,-674.3289158024942,2,(Sn0.50Bi0.50)1-xInx,experimental_only
EXP_0063,(Sn0.50Bi0.50)1-xInx,855,0.1934,0.6132,0.1934,-1009.0,-1011.8662806335154,-674.8751444925922,2,(Sn0.50Bi0.50)1-xInx,experimental_only
EXP_0064,(Sn0.50Bi0.50)1-xInx,855,0.12075,0.7585,0.12075,-795.7,-780.0355943614749,-675.7387683083837,2,(Sn0.50Bi0.50)1-xInx,experimental_only
EXP_0065,(Sn0.50Bi0.50)1-xInx,855,0.0867999999999999,0.8264,0.0867999999999999,-596.2,-599.8918030492457,-676.1423475037878,2,(Sn0.50Bi0.50)1-xInx,experimental_only
EXP_0066,(Sn0.50Bi0.50)1-xInx,855,0.0679,0.8642,0.0679,-480.0,-483.389010705209,-676.3670204579305,2,(Sn0.50Bi0.50)1-xInx,experimental_only
EXP_0067,(Sn0.50Bi0.50)1-xInx,855,0.0554999999999999,0.889,0.0554999999999999,-402.2,-401.64360919947825,-676.5144249357805,2,(Sn0.50Bi0.50)1-xInx,experimental_only
EXP_0068,(Sn0.50Bi0.50)1-xInx,855,0.0469499999999999,0.9061,0.0469499999999999,-346.6,-343.147550354593,-676.6160627007498,2,(Sn0.50Bi0.50)1-xInx,experimental_only
EXP_0069,(Sn0.67Bi0.33)1-xInx,767,0.3012811203878265,0.0964,0.6023188796121735,-105.2,-17.095611218073884,-256.0,3,(Sn0.67Bi0.33)1-xInx,experimental_only
EXP_0070,(Sn0.67Bi0.33)1-xInx,767,0.2647046054403447,0.2061,0.5291953945596553,-294.9,-232.92360062365114,-256.0,3,(Sn0.67Bi0.33)1-xInx,experimental_only
EXP_0071,(Sn0.67Bi0.33)1-xInx,767,0.2286615674656611,0.3142,0.4571384325343388,-479.9,-465.9474604055292,-384.0,3,(Sn0.67Bi0.33)1-xInx,experimental_only
EXP_0072,(Sn0.67Bi0.33)1-xInx,767,0.198986910853757,0.4032,0.3978130891462429,-631.6,-631.3701659050728,-384.0,3,(Sn0.67Bi0.33)1-xInx,experimental_only
EXP_0073,(Sn0.67Bi0.33)1-xInx,767,0.1634440075410718,0.5098,0.326755992458928,-771.0,-761.5237399959877,-512.0,3,(Sn0.67Bi0.33)1-xInx,experimental_only
EXP_0074,(Sn0.67Bi0.33)1-xInx,767,0.1288346889307837,0.6136,0.2575653110692162,-767.4,-791.8794791632954,-512.0,3,(Sn0.67Bi0.33)1-xInx,experimental_only
EXP_0075,(Sn0.67Bi0.33)1-xInx,767,0.0994267708052787,0.7018,0.1987732291947212,-694.2,-732.7307715150952,-576.0,3,(Sn0.67Bi0.33)1-xInx,experimental_only
EXP_0076,(Sn0.67Bi0.33)1-xInx,767,0.0689852410449771,0.7931,0.1379147589550228,-545.3,-588.4773832772142,-640.0,3,(Sn0.67Bi0.33)1-xInx,experimental_only
EXP_0077,(Sn0.67Bi0.33)1-xInx,767,0.0528809049286291,0.8414,0.1057190950713708,-450.5,-480.13862032970763,-576.0,3,(Sn0.67Bi0.33)1-xInx,experimental_only
EXP_0078,(Sn0.67Bi0.33)1-xInx,767,0.0426448155130622,0.8721,0.0852551844869378,-383.7,-400.83650433778644,-576.0,3,(Sn0.67Bi0.33)1-xInx,experimental_only
EXP_0079,(Sn0.67Bi0.33)1-xInx,767,0.0359430110422838,0.8922,0.0718569889577161,-338.4,-344.87509750216185,-640.0,3,(Sn0.67Bi0.33)1-xInx,experimental_only
EXP_0080,(Sn0.67Bi0.33)1-xInx,767,0.0309083221115001,0.9073,0.0617916778884998,-290.4,-300.87305000290144,-640.0,3,(Sn0.67Bi0.33)1-xInx,experimental_only
EXP_0081,(Sn0.67Bi0.33)1-xInx,813,0.2980135739294371,0.1062,0.5957864260705629,-92.74,-33.67145141118169,-192.0,3,(Sn0.67Bi0.33)1-xInx,experimental_only
EXP_0082,(Sn0.67Bi0.33)1-xInx,813,0.2613036897387557,0.2163,0.5223963102612443,-283.3,-255.07904586156064,-256.0,3,(Sn0.67Bi0.33)1-xInx,experimental_only
EXP_0083,(Sn0.67Bi0.33)1-xInx,813,0.2319957985456504,0.3042,0.4638042014543495,-434.5,-445.2139695495892,-384.0,3,(Sn0.67Bi0.33)1-xInx,experimental_only
EXP_0084,(Sn0.67Bi0.33)1-xInx,813,0.1966196067869647,0.4103,0.3930803932130353,-615.8,-642.668790691529,-384.0,3,(Sn0.67Bi0.33)1-xInx,experimental_only
EXP_0085,(Sn0.67Bi0.33)1-xInx,813,0.1671783463506598,0.4986,0.3342216536493402,-747.8,-752.1982942509997,-384.0,3,(Sn0.67Bi0.33)1-xInx,experimental_only
EXP_0086,(Sn0.67Bi0.33)1-xInx,813,0.1329357931591704,0.6013,0.2657642068408296,-748.3,-793.8051005951594,-512.0,3,(Sn0.67Bi0.33)1-xInx,experimental_only
EXP_0087,(Sn0.67Bi0.33)1-xInx,813,0.0986598976568812,0.7041,0.1972401023431188,-669.1,-730.1201027433362,-512.0,3,(Sn0.67Bi0.33)1-xInx,experimental_only
EXP_0088,(Sn0.67Bi0.33)1-xInx,813,0.0701522219229733,0.7896,0.1402477780770266,-521.1,-595.5022703883749,-640.0,3,(Sn0.67Bi0.33)1-xInx,experimental_only
EXP_0089,(Sn0.67Bi0.33)1-xInx,813,0.0542812819822245,0.8372,0.1085187180177753,-433.1,-490.3777612363586,-640.0,3,(Sn0.67Bi0.33)1-xInx,experimental_only
EXP_0090,(Sn0.67Bi0.33)1-xInx,813,0.0436450848370589,0.8691,0.087254915162941,-360.5,-408.9221570923217,-640.0,3,(Sn0.67Bi0.33)1-xInx,experimental_only
EXP_0091,(Sn0.67Bi0.33)1-xInx,813,0.0366098572582817,0.8902,0.0731901427417183,-308.9,-350.5796300705834,-576.0,3,(Sn0.67Bi0.33)1-xInx,experimental_only
EXP_0092,(Sn0.67Bi0.33)1-xInx,813,0.0315751683274979,0.9053,0.063124831672502,-263.3,-306.794031959745,-640.0,3,(Sn0.67Bi0.33)1-xInx,experimental_only
EXP_0093,(Sn0.67Bi0.33)1-xInx,855,0.2985137085914354,0.1047,0.5967862914085644,-64.32,-31.087159011766545,-320.0,3,(Sn0.67Bi0.33)1-xInx,experimental_only
EXP_0094,(Sn0.67Bi0.33)1-xInx,855,0.2625706975491516,0.2125,0.5249293024508483,-251.5,-246.80920919587095,-320.0,3,(Sn0.67Bi0.33)1-xInx,experimental_only
EXP_0095,(Sn0.67Bi0.33)1-xInx,855,0.2332628063560463,0.3004,0.4663371936439536,-409.6,-437.2554988659731,-320.0,3,(Sn0.67Bi0.33)1-xInx,experimental_only
EXP_0096,(Sn0.67Bi0.33)1-xInx,855,0.2012875302989496,0.3963,0.4024124697010504,-575.1,-620.0786937552448,-384.0,3,(Sn0.67Bi0.33)1-xInx,experimental_only
EXP_0097,(Sn0.67Bi0.33)1-xInx,855,0.1632439536762725,0.5104,0.3263560463237274,-733.7,-761.9918674859347,-512.0,3,(Sn0.67Bi0.33)1-xInx,experimental_only
EXP_0098,(Sn0.67Bi0.33)1-xInx,855,0.1314353891731753,0.6058,0.2627646108268247,-731.7,-793.2780223093378,-448.0,3,(Sn0.67Bi0.33)1-xInx,experimental_only
EXP_0099,(Sn0.67Bi0.33)1-xInx,855,0.0979597091300834,0.7062,0.1958402908699164,-644.2,-727.6893108147347,-576.0,3,(Sn0.67Bi0.33)1-xInx,experimental_only
EXP_0100,(Sn0.67Bi0.33)1-xInx,855,0.0682850525181793,0.7952,0.1365149474818206,-485.3,-584.2074424524316,-640.0,3,(Sn0.67Bi0.33)1-xInx,experimental_only
EXP_0101,(Sn0.67Bi0.33)1-xInx,855,0.0524141125774306,0.8428,0.1047858874225693,-395.4,-476.69214567530224,-576.0,3,(Sn0.67Bi0.33)1-xInx,experimental_only
EXP_0102,(Sn0.67Bi0.33)1-xInx,855,0.0429782386210611,0.8711,0.0859217613789388,-328.5,-403.53959088972755,-640.0,3,(Sn0.67Bi0.33)1-xInx,experimental_only
EXP_0103,(Sn0.67Bi0.33)1-xInx,855,0.035876326420684,0.8924,0.0717236735793159,-267.3,-344.3030259777863,-704.0,3,(Sn0.67Bi0.33)1-xInx,experimental_only
EXP_0104,(Sn0.67Bi0.33)1-xInx,855,0.0309083221115001,0.9073,0.0617916778884998,-218.0,-300.87305000290144,-640.0,3,(Sn0.67Bi0.33)1-xInx,experimental_only
EXP_0001,(Sn0.33Bi0.67)1-xInx,767,0.6021023017902813,0.098,0.2998976982097187,-380.4,-319.3582266540738,-1000.0,1,(Sn0.33Bi0.67)1-xInx,synthetic_only
EXP_0002,(Sn0.33Bi0.67)1-xInx,767,0.5251373401534527,0.2133,0.2615626598465473,-841.6,-779.3981338969363,-980.0,1,(Sn0.33Bi0.67)1-xInx,synthetic_only
EXP_0003,(Sn0.33Bi0.67)1-xInx,767,0.4618565217391304,0.3081,0.2300434782608695,-1142.0,-1067.1245349076441,-964.0,1,(Sn0.33Bi0.67)1-xInx,synthetic_only
EXP_0004,(Sn0.33Bi0.67)1-xInx,767,0.3936360613810742,0.4103,0.1960639386189258,-1346.0,-1259.8994805704758,-948.0,1,(Sn0.33Bi0.67)1-xInx,synthetic_only
EXP_0005,(Sn0.33Bi0.67)1-xInx,767,0.3376312020460358,0.4942,0.1681687979539642,-1413.0,-1317.01093745515,-940.0,1,(Sn0.33Bi0.67)1-xInx,synthetic_only
EXP_0006,(Sn0.33Bi0.67)1-xInx,767,0.2652721227621483,0.6026,0.1321278772378516,-1389.0,-1252.6185423470095,-920.0,1,(Sn0.33Bi0.67)1-xInx,synthetic_only
EXP_0007,(Sn0.33Bi0.67)1-xInx,767,0.1933803069053708,0.7103,0.0963196930946291,-1227.0,-1043.68023917639,-904.0,1,(Sn0.33Bi0.67)1-xInx,synthetic_only
EXP_0008,(Sn0.33Bi0.67)1-xInx,767,0.1284974424552429,0.8075,0.064002557544757,-959.0,-750.7731052453768,-888.0,1,(Sn0.33Bi0.67)1-xInx,synthetic_only
EXP_0009,(Sn0.33Bi0.67)1-xInx,767,0.0966567774936061,0.8552,0.0481432225063938,-792.5,-579.2308365652174,-876.0,1,(Sn0.33Bi0.67)1-xInx,synthetic_only
EXP_0010,(Sn0.33Bi0.67)1-xInx,767,0.0771652173913043,0.8844,0.0384347826086956,-656.3,-467.5764374779218,-872.0,1,(Sn0.33Bi0.67)1-xInx,synthetic_only
EXP_0011,(Sn0.33Bi0.67)1-xInx,767,0.0642820971867008,0.9037,0.0320179028132992,-565.5,-391.63835530383426,-876.0,1,(Sn0.33Bi0.67)1-xInx,synthetic_only
EXP_0012,(Sn0.33Bi0.67)1-xInx,813,0.5984309462915601,0.1035,0.2980690537084399,-343.5,-343.3641489715695,-996.0,1,(Sn0.33Bi0.67)1-xInx,synthetic_only
EXP_0013,(Sn0.33Bi0.67)1-xInx,813,0.527406905370844,0.2099,0.262693094629156,-758.4,-767.3730813353966,-980.0,1,(Sn0.33Bi0.67)1-xInx,synthetic_only
EXP_0014,(Sn0.33Bi0.67)1-xInx,813,0.4685984654731457,0.298,0.2334015345268542,-1050.0,-1041.151336327319,-964.0,1,(Sn0.33Bi0.67)1-xInx,synthetic_only
EXP_0015,(Sn0.33Bi0.67)1-xInx,813,0.3874948849104859,0.4195,0.193005115089514,-1304.0,-1270.717521110849,-948.0,1,(Sn0.33Bi0.67)1-xInx,synthetic_only
EXP_0016,(Sn0.33Bi0.67)1-xInx,813,0.3333590792838874,0.5006,0.1660409207161125,-1366.0,-1317.514604332184,-940.0,1,(Sn0.33Bi0.67)1-xInx,synthetic_only
EXP_0017,(Sn0.33Bi0.67)1-xInx,813,0.2529230179028133,0.6211,0.1259769820971867,-1307.0,-1226.5245309524773,-916.0,1,(Sn0.33Bi0.67)1-xInx,synthetic_only
EXP_0018,(Sn0.33Bi0.67)1-xInx,813,0.1969181585677749,0.705,0.098081841432225,-1173.0,-1057.0350576359806,-900.0,1,(Sn0.33Bi0.67)1-xInx,synthetic_only
EXP_0019,(Sn0.33Bi0.67)1-xInx,813,0.1327028132992327,0.8012,0.0660971867007672,-926.4,-772.2383975448727,-888.0,1,(Sn0.33Bi0.67)1-xInx,synthetic_only
EXP_0020,(Sn0.33Bi0.67)1-xInx,813,0.0991265984654731,0.8515,0.0493734015345268,-737.7,-593.0548894778041,-880.0,1,(Sn0.33Bi0.67)1-xInx,synthetic_only
EXP_0021,(Sn0.33Bi0.67)1-xInx,813,0.0787005115089514,0.8821,0.0391994884910485,-606.6,-476.52233197742123,-876.0,1,(Sn0.33Bi0.67)1-xInx,synthetic_only
EXP_0022,(Sn0.33Bi0.67)1-xInx,813,0.0653501278772378,0.9021,0.0325498721227621,-518.0,-397.9885869420851,-872.0,1,(Sn0.33Bi0.67)1-xInx,synthetic_only
EXP_0023,(Sn0.33Bi0.67)1-xInx,855,0.6008340153452686,0.0999,0.2992659846547315,-295.1,-327.6694967071145,-1000.0,1,(Sn0.33Bi0.67)1-xInx,synthetic_only
EXP_0024,(Sn0.33Bi0.67)1-xInx,855,0.5344158567774936,0.1994,0.2661841432225064,-658.9,-729.5638395364317,-980.0,1,(Sn0.33Bi0.67)1-xInx,synthetic_only
EXP_0025,(Sn0.33Bi0.67)1-xInx,855,0.4603212276214834,0.3104,0.2292787723785166,-1014.0,-1072.8730219980275,-964.0,1,(Sn0.33Bi0.67)1-xInx,synthetic_only
EXP_0026,(Sn0.33Bi0.67)1-xInx,855,0.3861598465473146,0.4215,0.1923401534526854,-1221.0,-1272.9221417605013,-948.0,1,(Sn0.33Bi0.67)1-xInx,synthetic_only
EXP_0027,(Sn0.33Bi0.67)1-xInx,855,0.3267506393861893,0.5105,0.1627493606138107,-1295.0,-1317.2170635260377,-936.0,1,(Sn0.33Bi0.67)1-xInx,synthetic_only
EXP_0028,(Sn0.33Bi0.67)1-xInx,855,0.26146726342711,0.6083,0.13023273657289,-1253.0,-1245.0329126207093,-920.0,1,(Sn0.33Bi0.67)1-xInx,synthetic_only
EXP_0029,(Sn0.33Bi0.67)1-xInx,855,0.1933803069053708,0.7103,0.0963196930946291,-1094.0,-1043.68023917639,-904.0,1,(Sn0.33Bi0.67)1-xInx,synthetic_only
EXP_0030,(Sn0.33Bi0.67)1-xInx,855,0.1365744245524296,0.7954,0.0680255754475703,-871.9,-791.7286753438465,-888.0,1,(Sn0.33Bi0.67)1-xInx,synthetic_only
EXP_0031,(Sn0.33Bi0.67)1-xInx,855,0.1047337595907928,0.8431,0.0521662404092071,-716.4,-624.1396949400765,-880.0,1,(Sn0.33Bi0.67)1-xInx,synthetic_only
EXP_0032,(Sn0.33Bi0.67)1-xInx,855,0.0873115089514066,0.8692,0.0434884910485933,-603.6,-526.2376649151946,-876.0,1,(Sn0.33Bi0.67)1-xInx,synthetic_only
EXP_0033,(Sn0.33Bi0.67)1-xInx,855,0.0740946291560102,0.889,0.0369053708439897,-524.9,-449.614884582801,-872.0,1,(Sn0.33Bi0.67)1-xInx,synthetic_only
EXP_0034,(Sn0.33Bi0.67)1-xInx,855,0.064549104859335,0.9033,0.0321508951406649,-449.5,-393.22677338615034,-876.0,1,(Sn0.33Bi0.67)1-xInx,synthetic_only
EXP_0035,(Sn0.50Bi0.50)1-xInx,767,0.44675,0.1065,0.44675,-250.0,-177.68127661798496,-640.0,2,(Sn0.50Bi0.50)1-xInx,synthetic_only
EXP_0036,(Sn0.50Bi0.50)1-xInx,767,0.40015,0.1997,0.40015,-490.0,-459.4003160607007,-672.0,2,(Sn0.50Bi0.50)1-xInx,synthetic_only
EXP_0037,(Sn0.50Bi0.50)1-xInx,767,0.34925,0.3015,0.34925,-725.3,-732.5779277217148,-696.0,2,(Sn0.50Bi0.50)1-xInx,synthetic_only
EXP_0038,(Sn0.50Bi0.50)1-xInx,767,0.28945,0.4211,0.28945,-978.1,-957.4354982094574,-736.0,2,(Sn0.50Bi0.50)1-xInx,synthetic_only
EXP_0039,(Sn0.50Bi0.50)1-xInx,767,0.2435,0.513,0.2435,-1063.0,-1034.803545342359,-752.0,2,(Sn0.50Bi0.50)1-xInx,synthetic_only
EXP_0040,(Sn0.50Bi0.50)1-xInx,767,0.1955,0.609,0.1955,-1091.0,-1015.126981652759,-784.0,2,(Sn0.50Bi0.50)1-xInx,synthetic_only
EXP_0041,(Sn0.50Bi0.50)1-xInx,767,0.1503499999999999,0.6993,0.1503499999999999,-984.0,-901.5973965990419,-808.0,2,(Sn0.50Bi0.50)1-xInx,synthetic_only
EXP_0042,(Sn0.50Bi0.50)1-xInx,767,0.1014499999999999,0.7971,0.1014499999999999,-781.9,-682.555710823105,-832.0,2,(Sn0.50Bi0.50)1-xInx,synthetic_only
EXP_0043,(Sn0.50Bi0.50)1-xInx,767,0.0769,0.8462,0.0769,-638.5,-540.1664285223325,-840.0,2,(Sn0.50Bi0.50)1-xInx,synthetic_only
EXP_0044,(Sn0.50Bi0.50)1-xInx,767,0.06175,0.8765,0.06175,-521.9,-443.32979257888985,-848.0,2,(Sn0.50Bi0.50)1-xInx,synthetic_only
EXP_0045,(Sn0.50Bi0.50)1-xInx,767,0.0524,0.8952,0.0524,-447.2,-380.62314556403675,-856.0,2,(Sn0.50Bi0.50)1-xInx,synthetic_only
EXP_0046,(Sn0.50Bi0.50)1-xInx,767,0.0464499999999999,0.9071,0.0464499999999999,-398.7,-339.6775238628549,-856.0,2,(Sn0.50Bi0.50)1-xInx,synthetic_only
EXP_0047,(Sn0.50Bi0.50)1-xInx,813,0.45235,0.0953,0.45235,-183.7,-143.6106112349837,-640.0,2,(Sn0.50Bi0.50)1-xInx,synthetic_only
EXP_0048,(Sn0.50Bi0.50)1-xInx,813,0.39685,0.2063,0.39685,-454.8,-478.64445535628374,-672.0,2,(Sn0.50Bi0.50)1-xInx,synthetic_only
EXP_0049,(Sn0.50Bi0.50)1-xInx,813,0.3443,0.3114,0.3443,-709.4,-755.7426507966974,-688.0,2,(Sn0.50Bi0.50)1-xInx,synthetic_only
EXP_0050,(Sn0.50Bi0.50)1-xInx,813,0.2981,0.4038,0.2981,-906.3,-932.9941406480763,-728.0,2,(Sn0.50Bi0.50)1-xInx,synthetic_only
EXP_0051,(Sn0.50Bi0.50)1-xInx,813,0.2509,0.4982,0.2509,-1017.0,-1028.5460520368104,-752.0,2,(Sn0.50Bi0.50)1-xInx,synthetic_only
EXP_0052,(Sn0.50Bi0.50)1-xInx,813,0.1977999999999999,0.6044,0.1977999999999999,-1066.0,-1018.4680591379805,-792.0,2,(Sn0.50Bi0.50)1-xInx,synthetic_only
EXP_0053,(Sn0.50Bi0.50)1-xInx,813,0.1434,0.7132,0.1434,-911.9,-876.2600408819123,-808.0,2,(Sn0.50Bi0.50)1-xInx,synthetic_only
EXP_0054,(Sn0.50Bi0.50)1-xInx,813,0.0977,0.8046,0.0977,-729.4,-662.0770451503564,-832.0,2,(Sn0.50Bi0.50)1-xInx,synthetic_only
EXP_0055,(Sn0.50Bi0.50)1-xInx,813,0.0742499999999999,0.8515,0.0742499999999999,-565.3,-523.6854653340391,-856.0,2,(Sn0.50Bi0.50)1-xInx,synthetic_only
EXP_0056,(Sn0.50Bi0.50)1-xInx,813,0.05885,0.8823,0.05885,-457.4,-424.10568002824493,-848.0,2,(Sn0.50Bi0.50)1-xInx,synthetic_only
EXP_0057,(Sn0.50Bi0.50)1-xInx,813,0.0500499999999999,0.8999,0.0500499999999999,-383.4,-364.5433492692703,-864.0,2,(Sn0.50Bi0.50)1-xInx,synthetic_only
EXP_0058,(Sn0.50Bi0.50)1-xInx,855,0.44935,0.1013,0.44935,-168.2,-161.84246382191213,-640.0,2,(Sn0.50Bi0.50)1-xInx,synthetic_only
EXP_0059,(Sn0.50Bi0.50)1-xInx,855,0.3991,0.2018,0.3991,-409.9,-465.5403228352165,-664.0,2,(Sn0.50Bi0.50)1-xInx,synthetic_only
EXP_0060,(Sn0.50Bi0.50)1-xInx,855,0.3506,0.2988,0.3506,-632.3,-726.1366984192189,-688.0,2,(Sn0.50Bi0.50)1-xInx,synthetic_only
EXP_0061,(Sn0.50Bi0.50)1-xInx,855,0.29845,0.4031,0.29845,-871.9,-931.9429684127072,-720.0,2,(Sn0.50Bi0.50)1-xInx,synthetic_only
EXP_0062,(Sn0.50Bi0.50)1-xInx,855,0.23935,0.5213,0.23935,-1001.4,-1037.2391821872163,-752.0,2,(Sn0.50Bi0.50)1-xInx,synthetic_only
EXP_0063,(Sn0.50Bi0.50)1-xInx,855,0.1934,0.6132,0.1934,-1009.0,-1011.8662806335154,-776.0,2,(Sn0.50Bi0.50)1-xInx,synthetic_only
EXP_0064,(Sn0.50Bi0.50)1-xInx,855,0.12075,0.7585,0.12075,-795.7,-780.0355943614749,-816.0,2,(Sn0.50Bi0.50)1-xInx,synthetic_only
EXP_0065,(Sn0.50Bi0.50)1-xInx,855,0.0867999999999999,0.8264,0.0867999999999999,-596.2,-599.8918030492457,-840.0,2,(Sn0.50Bi0.50)1-xInx,synthetic_only
EXP_0066,(Sn0.50Bi0.50)1-xInx,855,0.0679,0.8642,0.0679,-480.0,-483.389010705209,-848.0,2,(Sn0.50Bi0.50)1-xInx,synthetic_only
EXP_0067,(Sn0.50Bi0.50)1-xInx,855,0.0554999999999999,0.889,0.0554999999999999,-402.2,-401.64360919947825,-856.0,2,(Sn0.50Bi0.50)1-xInx,synthetic_only
EXP_0068,(Sn0.50Bi0.50)1-xInx,855,0.0469499999999999,0.9061,0.0469499999999999,-346.6,-343.147550354593,-864.0,2,(Sn0.50Bi0.50)1-xInx,synthetic_only
EXP_0069,(Sn0.67Bi0.33)1-xInx,767,0.3012811203878265,0.0964,0.6023188796121735,-105.2,-17.095611218073884,-224.0,3,(Sn0.67Bi0.33)1-xInx,synthetic_only
EXP_0070,(Sn0.67Bi0.33)1-xInx,767,0.2647046054403447,0.2061,0.5291953945596553,-294.9,-232.92360062365114,-304.0,3,(Sn0.67Bi0.33)1-xInx,synthetic_only
EXP_0071,(Sn0.67Bi0.33)1-xInx,767,0.2286615674656611,0.3142,0.4571384325343388,-479.9,-465.9474604055292,-400.0,3,(Sn0.67Bi0.33)1-xInx,synthetic_only
EXP_0072,(Sn0.67Bi0.33)1-xInx,767,0.198986910853757,0.4032,0.3978130891462429,-631.6,-631.3701659050728,-464.0,3,(Sn0.67Bi0.33)1-xInx,synthetic_only
EXP_0073,(Sn0.67Bi0.33)1-xInx,767,0.1634440075410718,0.5098,0.326755992458928,-771.0,-761.5237399959877,-560.0,3,(Sn0.67Bi0.33)1-xInx,synthetic_only
EXP_0074,(Sn0.67Bi0.33)1-xInx,767,0.1288346889307837,0.6136,0.2575653110692162,-767.4,-791.8794791632954,-640.0,3,(Sn0.67Bi0.33)1-xInx,synthetic_only
EXP_0075,(Sn0.67Bi0.33)1-xInx,767,0.0994267708052787,0.7018,0.1987732291947212,-694.2,-732.7307715150952,-712.0,3,(Sn0.67Bi0.33)1-xInx,synthetic_only
EXP_0076,(Sn0.67Bi0.33)1-xInx,767,0.0689852410449771,0.7931,0.1379147589550228,-545.3,-588.4773832772142,-776.0,3,(Sn0.67Bi0.33)1-xInx,synthetic_only
EXP_0077,(Sn0.67Bi0.33)1-xInx,767,0.0528809049286291,0.8414,0.1057190950713708,-450.5,-480.13862032970763,-824.0,3,(Sn0.67Bi0.33)1-xInx,synthetic_only
EXP_0078,(Sn0.67Bi0.33)1-xInx,767,0.0426448155130622,0.8721,0.0852551844869378,-383.7,-400.83650433778644,-840.0,3,(Sn0.67Bi0.33)1-xInx,synthetic_only
EXP_0079,(Sn0.67Bi0.33)1-xInx,767,0.0359430110422838,0.8922,0.0718569889577161,-338.4,-344.87509750216185,-864.0,3,(Sn0.67Bi0.33)1-xInx,synthetic_only
EXP_0080,(Sn0.67Bi0.33)1-xInx,767,0.0309083221115001,0.9073,0.0617916778884998,-290.4,-300.87305000290144,-880.0,3,(Sn0.67Bi0.33)1-xInx,synthetic_only
EXP_0081,(Sn0.67Bi0.33)1-xInx,813,0.2980135739294371,0.1062,0.5957864260705629,-92.74,-33.67145141118169,-224.0,3,(Sn0.67Bi0.33)1-xInx,synthetic_only
EXP_0082,(Sn0.67Bi0.33)1-xInx,813,0.2613036897387557,0.2163,0.5223963102612443,-283.3,-255.07904586156064,-320.0,3,(Sn0.67Bi0.33)1-xInx,synthetic_only
EXP_0083,(Sn0.67Bi0.33)1-xInx,813,0.2319957985456504,0.3042,0.4638042014543495,-434.5,-445.2139695495892,-392.0,3,(Sn0.67Bi0.33)1-xInx,synthetic_only
EXP_0084,(Sn0.67Bi0.33)1-xInx,813,0.1966196067869647,0.4103,0.3930803932130353,-615.8,-642.668790691529,-464.0,3,(Sn0.67Bi0.33)1-xInx,synthetic_only
EXP_0085,(Sn0.67Bi0.33)1-xInx,813,0.1671783463506598,0.4986,0.3342216536493402,-747.8,-752.1982942509997,-544.0,3,(Sn0.67Bi0.33)1-xInx,synthetic_only
EXP_0086,(Sn0.67Bi0.33)1-xInx,813,0.1329357931591704,0.6013,0.2657642068408296,-748.3,-793.8051005951594,-624.0,3,(Sn0.67Bi0.33)1-xInx,synthetic_only
EXP_0087,(Sn0.67Bi0.33)1-xInx,813,0.0986598976568812,0.7041,0.1972401023431188,-669.1,-730.1201027433362,-704.0,3,(Sn0.67Bi0.33)1-xInx,synthetic_only
EXP_0088,(Sn0.67Bi0.33)1-xInx,813,0.0701522219229733,0.7896,0.1402477780770266,-521.1,-595.5022703883749,-776.0,3,(Sn0.67Bi0.33)1-xInx,synthetic_only
EXP_0089,(Sn0.67Bi0.33)1-xInx,813,0.0542812819822245,0.8372,0.1085187180177753,-433.1,-490.3777612363586,-816.0,3,(Sn0.67Bi0.33)1-xInx,synthetic_only
EXP_0090,(Sn0.67Bi0.33)1-xInx,813,0.0436450848370589,0.8691,0.087254915162941,-360.5,-408.9221570923217,-840.0,3,(Sn0.67Bi0.33)1-xInx,synthetic_only
EXP_0091,(Sn0.67Bi0.33)1-xInx,813,0.0366098572582817,0.8902,0.0731901427417183,-308.9,-350.5796300705834,-848.0,3,(Sn0.67Bi0.33)1-xInx,synthetic_only
EXP_0092,(Sn0.67Bi0.33)1-xInx,813,0.0315751683274979,0.9053,0.063124831672502,-263.3,-306.794031959745,-872.0,3,(Sn0.67Bi0.33)1-xInx,synthetic_only
EXP_0093,(Sn0.67Bi0.33)1-xInx,855,0.2985137085914354,0.1047,0.5967862914085644,-64.32,-31.087159011766545,-232.0,3,(Sn0.67Bi0.33)1-xInx,synthetic_only
EXP_0094,(Sn0.67Bi0.33)1-xInx,855,0.2625706975491516,0.2125,0.5249293024508483,-251.5,-246.80920919587095,-312.0,3,(Sn0.67Bi0.33)1-xInx,synthetic_only
EXP_0095,(Sn0.67Bi0.33)1-xInx,855,0.2332628063560463,0.3004,0.4663371936439536,-409.6,-437.2554988659731,-384.0,3,(Sn0.67Bi0.33)1-xInx,synthetic_only
EXP_0096,(Sn0.67Bi0.33)1-xInx,855,0.2012875302989496,0.3963,0.4024124697010504,-575.1,-620.0786937552448,-464.0,3,(Sn0.67Bi0.33)1-xInx,synthetic_only
EXP_0097,(Sn0.67Bi0.33)1-xInx,855,0.1632439536762725,0.5104,0.3263560463237274,-733.7,-761.9918674859347,-560.0,3,(Sn0.67Bi0.33)1-xInx,synthetic_only
EXP_0098,(Sn0.67Bi0.33)1-xInx,855,0.1314353891731753,0.6058,0.2627646108268247,-731.7,-793.2780223093378,-624.0,3,(Sn0.67Bi0.33)1-xInx,synthetic_only
EXP_0099,(Sn0.67Bi0.33)1-xInx,855,0.0979597091300834,0.7062,0.1958402908699164,-644.2,-727.6893108147347,-720.0,3,(Sn0.67Bi0.33)1-xInx,synthetic_only
EXP_0100,(Sn0.67Bi0.33)1-xInx,855,0.0682850525181793,0.7952,0.1365149474818206,-485.3,-584.2074424524316,-784.0,3,(Sn0.67Bi0.33)1-xInx,synthetic_only
EXP_0101,(Sn0.67Bi0.33)1-xInx,855,0.0524141125774306,0.8428,0.1047858874225693,-395.4,-476.69214567530224,-824.0,3,(Sn0.67Bi0.33)1-xInx,synthetic_only
EXP_0102,(Sn0.67Bi0.33)1-xInx,855,0.0429782386210611,0.8711,0.0859217613789388,-328.5,-403.53959088972755,-840.0,3,(Sn0.67Bi0.33)1-xInx,synthetic_only
EXP_0103,(Sn0.67Bi0.33)1-xInx,855,0.035876326420684,0.8924,0.0717236735793159,-267.3,-344.3030259777863,-864.0,3,(Sn0.67Bi0.33)1-xInx,synthetic_only
EXP_0104,(Sn0.67Bi0.33)1-xInx,855,0.0309083221115001,0.9073,0.0617916778884998,-218.0,-300.87305000290144,-880.0,3,(Sn0.67Bi0.33)1-xInx,synthetic_only
EXP_0001,(Sn0.33Bi0.67)1-xInx,767,0.6021023017902813,0.098,0.2998976982097187,-380.4,-319.3582266540738,-1000.0,1,(Sn0.33Bi0.67)1-xInx,combined
EXP_0002,(Sn0.33Bi0.67)1-xInx,767,0.5251373401534527,0.2133,0.2615626598465473,-841.6,-779.3981338969363,-984.0,1,(Sn0.33Bi0.67)1-xInx,combined
EXP_0003,(Sn0.33Bi0.67)1-xInx,767,0.4618565217391304,0.3081,0.2300434782608695,-1142.0,-1067.1245349076441,-960.0,1,(Sn0.33Bi0.67)1-xInx,combined
EXP_0004,(Sn0.33Bi0.67)1-xInx,767,0.3936360613810742,0.4103,0.1960639386189258,-1346.0,-1259.8994805704758,-944.0,1,(Sn0.33Bi0.67)1-xInx,combined
EXP_0005,(Sn0.33Bi0.67)1-xInx,767,0.3376312020460358,0.4942,0.1681687979539642,-1413.0,-1317.01093745515,-936.0,1,(Sn0.33Bi0.67)1-xInx,combined
EXP_0006,(Sn0.33Bi0.67)1-xInx,767,0.2652721227621483,0.6026,0.1321278772378516,-1389.0,-1252.6185423470095,-912.0,1,(Sn0.33Bi0.67)1-xInx,combined
EXP_0007,(Sn0.33Bi0.67)1-xInx,767,0.1933803069053708,0.7103,0.0963196930946291,-1227.0,-1043.68023917639,-904.0,1,(Sn0.33Bi0.67)1-xInx,combined
EXP_0008,(Sn0.33Bi0.67)1-xInx,767,0.1284974424552429,0.8075,0.064002557544757,-959.0,-750.7731052453768,-888.0,1,(Sn0.33Bi0.67)1-xInx,combined
EXP_0009,(Sn0.33Bi0.67)1-xInx,767,0.0966567774936061,0.8552,0.0481432225063938,-792.5,-579.2308365652174,-872.0,1,(Sn0.33Bi0.67)1-xInx,combined
EXP_0010,(Sn0.33Bi0.67)1-xInx,767,0.0771652173913043,0.8844,0.0384347826086956,-656.3,-467.5764374779218,-872.0,1,(Sn0.33Bi0.67)1-xInx,combined
EXP_0011,(Sn0.33Bi0.67)1-xInx,767,0.0642820971867008,0.9037,0.0320179028132992,-565.5,-391.63835530383426,-872.0,1,(Sn0.33Bi0.67)1-xInx,combined
EXP_0012,(Sn0.33Bi0.67)1-xInx,813,0.5984309462915601,0.1035,0.2980690537084399,-343.5,-343.3641489715695,-1000.0,1,(Sn0.33Bi0.67)1-xInx,combined
EXP_0013,(Sn0.33Bi0.67)1-xInx,813,0.527406905370844,0.2099,0.262693094629156,-758.4,-767.3730813353966,-984.0,1,(Sn0.33Bi0.67)1-xInx,combined
EXP_0014,(Sn0.33Bi0.67)1-xInx,813,0.4685984654731457,0.298,0.2334015345268542,-1050.0,-1041.151336327319,-960.0,1,(Sn0.33Bi0.67)1-xInx,combined
EXP_0015,(Sn0.33Bi0.67)1-xInx,813,0.3874948849104859,0.4195,0.193005115089514,-1304.0,-1270.717521110849,-944.0,1,(Sn0.33Bi0.67)1-xInx,combined
EXP_0016,(Sn0.33Bi0.67)1-xInx,813,0.3333590792838874,0.5006,0.1660409207161125,-1366.0,-1317.514604332184,-928.0,1,(Sn0.33Bi0.67)1-xInx,combined
EXP_0017,(Sn0.33Bi0.67)1-xInx,813,0.2529230179028133,0.6211,0.1259769820971867,-1307.0,-1226.5245309524773,-912.0,1,(Sn0.33Bi0.67)1-xInx,combined
EXP_0018,(Sn0.33Bi0.67)1-xInx,813,0.1969181585677749,0.705,0.098081841432225,-1173.0,-1057.0350576359806,-896.0,1,(Sn0.33Bi0.67)1-xInx,combined
EXP_0019,(Sn0.33Bi0.67)1-xInx,813,0.1327028132992327,0.8012,0.0660971867007672,-926.4,-772.2383975448727,-880.0,1,(Sn0.33Bi0.67)1-xInx,combined
EXP_0020,(Sn0.33Bi0.67)1-xInx,813,0.0991265984654731,0.8515,0.0493734015345268,-737.7,-593.0548894778041,-872.0,1,(Sn0.33Bi0.67)1-xInx,combined
EXP_0021,(Sn0.33Bi0.67)1-xInx,813,0.0787005115089514,0.8821,0.0391994884910485,-606.6,-476.52233197742123,-872.0,1,(Sn0.33Bi0.67)1-xInx,combined
EXP_0022,(Sn0.33Bi0.67)1-xInx,813,0.0653501278772378,0.9021,0.0325498721227621,-518.0,-397.9885869420851,-864.0,1,(Sn0.33Bi0.67)1-xInx,combined
EXP_0023,(Sn0.33Bi0.67)1-xInx,855,0.6008340153452686,0.0999,0.2992659846547315,-295.1,-327.6694967071145,-1000.0,1,(Sn0.33Bi0.67)1-xInx,combined
EXP_0024,(Sn0.33Bi0.67)1-xInx,855,0.5344158567774936,0.1994,0.2661841432225064,-658.9,-729.5638395364317,-976.0,1,(Sn0.33Bi0.67)1-xInx,combined
EXP_0025,(Sn0.33Bi0.67)1-xInx,855,0.4603212276214834,0.3104,0.2292787723785166,-1014.0,-1072.8730219980275,-968.0,1,(Sn0.33Bi0.67)1-xInx,combined
EXP_0026,(Sn0.33Bi0.67)1-xInx,855,0.3861598465473146,0.4215,0.1923401534526854,-1221.0,-1272.9221417605013,-952.0,1,(Sn0.33Bi0.67)1-xInx,combined
EXP_0027,(Sn0.33Bi0.67)1-xInx,855,0.3267506393861893,0.5105,0.1627493606138107,-1295.0,-1317.2170635260377,-936.0,1,(Sn0.33Bi0.67)1-xInx,combined
EXP_0028,(Sn0.33Bi0.67)1-xInx,855,0.26146726342711,0.6083,0.13023273657289,-1253.0,-1245.0329126207093,-920.0,1,(Sn0.33Bi0.67)1-xInx,combined
EXP_0029,(Sn0.33Bi0.67)1-xInx,855,0.1933803069053708,0.7103,0.0963196930946291,-1094.0,-1043.68023917639,-904.0,1,(Sn0.33Bi0.67)1-xInx,combined
EXP_0030,(Sn0.33Bi0.67)1-xInx,855,0.1365744245524296,0.7954,0.0680255754475703,-871.9,-791.7286753438465,-888.0,1,(Sn0.33Bi0.67)1-xInx,combined
EXP_0031,(Sn0.33Bi0.67)1-xInx,855,0.1047337595907928,0.8431,0.0521662404092071,-716.4,-624.1396949400765,-880.0,1,(Sn0.33Bi0.67)1-xInx,combined
EXP_0032,(Sn0.33Bi0.67)1-xInx,855,0.0873115089514066,0.8692,0.0434884910485933,-603.6,-526.2376649151946,-872.0,1,(Sn0.33Bi0.67)1-xInx,combined
EXP_0033,(Sn0.33Bi0.67)1-xInx,855,0.0740946291560102,0.889,0.0369053708439897,-524.9,-449.614884582801,-872.0,1,(Sn0.33Bi0.67)1-xInx,combined
EXP_0034,(Sn0.33Bi0.67)1-xInx,855,0.064549104859335,0.9033,0.0321508951406649,-449.5,-393.22677338615034,-864.0,1,(Sn0.33Bi0.67)1-xInx,combined
EXP_0035,(Sn0.50Bi0.50)1-xInx,767,0.44675,0.1065,0.44675,-250.0,-177.68127661798496,-640.0,2,(Sn0.50Bi0.50)1-xInx,combined
EXP_0036,(Sn0.50Bi0.50)1-xInx,767,0.40015,0.1997,0.40015,-490.0,-459.4003160607007,-664.0,2,(Sn0.50Bi0.50)1-xInx,combined
EXP_0037,(Sn0.50Bi0.50)1-xInx,767,0.34925,0.3015,0.34925,-725.3,-732.5779277217148,-696.0,2,(Sn0.50Bi0.50)1-xInx,combined
EXP_0038,(Sn0.50Bi0.50)1-xInx,767,0.28945,0.4211,0.28945,-978.1,-957.4354982094574,-728.0,2,(Sn0.50Bi0.50)1-xInx,combined
EXP_0039,(Sn0.50Bi0.50)1-xInx,767,0.2435,0.513,0.2435,-1063.0,-1034.803545342359,-756.0,2,(Sn0.50Bi0.50)1-xInx,combined
EXP_0040,(Sn0.50Bi0.50)1-xInx,767,0.1955,0.609,0.1955,-1091.0,-1015.126981652759,-784.0,2,(Sn0.50Bi0.50)1-xInx,combined
EXP_0041,(Sn0.50Bi0.50)1-xInx,767,0.1503499999999999,0.6993,0.1503499999999999,-984.0,-901.5973965990419,-808.0,2,(Sn0.50Bi0.50)1-xInx,combined
EXP_0042,(Sn0.50Bi0.50)1-xInx,767,0.1014499999999999,0.7971,0.1014499999999999,-781.9,-682.555710823105,-832.0,2,(Sn0.50Bi0.50)1-xInx,combined
EXP_0043,(Sn0.50Bi0.50)1-xInx,767,0.0769,0.8462,0.0769,-638.5,-540.1664285223325,-848.0,2,(Sn0.50Bi0.50)1-xInx,combined
EXP_0044,(Sn0.50Bi0.50)1-xInx,767,0.06175,0.8765,0.06175,-521.9,-443.32979257888985,-856.0,2,(Sn0.50Bi0.50)1-xInx,combined
EXP_0045,(Sn0.50Bi0.50)1-xInx,767,0.0524,0.8952,0.0524,-447.2,-380.62314556403675,-868.0,2,(Sn0.50Bi0.50)1-xInx,combined
EXP_0046,(Sn0.50Bi0.50)1-xInx,767,0.0464499999999999,0.9071,0.0464499999999999,-398.7,-339.6775238628549,-864.0,2,(Sn0.50Bi0.50)1-xInx,combined
EXP_0047,(Sn0.50Bi0.50)1-xInx,813,0.45235,0.0953,0.45235,-183.7,-143.6106112349837,-636.0,2,(Sn0.50Bi0.50)1-xInx,combined
EXP_0048,(Sn0.50Bi0.50)1-xInx,813,0.39685,0.2063,0.39685,-454.8,-478.64445535628374,-668.0,2,(Sn0.50Bi0.50)1-xInx,combined
EXP_0049,(Sn0.50Bi0.50)1-xInx,813,0.3443,0.3114,0.3443,-709.4,-755.7426507966974,-696.0,2,(Sn0.50Bi0.50)1-xInx,combined
EXP_0050,(Sn0.50Bi0.50)1-xInx,813,0.2981,0.4038,0.2981,-906.3,-932.9941406480763,-720.0,2,(Sn0.50Bi0.50)1-xInx,combined
EXP_0051,(Sn0.50Bi0.50)1-xInx,813,0.2509,0.4982,0.2509,-1017.0,-1028.5460520368104,-752.0,2,(Sn0.50Bi0.50)1-xInx,combined
EXP_0052,(Sn0.50Bi0.50)1-xInx,813,0.1977999999999999,0.6044,0.1977999999999999,-1066.0,-1018.4680591379805,-780.0,2,(Sn0.50Bi0.50)1-xInx,combined
EXP_0053,(Sn0.50Bi0.50)1-xInx,813,0.1434,0.7132,0.1434,-911.9,-876.2600408819123,-812.0,2,(Sn0.50Bi0.50)1-xInx,combined
EXP_0054,(Sn0.50Bi0.50)1-xInx,813,0.0977,0.8046,0.0977,-729.4,-662.0770451503564,-840.0,2,(Sn0.50Bi0.50)1-xInx,combined
EXP_0055,(Sn0.50Bi0.50)1-xInx,813,0.0742499999999999,0.8515,0.0742499999999999,-565.3,-523.6854653340391,-848.0,2,(Sn0.50Bi0.50)1-xInx,combined
EXP_0056,(Sn0.50Bi0.50)1-xInx,813,0.05885,0.8823,0.05885,-457.4,-424.10568002824493,-860.0,2,(Sn0.50Bi0.50)1-xInx,combined
EXP_0057,(Sn0.50Bi0.50)1-xInx,813,0.0500499999999999,0.8999,0.0500499999999999,-383.4,-364.5433492692703,-864.0,2,(Sn0.50Bi0.50)1-xInx,combined
EXP_0058,(Sn0.50Bi0.50)1-xInx,855,0.44935,0.1013,0.44935,-168.2,-161.84246382191213,-640.0,2,(Sn0.50Bi0.50)1-xInx,combined
EXP_0059,(Sn0.50Bi0.50)1-xInx,855,0.3991,0.2018,0.3991,-409.9,-465.5403228352165,-664.0,2,(Sn0.50Bi0.50)1-xInx,combined
EXP_0060,(Sn0.50Bi0.50)1-xInx,855,0.3506,0.2988,0.3506,-632.3,-726.1366984192189,-696.0,2,(Sn0.50Bi0.50)1-xInx,combined
EXP_0061,(Sn0.50Bi0.50)1-xInx,855,0.29845,0.4031,0.29845,-871.9,-931.9429684127072,-724.0,2,(Sn0.50Bi0.50)1-xInx,combined
EXP_0062,(Sn0.50Bi0.50)1-xInx,855,0.23935,0.5213,0.23935,-1001.4,-1037.2391821872163,-760.0,2,(Sn0.50Bi0.50)1-xInx,combined
EXP_0063,(Sn0.50Bi0.50)1-xInx,855,0.1934,0.6132,0.1934,-1009.0,-1011.8662806335154,-784.0,2,(Sn0.50Bi0.50)1-xInx,combined
EXP_0064,(Sn0.50Bi0.50)1-xInx,855,0.12075,0.7585,0.12075,-795.7,-780.0355943614749,-824.0,2,(Sn0.50Bi0.50)1-xInx,combined
EXP_0065,(Sn0.50Bi0.50)1-xInx,855,0.0867999999999999,0.8264,0.0867999999999999,-596.2,-599.8918030492457,-844.0,2,(Sn0.50Bi0.50)1-xInx,combined
EXP_0066,(Sn0.50Bi0.50)1-xInx,855,0.0679,0.8642,0.0679,-480.0,-483.389010705209,-856.0,2,(Sn0.50Bi0.50)1-xInx,combined
EXP_0067,(Sn0.50Bi0.50)1-xInx,855,0.0554999999999999,0.889,0.0554999999999999,-402.2,-401.64360919947825,-860.0,2,(Sn0.50Bi0.50)1-xInx,combined
EXP_0068,(Sn0.50Bi0.50)1-xInx,855,0.0469499999999999,0.9061,0.0469499999999999,-346.6,-343.147550354593,-864.0,2,(Sn0.50Bi0.50)1-xInx,combined
EXP_0069,(Sn0.67Bi0.33)1-xInx,767,0.3012811203878265,0.0964,0.6023188796121735,-105.2,-17.095611218073884,-240.0,3,(Sn0.67Bi0.33)1-xInx,combined
EXP_0070,(Sn0.67Bi0.33)1-xInx,767,0.2647046054403447,0.2061,0.5291953945596553,-294.9,-232.92360062365114,-320.0,3,(Sn0.67Bi0.33)1-xInx,combined
EXP_0071,(Sn0.67Bi0.33)1-xInx,767,0.2286615674656611,0.3142,0.4571384325343388,-479.9,-465.9474604055292,-416.0,3,(Sn0.67Bi0.33)1-xInx,combined
EXP_0072,(Sn0.67Bi0.33)1-xInx,767,0.198986910853757,0.4032,0.3978130891462429,-631.6,-631.3701659050728,-480.0,3,(Sn0.67Bi0.33)1-xInx,combined
EXP_0073,(Sn0.67Bi0.33)1-xInx,767,0.1634440075410718,0.5098,0.326755992458928,-771.0,-761.5237399959877,-576.0,3,(Sn0.67Bi0.33)1-xInx,combined
EXP_0074,(Sn0.67Bi0.33)1-xInx,767,0.1288346889307837,0.6136,0.2575653110692162,-767.4,-791.8794791632954,-648.0,3,(Sn0.67Bi0.33)1-xInx,combined
EXP_0075,(Sn0.67Bi0.33)1-xInx,767,0.0994267708052787,0.7018,0.1987732291947212,-694.2,-732.7307715150952,-720.0,3,(Sn0.67Bi0.33)1-xInx,combined
EXP_0076,(Sn0.67Bi0.33)1-xInx,767,0.0689852410449771,0.7931,0.1379147589550228,-545.3,-588.4773832772142,-784.0,3,(Sn0.67Bi0.33)1-xInx,combined
EXP_0077,(Sn0.67Bi0.33)1-xInx,767,0.0528809049286291,0.8414,0.1057190950713708,-450.5,-480.13862032970763,-832.0,3,(Sn0.67Bi0.33)1-xInx,combined
EXP_0078,(Sn0.67Bi0.33)1-xInx,767,0.0426448155130622,0.8721,0.0852551844869378,-383.7,-400.83650433778644,-856.0,3,(Sn0.67Bi0.33)1-xInx,combined
EXP_0079,(Sn0.67Bi0.33)1-xInx,767,0.0359430110422838,0.8922,0.0718569889577161,-338.4,-344.87509750216185,-872.0,3,(Sn0.67Bi0.33)1-xInx,combined
EXP_0080,(Sn0.67Bi0.33)1-xInx,767,0.0309083221115001,0.9073,0.0617916778884998,-290.4,-300.87305000290144,-888.0,3,(Sn0.67Bi0.33)1-xInx,combined
EXP_0081,(Sn0.67Bi0.33)1-xInx,813,0.2980135739294371,0.1062,0.5957864260705629,-92.74,-33.67145141118169,-240.0,3,(Sn0.67Bi0.33)1-xInx,combined
EXP_0082,(Sn0.67Bi0.33)1-xInx,813,0.2613036897387557,0.2163,0.5223963102612443,-283.3,-255.07904586156064,-336.0,3,(Sn0.67Bi0.33)1-xInx,combined
EXP_0083,(Sn0.67Bi0.33)1-xInx,813,0.2319957985456504,0.3042,0.4638042014543495,-434.5,-445.2139695495892,-400.0,3,(Sn0.67Bi0.33)1-xInx,combined
EXP_0084,(Sn0.67Bi0.33)1-xInx,813,0.1966196067869647,0.4103,0.3930803932130353,-615.8,-642.668790691529,-480.0,3,(Sn0.67Bi0.33)1-xInx,combined
EXP_0085,(Sn0.67Bi0.33)1-xInx,813,0.1671783463506598,0.4986,0.3342216536493402,-747.8,-752.1982942509997,-552.0,3,(Sn0.67Bi0.33)1-xInx,combined
EXP_0086,(Sn0.67Bi0.33)1-xInx,813,0.1329357931591704,0.6013,0.2657642068408296,-748.3,-793.8051005951594,-640.0,3,(Sn0.67Bi0.33)1-xInx,combined
EXP_0087,(Sn0.67Bi0.33)1-xInx,813,0.0986598976568812,0.7041,0.1972401023431188,-669.1,-730.1201027433362,-720.0,3,(Sn0.67Bi0.33)1-xInx,combined
EXP_0088,(Sn0.67Bi0.33)1-xInx,813,0.0701522219229733,0.7896,0.1402477780770266,-521.1,-595.5022703883749,-792.0,3,(Sn0.67Bi0.33)1-xInx,combined
EXP_0089,(Sn0.67Bi0.33)1-xInx,813,0.0542812819822245,0.8372,0.1085187180177753,-433.1,-490.3777612363586,-832.0,3,(Sn0.67Bi0.33)1-xInx,combined
EXP_0090,(Sn0.67Bi0.33)1-xInx,813,0.0436450848370589,0.8691,0.087254915162941,-360.5,-408.9221570923217,-848.0,3,(Sn0.67Bi0.33)1-xInx,combined
EXP_0091,(Sn0.67Bi0.33)1-xInx,813,0.0366098572582817,0.8902,0.0731901427417183,-308.9,-350.5796300705834,-864.0,3,(Sn0.67Bi0.33)1-xInx,combined
EXP_0092,(Sn0.67Bi0.33)1-xInx,813,0.0315751683274979,0.9053,0.063124831672502,-263.3,-306.794031959745,-880.0,3,(Sn0.67Bi0.33)1-xInx,combined
EXP_0093,(Sn0.67Bi0.33)1-xInx,855,0.2985137085914354,0.1047,0.5967862914085644,-64.32,-31.087159011766545,-248.0,3,(Sn0.67Bi0.33)1-xInx,combined
EXP_0094,(Sn0.67Bi0.33)1-xInx,855,0.2625706975491516,0.2125,0.5249293024508483,-251.5,-246.80920919587095,-328.0,3,(Sn0.67Bi0.33)1-xInx,combined
EXP_0095,(Sn0.67Bi0.33)1-xInx,855,0.2332628063560463,0.3004,0.4663371936439536,-409.6,-437.2554988659731,-400.0,3,(Sn0.67Bi0.33)1-xInx,combined
EXP_0096,(Sn0.67Bi0.33)1-xInx,855,0.2012875302989496,0.3963,0.4024124697010504,-575.1,-620.0786937552448,-480.0,3,(Sn0.67Bi0.33)1-xInx,combined
EXP_0097,(Sn0.67Bi0.33)1-xInx,855,0.1632439536762725,0.5104,0.3263560463237274,-733.7,-761.9918674859347,-576.0,3,(Sn0.67Bi0.33)1-xInx,combined
EXP_0098,(Sn0.67Bi0.33)1-xInx,855,0.1314353891731753,0.6058,0.2627646108268247,-731.7,-793.2780223093378,-640.0,3,(Sn0.67Bi0.33)1-xInx,combined
EXP_0099,(Sn0.67Bi0.33)1-xInx,855,0.0979597091300834,0.7062,0.1958402908699164,-644.2,-727.6893108147347,-736.0,3,(Sn0.67Bi0.33)1-xInx,combined
EXP_0100,(Sn0.67Bi0.33)1-xInx,855,0.0682850525181793,0.7952,0.1365149474818206,-485.3,-584.2074424524316,-800.0,3,(Sn0.67Bi0.33)1-xInx,combined
EXP_0101,(Sn0.67Bi0.33)1-xInx,855,0.0524141125774306,0.8428,0.1047858874225693,-395.4,-476.69214567530224,-832.0,3,(Sn0.67Bi0.33)1-xInx,combined
EXP_0102,(Sn0.67Bi0.33)1-xInx,855,0.0429782386210611,0.8711,0.0859217613789388,-328.5,-403.53959088972755,-856.0,3,(Sn0.67Bi0.33)1-xInx,combined
EXP_0103,(Sn0.67Bi0.33)1-xInx,855,0.035876326420684,0.8924,0.0717236735793159,-267.3,-344.3030259777863,-872.0,3,(Sn0.67Bi0.33)1-xInx,combined
EXP_0104,(Sn0.67Bi0.33)1-xInx,855,0.0309083221115001,0.9073,0.0617916778884998,-218.0,-300.87305000290144,-888.0,3,(Sn0.67Bi0.33)1-xInx,combined
