experiment_id,cross_section,temperature_K,xBi,xIn,xSn,experimental_delta_mixH,rkm_prediction,ml_prediction,fold,held_out_section,feature_set
EXP_0001,(Sn0.33Bi0.67)1-xInx,767,0.6021023017902813,0.098,0.2998976982097187,-380.4,-319.3582266540738,-256.74830578602143,1,(Sn0.33Bi0.67)1-xInx,composition_temperature_3vars
EXP_0002,(Sn0.33Bi0.67)1-xInx,767,0.5251373401534527,0.2133,0.2615626598465473,-841.6,-779.3981338969363,-774.139465315713,1,(Sn0.33Bi0.67)1-xInx,composition_temperature_3vars
EXP_0003,(Sn0.33Bi0.67)1-xInx,767,0.4618565217391304,0.3081,0.2300434782608695,-1142.0,-1067.1245349076441,-1080.5093586868607,1,(Sn0.33Bi0.67)1-xInx,composition_temperature_3vars
EXP_0004,(Sn0.33Bi0.67)1-xInx,767,0.3936360613810742,0.4103,0.1960639386189258,-1346.0,-1259.8994805704758,-1290.4731789154944,1,(Sn0.33Bi0.67)1-xInx,composition_temperature_3vars
EXP_0005,(Sn0.33Bi0.67)1-xInx,767,0.3376312020460358,0.4942,0.1681687979539642,-1413.0,-1317.01093745515,-1369.5297630012326,1,(Sn0.33Bi0.67)1-xInx,composition_temperature_3vars
EXP_0006,(Sn0.33Bi0.67)1-xInx,767,0.2652721227621483,0.6026,0.1321278772378516,-1389.0,-1252.6185423470095,-1347.0964085956455,1,(Sn0.33Bi0.67)1-xInx,composition_temperature_3vars
EXP_0007,(Sn0.33Bi0.67)1-xInx,767,0.1933803069053708,0.7103,0.0963196930946291,-1227.0,-1043.68023917639,-1185.71825354626,1,(Sn0.33Bi0.67)1-xInx,composition_temperature_3vars
EXP_0008,(Sn0.33Bi0.67)1-xInx,767,0.1284974424552429,0.8075,0.064002557544757,-959.0,-750.7731052453768,-921.0498725465214,1,(Sn0.33Bi0.67)1-xInx,composition_temperature_3vars
EXP_0009,(Sn0.33Bi0.67)1-xInx,767,0.0966567774936061,0.8552,0.0481432225063938,-792.5,-579.2308365652174,-749.8605038801684,1,(Sn0.33Bi0.67)1-xInx,composition_temperature_3vars
EXP_0010,(Sn0.33Bi0.67)1-xInx,767,0.0771652173913043,0.8844,0.0384347826086956,-656.3,-467.5764374779218,-631.6459198052111,1,(Sn0.33Bi0.67)1-xInx,composition_temperature_3vars
EXP_0011,(Sn0.33Bi0.67)1-xInx,767,0.0642820971867008,0.9037,0.0320179028132992,-565.5,-391.63835530383426,-547.9169252678718,1,(Sn0.33Bi0.67)1-xInx,composition_temperature_3vars
EXP_0012,(Sn0.33Bi0.67)1-xInx,813,0.5984309462915601,0.1035,0.2980690537084399,-343.5,-343.3641489715695,-220.57315635743214,1,(Sn0.33Bi0.67)1-xInx,composition_temperature_3vars
EXP_0013,(Sn0.33Bi0.67)1-xInx,813,0.527406905370844,0.2099,0.262693094629156,-758.4,-767.3730813353966,-700.1635467250137,1,(Sn0.33Bi0.67)1-xInx,composition_temperature_3vars
EXP_0014,(Sn0.33Bi0.67)1-xInx,813,0.4685984654731457,0.298,0.2334015345268542,-1050.0,-1041.151336327319,-994.8632919106724,1,(Sn0.33Bi0.67)1-xInx,composition_temperature_3vars
EXP_0015,(Sn0.33Bi0.67)1-xInx,813,0.3874948849104859,0.4195,0.193005115089514,-1304.0,-1270.717521110849,-1249.0959820248604,1,(Sn0.33Bi0.67)1-xInx,composition_temperature_3vars
EXP_0016,(Sn0.33Bi0.67)1-xInx,813,0.3333590792838874,0.5006,0.1660409207161125,-1366.0,-1317.514604332184,-1320.5997468048145,1,(Sn0.33Bi0.67)1-xInx,composition_temperature_3vars
EXP_0017,(Sn0.33Bi0.67)1-xInx,813,0.2529230179028133,0.6211,0.1259769820971867,-1307.0,-1226.5245309524773,-1281.66308174732,1,(Sn0.33Bi0.67)1-xInx,composition_temperature_3vars
EXP_0018,(Sn0.33Bi0.67)1-xInx,813,0.1969181585677749,0.705,0.098081841432225,-1173.0,-1057.0350576359806,-1152.0661852944488,1,(Sn0.33Bi0.67)1-xInx,composition_temperature_3vars
EXP_0019,(Sn0.33Bi0.67)1-xInx,813,0.1327028132992327,0.8012,0.0660971867007672,-926.4,-772.2383975448727,-899.9287861870314,1,(Sn0.33Bi0.67)1-xInx,composition_temperature_3vars
EXP_0020,(Sn0.33Bi0.67)1-xInx,813,0.0991265984654731,0.8515,0.0493734015345268,-737.7,-593.0548894778041,-724.055705796766,1,(Sn0.33Bi0.67)1-xInx,composition_temperature_3vars
EXP_0021,(Sn0.33Bi0.67)1-xInx,813,0.0787005115089514,0.8821,0.0391994884910485,-606.6,-476.52233197742123,-602.2690375689878,1,(Sn0.33Bi0.67)1-xInx,composition_temperature_3vars
EXP_0022,(Sn0.33Bi0.67)1-xInx,813,0.0653501278772378,0.9021,0.0325498721227621,-518.0,-397.9885869420851,-516.6220037846911,1,(Sn0.33Bi0.67)1-xInx,composition_temperature_3vars
EXP_0023,(Sn0.33Bi0.67)1-xInx,855,0.6008340153452686,0.0999,0.2992659846547315,-295.1,-327.6694967071145,-142.27508406942576,1,(Sn0.33Bi0.67)1-xInx,composition_temperature_3vars
EXP_0024,(Sn0.33Bi0.67)1-xInx,855,0.5344158567774936,0.1994,0.2661841432225064,-658.9,-729.5638395364317,-602.1129728664937,1,(Sn0.33Bi0.67)1-xInx,composition_temperature_3vars
EXP_0025,(Sn0.33Bi0.67)1-xInx,855,0.4603212276214834,0.3104,0.2292787723785166,-1014.0,-1072.8730219980275,-975.4612881944747,1,(Sn0.33Bi0.67)1-xInx,composition_temperature_3vars
EXP_0026,(Sn0.33Bi0.67)1-xInx,855,0.3861598465473146,0.4215,0.1923401534526854,-1221.0,-1272.9221417605013,-1201.6816138609834,1,(Sn0.33Bi0.67)1-xInx,composition_temperature_3vars
EXP_0027,(Sn0.33Bi0.67)1-xInx,855,0.3267506393861893,0.5105,0.1627493606138107,-1295.0,-1317.2170635260377,-1276.4728476806604,1,(Sn0.33Bi0.67)1-xInx,composition_temperature_3vars
EXP_0028,(Sn0.33Bi0.67)1-xInx,855,0.26146726342711,0.6083,0.13023273657289,-1253.0,-1245.0329126207093,-1249.479916647655,1,(Sn0.33Bi0.67)1-xInx,composition_temperature_3vars
EXP_0029,(Sn0.33Bi0.67)1-xInx,855,0.1933803069053708,0.7103,0.0963196930946291,-1094.0,-1043.68023917639,-1099.5354193981002,1,(Sn0.33Bi0.67)1-xInx,composition_temperature_3vars
EXP_0030,(Sn0.33Bi0.67)1-xInx,855,0.1365744245524296,0.7954,0.0680255754475703,-871.9,-791.7286753438465,-879.2805159876394,1,(Sn0.33Bi0.67)1-xInx,composition_temperature_3vars
EXP_0031,(Sn0.33Bi0.67)1-xInx,855,0.1047337595907928,0.8431,0.0521662404092071,-716.4,-624.1396949400765,-717.9673559779706,1,(Sn0.33Bi0.67)1-xInx,composition_temperature_3vars
EXP_0032,(Sn0.33Bi0.67)1-xInx,855,0.0873115089514066,0.8692,0.0434884910485933,-603.6,-526.2376649151946,-618.1904471049662,1,(Sn0.33Bi0.67)1-xInx,composition_temperature_3vars
EXP_0033,(Sn0.33Bi0.67)1-xInx,855,0.0740946291560102,0.889,0.0369053708439897,-524.9,-449.614884582801,-537.0663387388646,1,(Sn0.33Bi0.67)1-xInx,composition_temperature_3vars
EXP_0034,(Sn0.33Bi0.67)1-xInx,855,0.064549104859335,0.9033,0.0321508951406649,-449.5,-393.22677338615034,-475.5625354163505,1,(Sn0.33Bi0.67)1-xInx,composition_temperature_3vars
EXP_0035,(Sn0.50Bi0.50)1-xInx,767,0.44675,0.1065,0.44675,-250.0,-177.68127661798496,-263.8412967356935,2,(Sn0.50Bi0.50)1-xInx,composition_temperature_3vars
EXP_0036,(Sn0.50Bi0.50)1-xInx,767,0.40015,0.1997,0.40015,-490.0,-459.4003160607007,-586.1338416107675,2,(Sn0.50Bi0.50)1-xInx,composition_temperature_3vars
EXP_0037,(Sn0.50Bi0.50)1-xInx,767,0.34925,0.3015,0.34925,-725.3,-732.5779277217148,-847.1515679170932,2,(Sn0.50Bi0.50)1-xInx,composition_temperature_3vars
EXP_0038,(Sn0.50Bi0.50)1-xInx,767,0.28945,0.4211,0.28945,-978.1,-957.4354982094574,-1032.4041391659307,2,(Sn0.50Bi0.50)1-xInx,composition_temperature_3vars
EXP_0039,(Sn0.50Bi0.50)1-xInx,767,0.2435,0.513,0.2435,-1063.0,-1034.803545342359,-1085.6357882061125,2,(Sn0.50Bi0.50)1-xInx,composition_temperature_3vars
EXP_0040,(Sn0.50Bi0.50)1-xInx,767,0.1955,0.609,0.1955,-1091.0,-1015.126981652759,-1058.5385750458086,2,(Sn0.50Bi0.50)1-xInx,composition_temperature_3vars
EXP_0041,(Sn0.50Bi0.50)1-xInx,767,0.1503499999999999,0.6993,0.1503499999999999,-984.0,-901.5973965990419,-955.919490975765,2,(Sn0.50Bi0.50)1-xInx,composition_temperature_3vars
EXP_0042,(Sn0.50Bi0.50)1-xInx,767,0.1014499999999999,0.7971,0.1014499999999999,-781.9,-682.555710823105,-760.4331287032138,2,(Sn0.50Bi0.50)1-xInx,composition_temperature_3vars
EXP_0043,(Sn0.50Bi0.50)1-xInx,767,0.0769,0.8462,0.0769,-638.5,-540.1664285223325,-629.22047363823,2,(Sn0.50Bi0.50)1-xInx,composition_temperature_3vars
EXP_0044,(Sn0.50Bi0.50)1-xInx,767,0.06175,0.8765,0.06175,-521.9,-443.32979257888985,-537.2177294253895,2,(Sn0.50Bi0.50)1-xInx,composition_temperature_3vars
EXP_0045,(Sn0.50Bi0.50)1-xInx,767,0.0524,0.8952,0.0524,-447.2,-380.62314556403675,-476.2360413010903,2,(Sn0.50Bi0.50)1-xInx,composition_temperature_3vars
EXP_0046,(Sn0.50Bi0.50)1-xInx,767,0.0464499999999999,0.9071,0.0464499999999999,-398.7,-339.6775238628549,-435.75997784056074,2,(Sn0.50Bi0.50)1-xInx,composition_temperature_3vars
EXP_0047,(Sn0.50Bi0.50)1-xInx,813,0.45235,0.0953,0.45235,-183.7,-143.6106112349837,-175.8334769679136,2,(Sn0.50Bi0.50)1-xInx,composition_temperature_3vars
EXP_0048,(Sn0.50Bi0.50)1-xInx,813,0.39685,0.2063,0.39685,-454.8,-478.64445535628374,-561.9396787717906,2,(Sn0.50Bi0.50)1-xInx,composition_temperature_3vars
EXP_0049,(Sn0.50Bi0.50)1-xInx,813,0.3443,0.3114,0.3443,-709.4,-755.7426507966974,-823.3910409615729,2,(Sn0.50Bi0.50)1-xInx,composition_temperature_3vars
EXP_0050,(Sn0.50Bi0.50)1-xInx,813,0.2981,0.4038,0.2981,-906.3,-932.9941406480763,-969.5800297766367,2,(Sn0.50Bi0.50)1-xInx,composition_temperature_3vars
EXP_0051,(Sn0.50Bi0.50)1-xInx,813,0.2509,0.4982,0.2509,-1017.0,-1028.5460520368104,-1038.0840471559295,2,(Sn0.50Bi0.50)1-xInx,composition_temperature_3vars
EXP_0052,(Sn0.50Bi0.50)1-xInx,813,0.1977999999999999,0.6044,0.1977999999999999,-1066.0,-1018.4680591379805,-1017.4762745879162,2,(Sn0.50Bi0.50)1-xInx,composition_temperature_3vars
EXP_0053,(Sn0.50Bi0.50)1-xInx,813,0.1434,0.7132,0.1434,-911.9,-876.2600408819123,-889.1146953079759,2,(Sn0.50Bi0.50)1-xInx,composition_temperature_3vars
EXP_0054,(Sn0.50Bi0.50)1-xInx,813,0.0977,0.8046,0.0977,-729.4,-662.0770451503564,-697.3862906967681,2,(Sn0.50Bi0.50)1-xInx,composition_temperature_3vars
EXP_0055,(Sn0.50Bi0.50)1-xInx,813,0.0742499999999999,0.8515,0.0742499999999999,-565.3,-523.6854653340391,-569.2661600687553,2,(Sn0.50Bi0.50)1-xInx,composition_temperature_3vars
EXP_0056,(Sn0.50Bi0.50)1-xInx,813,0.05885,0.8823,0.05885,-457.4,-424.10568002824493,-474.15523872432505,2,(Sn0.50Bi0.50)1-xInx,composition_temperature_3vars
EXP_0057,(Sn0.50Bi0.50)1-xInx,813,0.0500499999999999,0.8999,0.0500499999999999,-383.4,-364.5433492692703,-415.9005649363679,2,(Sn0.50Bi0.50)1-xInx,composition_temperature_3vars
EXP_0058,(Sn0.50Bi0.50)1-xInx,855,0.44935,0.1013,0.44935,-168.2,-161.84246382191213,-155.94332852645516,2,(Sn0.50Bi0.50)1-xInx,composition_temperature_3vars
EXP_0059,(Sn0.50Bi0.50)1-xInx,855,0.3991,0.2018,0.3991,-409.9,-465.5403228352165,-504.7677547318152,2,(Sn0.50Bi0.50)1-xInx,composition_temperature_3vars
EXP_0060,(Sn0.50Bi0.50)1-xInx,855,0.3506,0.2988,0.3506,-632.3,-726.1366984192189,-753.6094147077487,2,(Sn0.50Bi0.50)1-xInx,composition_temperature_3vars
EXP_0061,(Sn0.50Bi0.50)1-xInx,855,0.29845,0.4031,0.29845,-871.9,-931.9429684127072,-924.9162775818581,2,(Sn0.50Bi0.50)1-xInx,composition_temperature_3vars
EXP_0062,(Sn0.50Bi0.50)1-xInx,855,0.23935,0.5213,0.23935,-1001.4,-1037.2391821872163,-998.4733106467329,2,(Sn0.50Bi0.50)1-xInx,composition_temperature_3vars
EXP_0063,(Sn0.50Bi0.50)1-xInx,855,0.1934,0.6132,0.1934,-1009.0,-1011.8662806335154,-967.1380467172248,2,(Sn0.50Bi0.50)1-xInx,composition_temperature_3vars
EXP_0064,(Sn0.50Bi0.50)1-xInx,855,0.12075,0.7585,0.12075,-795.7,-780.0355943614749,-759.5766276489574,2,(Sn0.50Bi0.50)1-xInx,composition_temperature_3vars
EXP_0065,(Sn0.50Bi0.50)1-xInx,855,0.0867999999999999,0.8264,0.0867999999999999,-596.2,-599.8918030492457,-596.2094396247724,2,(Sn0.50Bi0.50)1-xInx,composition_temperature_3vars
EXP_0066,(Sn0.50Bi0.50)1-xInx,855,0.0679,0.8642,0.0679,-480.0,-483.389010705209,-486.9440919283479,2,(Sn0.50Bi0.50)1-xInx,composition_temperature_3vars
EXP_0067,(Sn0.50Bi0.50)1-xInx,855,0.0554999999999999,0.889,0.0554999999999999,-402.2,-401.64360919947825,-408.13885449160944,2,(Sn0.50Bi0.50)1-xInx,composition_temperature_3vars
EXP_0068,(Sn0.50Bi0.50)1-xInx,855,0.0469499999999999,0.9061,0.0469499999999999,-346.6,-343.147550354593,-350.5163585387363,2,(Sn0.50Bi0.50)1-xInx,composition_temperature_3vars
EXP_0069,(Sn0.67Bi0.33)1-xInx,767,0.3012811203878265,0.0964,0.6023188796121735,-105.2,-17.095611218073884,130.47625495301054,3,(Sn0.67Bi0.33)1-xInx,composition_temperature_3vars
EXP_0070,(Sn0.67Bi0.33)1-xInx,767,0.2647046054403447,0.2061,0.5291953945596553,-294.9,-232.92360062365114,-202.42101825178474,3,(Sn0.67Bi0.33)1-xInx,composition_temperature_3vars
EXP_0071,(Sn0.67Bi0.33)1-xInx,767,0.2286615674656611,0.3142,0.4571384325343388,-479.9,-465.9474604055292,-447.7704632375322,3,(Sn0.67Bi0.33)1-xInx,composition_temperature_3vars
EXP_0072,(Sn0.67Bi0.33)1-xInx,767,0.198986910853757,0.4032,0.3978130891462429,-631.6,-631.3701659050728,-588.1584540793422,3,(Sn0.67Bi0.33)1-xInx,composition_temperature_3vars
EXP_0073,(Sn0.67Bi0.33)1-xInx,767,0.1634440075410718,0.5098,0.326755992458928,-771.0,-761.5237399959877,-683.0753134226777,3,(Sn0.67Bi0.33)1-xInx,composition_temperature_3vars
EXP_0074,(Sn0.67Bi0.33)1-xInx,767,0.1288346889307837,0.6136,0.2575653110692162,-767.4,-791.8794791632954,-698.7937513894908,3,(Sn0.67Bi0.33)1-xInx,composition_temperature_3vars
EXP_0075,(Sn0.67Bi0.33)1-xInx,767,0.0994267708052787,0.7018,0.1987732291947212,-694.2,-732.7307715150952,-652.6724674257136,3,(Sn0.67Bi0.33)1-xInx,composition_temperature_3vars
EXP_0076,(Sn0.67Bi0.33)1-xInx,767,0.0689852410449771,0.7931,0.1379147589550228,-545.3,-588.4773832772142,-547.3705774154051,3,(Sn0.67Bi0.33)1-xInx,composition_temperature_3vars
EXP_0077,(Sn0.67Bi0.33)1-xInx,767,0.0528809049286291,0.8414,0.1057190950713708,-450.5,-480.13862032970763,-467.9814194702959,3,(Sn0.67Bi0.33)1-xInx,composition_temperature_3vars
EXP_0078,(Sn0.67Bi0.33)1-xInx,767,0.0426448155130622,0.8721,0.0852551844869378,-383.7,-400.83650433778644,-409.00261807060235,3,(Sn0.67Bi0.33)1-xInx,composition_temperature_3vars
EXP_0079,(Sn0.67Bi0.33)1-xInx,767,0.0359430110422838,0.8922,0.0718569889577161,-338.4,-344.87509750216185,-366.80157067157904,3,(Sn0.67Bi0.33)1-xInx,composition_temperature_3vars
EXP_0080,(Sn0.67Bi0.33)1-xInx,767,0.0309083221115001,0.9073,0.0617916778884998,-290.4,-300.87305000290144,-333.23147873001676,3,(Sn0.67Bi0.33)1-xInx,composition_temperature_3vars
EXP_0081,(Sn0.67Bi0.33)1-xInx,813,0.2980135739294371,0.1062,0.5957864260705629,-92.74,-33.67145141118169,95.32511234156527,3,(Sn0.67Bi0.33)1-xInx,composition_temperature_3vars
EXP_0082,(Sn0.67Bi0.33)1-xInx,813,0.2613036897387557,0.2163,0.5223963102612443,-283.3,-255.07904586156064,-224.68242767875336,3,(Sn0.67Bi0.33)1-xInx,composition_temperature_3vars
EXP_0083,(Sn0.67Bi0.33)1-xInx,813,0.2319957985456504,0.3042,0.4638042014543495,-434.5,-445.2139695495892,-419.0378302348913,3,(Sn0.67Bi0.33)1-xInx,composition_temperature_3vars
EXP_0084,(Sn0.67Bi0.33)1-xInx,813,0.1966196067869647,0.4103,0.3930803932130353,-615.8,-642.668790691529,-581.3416730067029,3,(Sn0.67Bi0.33)1-xInx,composition_temperature_3vars
EXP_0085,(Sn0.67Bi0.33)1-xInx,813,0.1671783463506598,0.4986,0.3342216536493402,-747.8,-752.1982942509997,-656.1272487336288,3,(Sn0.67Bi0.33)1-xInx,composition_temperature_3vars
EXP_0086,(Sn0.67Bi0.33)1-xInx,813,0.1329357931591704,0.6013,0.2657642068408296,-748.3,-793.8051005951594,-674.2141459500641,3,(Sn0.67Bi0.33)1-xInx,composition_temperature_3vars
EXP_0087,(Sn0.67Bi0.33)1-xInx,813,0.0986598976568812,0.7041,0.1972401023431188,-669.1,-730.1201027433362,-618.1215086487525,3,(Sn0.67Bi0.33)1-xInx,composition_temperature_3vars
EXP_0088,(Sn0.67Bi0.33)1-xInx,813,0.0701522219229733,0.7896,0.1402477780770266,-521.1,-595.5022703883749,-514.9230016073669,3,(Sn0.67Bi0.33)1-xInx,composition_temperature_3vars
EXP_0089,(Sn0.67Bi0.33)1-xInx,813,0.0542812819822245,0.8372,0.1085187180177753,-433.1,-490.3777612363586,-435.2178890973363,3,(Sn0.67Bi0.33)1-xInx,composition_temperature_3vars
EXP_0090,(Sn0.67Bi0.33)1-xInx,813,0.0436450848370589,0.8691,0.087254915162941,-360.5,-408.9221570923217,-372.8948911406188,3,(Sn0.67Bi0.33)1-xInx,composition_temperature_3vars
EXP_0091,(Sn0.67Bi0.33)1-xInx,813,0.0366098572582817,0.8902,0.0731901427417183,-308.9,-350.5796300705834,-327.7441217588207,3,(Sn0.67Bi0.33)1-xInx,composition_temperature_3vars
EXP_0092,(Sn0.67Bi0.33)1-xInx,813,0.0315751683274979,0.9053,0.063124831672502,-263.3,-306.794031959745,-293.51258160160194,3,(Sn0.67Bi0.33)1-xInx,composition_temperature_3vars
EXP_0093,(Sn0.67Bi0.33)1-xInx,855,0.2985137085914354,0.1047,0.5967862914085644,-64.32,-31.087159011766545,104.70224130080715,3,(Sn0.67Bi0.33)1-xInx,composition_temperature_3vars
EXP_0094,(Sn0.67Bi0.33)1-xInx,855,0.2625706975491516,0.2125,0.5249293024508483,-251.5,-246.80920919587095,-204.93269825573566,3,(Sn0.67Bi0.33)1-xInx,composition_temperature_3vars
EXP_0095,(Sn0.67Bi0.33)1-xInx,855,0.2332628063560463,0.3004,0.4663371936439536,-409.6,-437.2554988659731,-396.9912933352439,3,(Sn0.67Bi0.33)1-xInx,composition_temperature_3vars
EXP_0096,(Sn0.67Bi0.33)1-xInx,855,0.2012875302989496,0.3963,0.4024124697010504,-575.1,-620.0786937552448,-544.6216811483288,3,(Sn0.67Bi0.33)1-xInx,composition_temperature_3vars
EXP_0097,(Sn0.67Bi0.33)1-xInx,855,0.1632439536762725,0.5104,0.3263560463237274,-733.7,-761.9918674859347,-636.1131053314714,3,(Sn0.67Bi0.33)1-xInx,composition_temperature_3vars
EXP_0098,(Sn0.67Bi0.33)1-xInx,855,0.1314353891731753,0.6058,0.2627646108268247,-731.7,-793.2780223093378,-642.4135078626485,3,(Sn0.67Bi0.33)1-xInx,composition_temperature_3vars
EXP_0099,(Sn0.67Bi0.33)1-xInx,855,0.0979597091300834,0.7062,0.1958402908699164,-644.2,-727.6893108147347,-579.9996884748261,3,(Sn0.67Bi0.33)1-xInx,composition_temperature_3vars
EXP_0100,(Sn0.67Bi0.33)1-xInx,855,0.0682850525181793,0.7952,0.1365149474818206,-485.3,-584.2074424524316,-465.46853491081356,3,(Sn0.67Bi0.33)1-xInx,composition_temperature_3vars
EXP_0101,(Sn0.67Bi0.33)1-xInx,855,0.0524141125774306,0.8428,0.1047858874225693,-395.4,-476.69214567530224,-381.37662557804765,3,(Sn0.67Bi0.33)1-xInx,composition_temperature_3vars
EXP_0102,(Sn0.67Bi0.33)1-xInx,855,0.0429782386210611,0.8711,0.0859217613789388,-328.5,-403.53959088972755,-323.8366528313786,3,(Sn0.67Bi0.33)1-xInx,composition_temperature_3vars
EXP_0103,(Sn0.67Bi0.33)1-xInx,855,0.035876326420684,0.8924,0.0717236735793159,-267.3,-344.3030259777863,-276.818587315023,3,(Sn0.67Bi0.33)1-xInx,composition_temperature_3vars
EXP_0104,(Sn0.67Bi0.33)1-xInx,855,0.0309083221115001,0.9073,0.0617916778884998,-218.0,-300.87305000290144,-242.033592051371,3,(Sn0.67Bi0.33)1-xInx,composition_temperature_3vars
EXP_0001,(Sn0.33Bi0.67)1-xInx,767,0.6021023017902813,0.098,0.2998976982097187,-380.4,-319.3582266540738,-222.15019888842144,1,(Sn0.33Bi0.67)1-xInx,composition_temperature_2vars
EXP_0002,(Sn0.33Bi0.67)1-xInx,767,0.5251373401534527,0.2133,0.2615626598465473,-841.6,-779.3981338969363,-747.821181576978,1,(Sn0.33Bi0.67)1-xInx,composition_temperature_2vars
EXP_0003,(Sn0.33Bi0.67)1-xInx,767,0.4618565217391304,0.3081,0.2300434782608695,-1142.0,-1067.1245349076441,-1060.1517890194036,1,(Sn0.33Bi0.67)1-xInx,composition_temperature_2vars
EXP_0004,(Sn0.33Bi0.67)1-xInx,767,0.3936360613810742,0.4103,0.1960639386189258,-1346.0,-1259.8994805704758,-1275.6854482900708,1,(Sn0.33Bi0.67)1-xInx,composition_temperature_2vars
EXP_0005,(Sn0.33Bi0.67)1-xInx,767,0.3376312020460358,0.4942,0.1681687979539642,-1413.0,-1317.01093745515,-1358.6505636672741,1,(Sn0.33Bi0.67)1-xInx,composition_temperature_2vars
EXP_0006,(Sn0.33Bi0.67)1-xInx,767,0.2652721227621483,0.6026,0.1321278772378516,-1389.0,-1252.6185423470095,-1340.3806507120248,1,(Sn0.33Bi0.67)1-xInx,composition_temperature_2vars
EXP_0007,(Sn0.33Bi0.67)1-xInx,767,0.1933803069053708,0.7103,0.0963196930946291,-1227.0,-1043.68023917639,-1182.1493374048557,1,(Sn0.33Bi0.67)1-xInx,composition_temperature_2vars
EXP_0008,(Sn0.33Bi0.67)1-xInx,767,0.1284974424552429,0.8075,0.064002557544757,-959.0,-750.7731052453768,-919.4740730750865,1,(Sn0.33Bi0.67)1-xInx,composition_temperature_2vars
EXP_0009,(Sn0.33Bi0.67)1-xInx,767,0.0966567774936061,0.8552,0.0481432225063938,-792.5,-579.2308365652174,-748.9688900739401,1,(Sn0.33Bi0.67)1-xInx,composition_temperature_2vars
EXP_0010,(Sn0.33Bi0.67)1-xInx,767,0.0771652173913043,0.8844,0.0384347826086956,-656.3,-467.5764374779218,-631.0776487149382,1,(Sn0.33Bi0.67)1-xInx,composition_temperature_2vars
EXP_0011,(Sn0.33Bi0.67)1-xInx,767,0.0642820971867008,0.9037,0.0320179028132992,-565.5,-391.63835530383426,-547.5225653633923,1,(Sn0.33Bi0.67)1-xInx,composition_temperature_2vars
EXP_0012,(Sn0.33Bi0.67)1-xInx,813,0.5984309462915601,0.1035,0.2980690537084399,-343.5,-343.3641489715695,-186.39569118654094,1,(Sn0.33Bi0.67)1-xInx,composition_temperature_2vars
EXP_0013,(Sn0.33Bi0.67)1-xInx,813,0.527406905370844,0.2099,0.262693094629156,-758.4,-767.3730813353966,-673.6172839902034,1,(Sn0.33Bi0.67)1-xInx,composition_temperature_2vars
EXP_0014,(Sn0.33Bi0.67)1-xInx,813,0.4685984654731457,0.298,0.2334015345268542,-1050.0,-1041.151336327319,-973.9070456688321,1,(Sn0.33Bi0.67)1-xInx,composition_temperature_2vars
EXP_0015,(Sn0.33Bi0.67)1-xInx,813,0.3874948849104859,0.4195,0.193005115089514,-1304.0,-1270.717521110849,-1234.7660633669625,1,(Sn0.33Bi0.67)1-xInx,composition_temperature_2vars
EXP_0016,(Sn0.33Bi0.67)1-xInx,813,0.3333590792838874,0.5006,0.1660409207161125,-1366.0,-1317.514604332184,-1309.994119475379,1,(Sn0.33Bi0.67)1-xInx,composition_temperature_2vars
EXP_0017,(Sn0.33Bi0.67)1-xInx,813,0.2529230179028133,0.6211,0.1259769820971867,-1307.0,-1226.5245309524773,-1275.558041611811,1,(Sn0.33Bi0.67)1-xInx,composition_temperature_2vars
EXP_0018,(Sn0.33Bi0.67)1-xInx,813,0.1969181585677749,0.705,0.098081841432225,-1173.0,-1057.0350576359806,-1148.3654895100867,1,(Sn0.33Bi0.67)1-xInx,composition_temperature_2vars
EXP_0019,(Sn0.33Bi0.67)1-xInx,813,0.1327028132992327,0.8012,0.0660971867007672,-926.4,-772.2383975448727,-898.2481557002083,1,(Sn0.33Bi0.67)1-xInx,composition_temperature_2vars
EXP_0020,(Sn0.33Bi0.67)1-xInx,813,0.0991265984654731,0.8515,0.0493734015345268,-737.7,-593.0548894778041,-723.1179439389631,1,(Sn0.33Bi0.67)1-xInx,composition_temperature_2vars
EXP_0021,(Sn0.33Bi0.67)1-xInx,813,0.0787005115089514,0.8821,0.0391994884910485,-606.6,-476.52233197742123,-601.6779286586898,1,(Sn0.33Bi0.67)1-xInx,composition_temperature_2vars
EXP_0022,(Sn0.33Bi0.67)1-xInx,813,0.0653501278772378,0.9021,0.0325498721227621,-518.0,-397.9885869420851,-516.2144306308908,1,(Sn0.33Bi0.67)1-xInx,composition_temperature_2vars
EXP_0023,(Sn0.33Bi0.67)1-xInx,855,0.6008340153452686,0.0999,0.2992659846547315,-295.1,-327.6694967071145,-107.82258058693395,1,(Sn0.33Bi0.67)1-xInx,composition_temperature_2vars
EXP_0024,(Sn0.33Bi0.67)1-xInx,855,0.5344158567774936,0.1994,0.2661841432225064,-658.9,-729.5638395364317,-574.8564509623257,1,(Sn0.33Bi0.67)1-xInx,composition_temperature_2vars
EXP_0025,(Sn0.33Bi0.67)1-xInx,855,0.4603212276214834,0.3104,0.2292787723785166,-1014.0,-1072.8730219980275,-955.2388379480617,1,(Sn0.33Bi0.67)1-xInx,composition_temperature_2vars
EXP_0026,(Sn0.33Bi0.67)1-xInx,855,0.3861598465473146,0.4215,0.1923401534526854,-1221.0,-1272.9221417605013,-1187.4502669701433,1,(Sn0.33Bi0.67)1-xInx,composition_temperature_2vars
EXP_0027,(Sn0.33Bi0.67)1-xInx,855,0.3267506393861893,0.5105,0.1627493606138107,-1295.0,-1317.2170635260377,-1266.2835398846337,1,(Sn0.33Bi0.67)1-xInx,composition_temperature_2vars
EXP_0028,(Sn0.33Bi0.67)1-xInx,855,0.26146726342711,0.6083,0.13023273657289,-1253.0,-1245.0329126207093,-1242.9554283856014,1,(Sn0.33Bi0.67)1-xInx,composition_temperature_2vars
EXP_0029,(Sn0.33Bi0.67)1-xInx,855,0.1933803069053708,0.7103,0.0963196930946291,-1094.0,-1043.68023917639,-1095.9665031887525,1,(Sn0.33Bi0.67)1-xInx,composition_temperature_2vars
EXP_0030,(Sn0.33Bi0.67)1-xInx,855,0.1365744245524296,0.7954,0.0680255754475703,-871.9,-791.7286753438465,-877.500390035462,1,(Sn0.33Bi0.67)1-xInx,composition_temperature_2vars
EXP_0031,(Sn0.33Bi0.67)1-xInx,855,0.1047337595907928,0.8431,0.0521662404092071,-716.4,-624.1396949400765,-716.920503425561,1,(Sn0.33Bi0.67)1-xInx,composition_temperature_2vars
EXP_0032,(Sn0.33Bi0.67)1-xInx,855,0.0873115089514066,0.8692,0.0434884910485933,-603.6,-526.2376649151946,-617.4629097724189,1,(Sn0.33Bi0.67)1-xInx,composition_temperature_2vars
EXP_0033,(Sn0.33Bi0.67)1-xInx,855,0.0740946291560102,0.889,0.0369053708439897,-524.9,-449.614884582801,-536.5423934194587,1,(Sn0.33Bi0.67)1-xInx,composition_temperature_2vars
EXP_0034,(Sn0.33Bi0.67)1-xInx,855,0.064549104859335,0.9033,0.0321508951406649,-449.5,-393.22677338615034,-475.1648925495165,1,(Sn0.33Bi0.67)1-xInx,composition_temperature_2vars
EXP_0035,(Sn0.50Bi0.50)1-xInx,767,0.44675,0.1065,0.44675,-250.0,-177.68127661798496,-246.83604650406346,2,(Sn0.50Bi0.50)1-xInx,composition_temperature_2vars
EXP_0036,(Sn0.50Bi0.50)1-xInx,767,0.40015,0.1997,0.40015,-490.0,-459.4003160607007,-572.4911663265154,2,(Sn0.50Bi0.50)1-xInx,composition_temperature_2vars
EXP_0037,(Sn0.50Bi0.50)1-xInx,767,0.34925,0.3015,0.34925,-725.3,-732.5779277217148,-836.7589078505646,2,(Sn0.50Bi0.50)1-xInx,composition_temperature_2vars
EXP_0038,(Sn0.50Bi0.50)1-xInx,767,0.28945,0.4211,0.28945,-978.1,-957.4354982094574,-1025.2657374170542,2,(Sn0.50Bi0.50)1-xInx,composition_temperature_2vars
EXP_0039,(Sn0.50Bi0.50)1-xInx,767,0.2435,0.513,0.2435,-1063.0,-1034.803545342359,-1080.5839225699274,2,(Sn0.50Bi0.50)1-xInx,composition_temperature_2vars
EXP_0040,(Sn0.50Bi0.50)1-xInx,767,0.1955,0.609,0.1955,-1091.0,-1015.126981652759,-1055.2821030437876,2,(Sn0.50Bi0.50)1-xInx,composition_temperature_2vars
EXP_0041,(Sn0.50Bi0.50)1-xInx,767,0.1503499999999999,0.6993,0.1503499999999999,-984.0,-901.5973965990419,-953.9934717313718,2,(Sn0.50Bi0.50)1-xInx,composition_temperature_2vars
EXP_0042,(Sn0.50Bi0.50)1-xInx,767,0.1014499999999999,0.7971,0.1014499999999999,-781.9,-682.555710823105,-759.5562133750257,2,(Sn0.50Bi0.50)1-xInx,composition_temperature_2vars
EXP_0043,(Sn0.50Bi0.50)1-xInx,767,0.0769,0.8462,0.0769,-638.5,-540.1664285223325,-628.7166181790449,2,(Sn0.50Bi0.50)1-xInx,composition_temperature_2vars
EXP_0044,(Sn0.50Bi0.50)1-xInx,767,0.06175,0.8765,0.06175,-521.9,-443.32979257888985,-536.892846517848,2,(Sn0.50Bi0.50)1-xInx,composition_temperature_2vars
EXP_0045,(Sn0.50Bi0.50)1-xInx,767,0.0524,0.8952,0.0524,-447.2,-380.62314556403675,-476.00209556672735,2,(Sn0.50Bi0.50)1-xInx,composition_temperature_2vars
EXP_0046,(Sn0.50Bi0.50)1-xInx,767,0.0464499999999999,0.9071,0.0464499999999999,-398.7,-339.6775238628549,-435.5761447784969,2,(Sn0.50Bi0.50)1-xInx,composition_temperature_2vars
EXP_0047,(Sn0.50Bi0.50)1-xInx,813,0.45235,0.0953,0.45235,-183.7,-143.6106112349837,-158.3992340328466,2,(Sn0.50Bi0.50)1-xInx,composition_temperature_2vars
EXP_0048,(Sn0.50Bi0.50)1-xInx,813,0.39685,0.2063,0.39685,-454.8,-478.64445535628374,-548.5210954428728,2,(Sn0.50Bi0.50)1-xInx,composition_temperature_2vars
EXP_0049,(Sn0.50Bi0.50)1-xInx,813,0.3443,0.3114,0.3443,-709.4,-755.7426507966974,-813.2908883645136,2,(Sn0.50Bi0.50)1-xInx,composition_temperature_2vars
EXP_0050,(Sn0.50Bi0.50)1-xInx,813,0.2981,0.4038,0.2981,-906.3,-932.9941406480763,-962.0086011840997,2,(Sn0.50Bi0.50)1-xInx,composition_temperature_2vars
EXP_0051,(Sn0.50Bi0.50)1-xInx,813,0.2509,0.4982,0.2509,-1017.0,-1028.5460520368104,-1032.7204619652587,2,(Sn0.50Bi0.50)1-xInx,composition_temperature_2vars
EXP_0052,(Sn0.50Bi0.50)1-xInx,813,0.1977999999999999,0.6044,0.1977999999999999,-1066.0,-1018.4680591379805,-1014.142729016876,2,(Sn0.50Bi0.50)1-xInx,composition_temperature_2vars
EXP_0053,(Sn0.50Bi0.50)1-xInx,813,0.1434,0.7132,0.1434,-911.9,-876.2600408819123,-887.3626229692368,2,(Sn0.50Bi0.50)1-xInx,composition_temperature_2vars
EXP_0054,(Sn0.50Bi0.50)1-xInx,813,0.0977,0.8046,0.0977,-729.4,-662.0770451503564,-696.5730059346031,2,(Sn0.50Bi0.50)1-xInx,composition_temperature_2vars
EXP_0055,(Sn0.50Bi0.50)1-xInx,813,0.0742499999999999,0.8515,0.0742499999999999,-565.3,-523.6854653340391,-568.7964324242075,2,(Sn0.50Bi0.50)1-xInx,composition_temperature_2vars
EXP_0056,(Sn0.50Bi0.50)1-xInx,813,0.05885,0.8823,0.05885,-457.4,-424.10568002824493,-473.8601546895825,2,(Sn0.50Bi0.50)1-xInx,composition_temperature_2vars
EXP_0057,(Sn0.50Bi0.50)1-xInx,813,0.0500499999999999,0.8999,0.0500499999999999,-383.4,-364.5433492692703,-415.68713245944264,2,(Sn0.50Bi0.50)1-xInx,composition_temperature_2vars
EXP_0058,(Sn0.50Bi0.50)1-xInx,855,0.44935,0.1013,0.44935,-168.2,-161.84246382191213,-138.73956775730687,2,(Sn0.50Bi0.50)1-xInx,composition_temperature_2vars
EXP_0059,(Sn0.50Bi0.50)1-xInx,855,0.3991,0.2018,0.3991,-409.9,-465.5403228352165,-491.19658279535406,2,(Sn0.50Bi0.50)1-xInx,composition_temperature_2vars
EXP_0060,(Sn0.50Bi0.50)1-xInx,855,0.3506,0.2988,0.3506,-632.3,-726.1366984192189,-743.1362553219922,2,(Sn0.50Bi0.50)1-xInx,composition_temperature_2vars
EXP_0061,(Sn0.50Bi0.50)1-xInx,855,0.29845,0.4031,0.29845,-871.9,-931.9429684127072,-917.3270593230268,2,(Sn0.50Bi0.50)1-xInx,composition_temperature_2vars
EXP_0062,(Sn0.50Bi0.50)1-xInx,855,0.23935,0.5213,0.23935,-1001.4,-1037.2391821872163,-993.5921768298163,2,(Sn0.50Bi0.50)1-xInx,composition_temperature_2vars
EXP_0063,(Sn0.50Bi0.50)1-xInx,855,0.1934,0.6132,0.1934,-1009.0,-1011.8662806335154,-963.9511590822951,2,(Sn0.50Bi0.50)1-xInx,composition_temperature_2vars
EXP_0064,(Sn0.50Bi0.50)1-xInx,855,0.12075,0.7585,0.12075,-795.7,-780.0355943614749,-758.3343235570314,2,(Sn0.50Bi0.50)1-xInx,composition_temperature_2vars
EXP_0065,(Sn0.50Bi0.50)1-xInx,855,0.0867999999999999,0.8264,0.0867999999999999,-596.2,-599.8918030492457,-595.5675020171298,2,(Sn0.50Bi0.50)1-xInx,composition_temperature_2vars
EXP_0066,(Sn0.50Bi0.50)1-xInx,855,0.0679,0.8642,0.0679,-480.0,-483.389010705209,-486.55127285558,2,(Sn0.50Bi0.50)1-xInx,composition_temperature_2vars
EXP_0067,(Sn0.50Bi0.50)1-xInx,855,0.0554999999999999,0.889,0.0554999999999999,-402.2,-401.64360919947825,-407.87640935209083,2,(Sn0.50Bi0.50)1-xInx,composition_temperature_2vars
EXP_0068,(Sn0.50Bi0.50)1-xInx,855,0.0469499999999999,0.9061,0.0469499999999999,-346.6,-343.147550354593,-350.3285465884778,2,(Sn0.50Bi0.50)1-xInx,composition_temperature_2vars
EXP_0069,(Sn0.67Bi0.33)1-xInx,767,0.3012811203878265,0.0964,0.6023188796121735,-105.2,-17.095611218073884,58.88552182915964,3,(Sn0.67Bi0.33)1-xInx,composition_temperature_2vars
EXP_0070,(Sn0.67Bi0.33)1-xInx,767,0.2647046054403447,0.2061,0.5291953945596553,-294.9,-232.92360062365114,-257.6842106508957,3,(Sn0.67Bi0.33)1-xInx,composition_temperature_2vars
EXP_0071,(Sn0.67Bi0.33)1-xInx,767,0.2286615674656611,0.3142,0.4571384325343388,-479.9,-465.9474604055292,-489.00862776803797,3,(Sn0.67Bi0.33)1-xInx,composition_temperature_2vars
EXP_0072,(Sn0.67Bi0.33)1-xInx,767,0.198986910853757,0.4032,0.3978130891462429,-631.6,-631.3701659050728,-619.3877357291849,3,(Sn0.67Bi0.33)1-xInx,composition_temperature_2vars
EXP_0073,(Sn0.67Bi0.33)1-xInx,767,0.1634440075410718,0.5098,0.326755992458928,-771.0,-761.5237399959877,-704.1446557578042,3,(Sn0.67Bi0.33)1-xInx,composition_temperature_2vars
EXP_0074,(Sn0.67Bi0.33)1-xInx,767,0.1288346889307837,0.6136,0.2575653110692162,-767.4,-791.8794791632954,-711.8849255821001,3,(Sn0.67Bi0.33)1-xInx,composition_temperature_2vars
EXP_0075,(Sn0.67Bi0.33)1-xInx,767,0.0994267708052787,0.7018,0.1987732291947212,-694.2,-732.7307715150952,-660.469325792048,3,(Sn0.67Bi0.33)1-xInx,composition_temperature_2vars
EXP_0076,(Sn0.67Bi0.33)1-xInx,767,0.0689852410449771,0.7931,0.1379147589550228,-545.3,-588.4773832772142,-551.1239817405635,3,(Sn0.67Bi0.33)1-xInx,composition_temperature_2vars
EXP_0077,(Sn0.67Bi0.33)1-xInx,767,0.0528809049286291,0.8414,0.1057190950713708,-450.5,-480.13862032970763,-470.1869381342635,3,(Sn0.67Bi0.33)1-xInx,composition_temperature_2vars
EXP_0078,(Sn0.67Bi0.33)1-xInx,767,0.0426448155130622,0.8721,0.0852551844869378,-383.7,-400.83650433778644,-410.4369361201211,3,(Sn0.67Bi0.33)1-xInx,composition_temperature_2vars
EXP_0079,(Sn0.67Bi0.33)1-xInx,767,0.0359430110422838,0.8922,0.0718569889577161,-338.4,-344.87509750216185,-367.82049492594115,3,(Sn0.67Bi0.33)1-xInx,composition_temperature_2vars
EXP_0080,(Sn0.67Bi0.33)1-xInx,767,0.0309083221115001,0.9073,0.0617916778884998,-290.4,-300.87305000290144,-333.98494506301404,3,(Sn0.67Bi0.33)1-xInx,composition_temperature_2vars
EXP_0081,(Sn0.67Bi0.33)1-xInx,813,0.2980135739294371,0.1062,0.5957864260705629,-92.74,-33.67145141118169,25.27883388189889,3,(Sn0.67Bi0.33)1-xInx,composition_temperature_2vars
EXP_0082,(Sn0.67Bi0.33)1-xInx,813,0.2613036897387557,0.2163,0.5223963102612443,-283.3,-255.07904586156064,-278.53470322943394,3,(Sn0.67Bi0.33)1-xInx,composition_temperature_2vars
EXP_0083,(Sn0.67Bi0.33)1-xInx,813,0.2319957985456504,0.3042,0.4638042014543495,-434.5,-445.2139695495892,-461.48739236012284,3,(Sn0.67Bi0.33)1-xInx,composition_temperature_2vars
EXP_0084,(Sn0.67Bi0.33)1-xInx,813,0.1966196067869647,0.4103,0.3930803932130353,-615.8,-642.668790691529,-611.8323187290894,3,(Sn0.67Bi0.33)1-xInx,composition_temperature_2vars
EXP_0085,(Sn0.67Bi0.33)1-xInx,813,0.1671783463506598,0.4986,0.3342216536493402,-747.8,-752.1982942509997,-678.1703667567181,3,(Sn0.67Bi0.33)1-xInx,composition_temperature_2vars
EXP_0086,(Sn0.67Bi0.33)1-xInx,813,0.1329357931591704,0.6013,0.2657642068408296,-748.3,-793.8051005951594,-688.1520297325637,3,(Sn0.67Bi0.33)1-xInx,composition_temperature_2vars
EXP_0087,(Sn0.67Bi0.33)1-xInx,813,0.0986598976568812,0.7041,0.1972401023431188,-669.1,-730.1201027433362,-625.7985574258869,3,(Sn0.67Bi0.33)1-xInx,composition_temperature_2vars
EXP_0088,(Sn0.67Bi0.33)1-xInx,813,0.0701522219229733,0.7896,0.1402477780770266,-521.1,-595.5022703883749,-518.8044681322049,3,(Sn0.67Bi0.33)1-xInx,composition_temperature_2vars
EXP_0089,(Sn0.67Bi0.33)1-xInx,813,0.0542812819822245,0.8372,0.1085187180177753,-433.1,-490.3777612363586,-437.54176632991994,3,(Sn0.67Bi0.33)1-xInx,composition_temperature_2vars
EXP_0090,(Sn0.67Bi0.33)1-xInx,813,0.0436450848370589,0.8691,0.087254915162941,-360.5,-408.9221570923217,-374.3972845895937,3,(Sn0.67Bi0.33)1-xInx,composition_temperature_2vars
EXP_0091,(Sn0.67Bi0.33)1-xInx,813,0.0366098572582817,0.8902,0.0731901427417183,-308.9,-350.5796300705834,-328.80120473321404,3,(Sn0.67Bi0.33)1-xInx,composition_temperature_2vars
EXP_0092,(Sn0.67Bi0.33)1-xInx,813,0.0315751683274979,0.9053,0.063124831672502,-263.3,-306.794031959745,-294.2989107359913,3,(Sn0.67Bi0.33)1-xInx,composition_temperature_2vars
EXP_0093,(Sn0.67Bi0.33)1-xInx,855,0.2985137085914354,0.1047,0.5967862914085644,-64.32,-31.087159011766545,34.42065829139301,3,(Sn0.67Bi0.33)1-xInx,composition_temperature_2vars
EXP_0094,(Sn0.67Bi0.33)1-xInx,855,0.2625706975491516,0.2125,0.5249293024508483,-251.5,-246.80920919587095,-259.3084771625229,3,(Sn0.67Bi0.33)1-xInx,composition_temperature_2vars
EXP_0095,(Sn0.67Bi0.33)1-xInx,855,0.2332628063560463,0.3004,0.4663371936439536,-409.6,-437.2554988659731,-439.90578455359696,3,(Sn0.67Bi0.33)1-xInx,composition_temperature_2vars
EXP_0096,(Sn0.67Bi0.33)1-xInx,855,0.2012875302989496,0.3963,0.4024124697010504,-575.1,-620.0786937552448,-576.577262183298,3,(Sn0.67Bi0.33)1-xInx,composition_temperature_2vars
EXP_0097,(Sn0.67Bi0.33)1-xInx,855,0.1632439536762725,0.5104,0.3263560463237274,-733.7,-761.9918674859347,-657.1309019882619,3,(Sn0.67Bi0.33)1-xInx,composition_temperature_2vars
EXP_0098,(Sn0.67Bi0.33)1-xInx,855,0.1314353891731753,0.6058,0.2627646108268247,-731.7,-793.2780223093378,-656.0385423121611,3,(Sn0.67Bi0.33)1-xInx,composition_temperature_2vars
EXP_0099,(Sn0.67Bi0.33)1-xInx,855,0.0979597091300834,0.7062,0.1958402908699164,-644.2,-727.6893108147347,-587.5681560599205,3,(Sn0.67Bi0.33)1-xInx,composition_temperature_2vars
EXP_0100,(Sn0.67Bi0.33)1-xInx,855,0.0682850525181793,0.7952,0.1365149474818206,-485.3,-584.2074424524316,-469.1461331645669,3,(Sn0.67Bi0.33)1-xInx,composition_temperature_2vars
EXP_0101,(Sn0.67Bi0.33)1-xInx,855,0.0524141125774306,0.8428,0.1047858874225693,-395.4,-476.69214567530224,-383.543378912711,3,(Sn0.67Bi0.33)1-xInx,composition_temperature_2vars
EXP_0102,(Sn0.67Bi0.33)1-xInx,855,0.0429782386210611,0.8711,0.0859217613789388,-328.5,-403.53959088972755,-325.29348739675834,3,(Sn0.67Bi0.33)1-xInx,composition_temperature_2vars
EXP_0103,(Sn0.67Bi0.33)1-xInx,855,0.035876326420684,0.8924,0.0717236735793159,-267.3,-344.3030259777863,-277.8337343753101,3,(Sn0.67Bi0.33)1-xInx,composition_temperature_2vars
EXP_0104,(Sn0.67Bi0.33)1-xInx,855,0.0309083221115001,0.9073,0.0617916778884998,-218.0,-300.87305000290144,-242.7870584779389,3,(Sn0.67Bi0.33)1-xInx,composition_temperature_2vars
