experiment_id,cross_section,temperature_K,xBi,xIn,xSn,experimental_delta_mixH,fold,held_out_section,rkm_prediction,rkm_residual,linear_prediction,linear_residual,poly2_prediction,poly2_residual,poly3_prediction,poly3_residual,rf_prediction,rf_residual
EXP_0001,(Sn0.33Bi0.67)1-xInx,767,0.6021023017902813,0.098,0.2998976982097187,-380.4,1,(Sn0.33Bi0.67)1-xInx,-319.3582266540738,61.041773345926174,-997.9234874394826,-617.5234874394827,-196.90480611091957,183.4951938890804,-292.8266693515674,87.5733306484326,-641.1232999999995,-260.72329999999954
EXP_0002,(Sn0.33Bi0.67)1-xInx,767,0.5251373401534527,0.2133,0.2615626598465473,-841.6,1,(Sn0.33Bi0.67)1-xInx,-779.3981338969363,62.20186610306371,-946.1180376935016,-104.51803769350158,-718.9291206161992,122.67087938380087,-689.4801527422981,152.11984725770196,-756.2615999999995,85.33840000000055
EXP_0003,(Sn0.33Bi0.67)1-xInx,767,0.4618565217391304,0.3081,0.2300434782608695,-1142.0,1,(Sn0.33Bi0.67)1-xInx,-1067.124534907644,74.87546509235608,-903.5234441469362,238.47655585306381,-1028.825361413558,113.17463858644192,-967.7149338156428,174.28506618435722,-915.2914999999988,226.7085000000012
EXP_0004,(Sn0.33Bi0.67)1-xInx,767,0.3936360613810742,0.4103,0.1960639386189258,-1346.0,1,(Sn0.33Bi0.67)1-xInx,-1259.8994805704758,86.10051942952418,-857.603956167411,488.39604383258904,-1242.304677790265,103.69532220973497,-1195.7530765280967,150.2469234719033,-942.8499999999988,403.1500000000012
EXP_0005,(Sn0.33Bi0.67)1-xInx,767,0.3376312020460358,0.4942,0.1681687979539642,-1413.0,1,(Sn0.33Bi0.67)1-xInx,-1317.01093745515,95.98906254484996,-819.9068422585835,593.0931577414165,-1324.0253841990796,88.97461580092045,-1310.7938076218852,102.20619237811479,-978.1399999999992,434.8600000000008
EXP_0006,(Sn0.33Bi0.67)1-xInx,767,0.2652721227621483,0.6026,0.1321278772378516,-1389.0,1,(Sn0.33Bi0.67)1-xInx,-1252.6185423470097,136.38145765299032,-771.2016319163082,617.7983680836918,-1304.737882196788,84.26211780321205,-1340.1384859644863,48.861514035513665,-1010.0369999999992,378.96300000000076
EXP_0007,(Sn0.33Bi0.67)1-xInx,767,0.1933803069053708,0.7103,0.0963196930946291,-1227.0,1,(Sn0.33Bi0.67)1-xInx,-1043.68023917639,183.31976082361007,-722.8109386149886,504.1890613850114,-1146.1545198463127,80.84548015368728,-1210.0086426544797,16.991357345520328,-967.0264999999988,259.9735000000012
EXP_0008,(Sn0.33Bi0.67)1-xInx,767,0.1284974424552429,0.8075,0.064002557544757,-959.0,1,(Sn0.33Bi0.67)1-xInx,-750.7731052453768,208.22689475462323,-679.1380009280036,279.86199907199637,-883.7254295157211,75.27457048427891,-932.9379744750324,26.062025524967567,-766.3714999999984,192.62850000000162
EXP_0009,(Sn0.33Bi0.67)1-xInx,767,0.0966567774936061,0.8552,0.0481432225063938,-792.5,1,(Sn0.33Bi0.67)1-xInx,-579.2308365652174,213.26916343478263,-657.7059111371685,134.79408886283147,-713.5367497808279,78.9632502191721,-735.0454478141863,57.45455218581367,-660.635499999999,131.86450000000104
EXP_0010,(Sn0.33Bi0.67)1-xInx,767,0.0771652173913043,0.8844,0.0384347826086956,-656.3,1,(Sn0.33Bi0.67)1-xInx,-467.5764374779218,188.72356252207817,-644.5860574287327,11.71394257126724,-595.9028363730607,60.39716362693923,-592.3250796288271,63.97492037117286,-600.8160000000006,55.483999999999355
EXP_0011,(Sn0.33Bi0.67)1-xInx,767,0.0642820971867008,0.9037,0.0320179028132992,-565.5,1,(Sn0.33Bi0.67)1-xInx,-391.6383553038343,173.86164469616568,-635.914373299527,-70.41437329952703,-512.5443391264076,52.955660873592365,-488.6609579700702,76.83904202992977,-497.0844999999991,68.41550000000092
EXP_0012,(Sn0.33Bi0.67)1-xInx,813,0.5984309462915601,0.1035,0.2980690537084399,-343.5,1,(Sn0.33Bi0.67)1-xInx,-343.3641489715695,0.13585102843052255,-995.4522821176884,-651.9522821176884,-225.4238292421012,118.07617075789881,-312.7380512797906,30.761948720209375,-640.7699999999999,-297.26999999999987
EXP_0013,(Sn0.33Bi0.67)1-xInx,813,0.527406905370844,0.2099,0.262693094629156,-758.4,1,(Sn0.33Bi0.67)1-xInx,-767.3730813353966,-8.973081335396614,-947.6456918924292,-189.24569189242925,-705.8146234282273,52.58537657177271,-678.5587541240013,79.84124587599865,-756.2615999999995,2.1384000000005017
EXP_0014,(Sn0.33Bi0.67)1-xInx,813,0.4685984654731457,0.298,0.2334015345268542,-1050.0,1,(Sn0.33Bi0.67)1-xInx,-1041.151336327319,8.848663672680914,-908.0614757378676,141.93852426213243,-1000.9335980181186,49.06640198188143,-940.7683914978194,109.23160850218062,-869.0039999999991,180.9960000000009
EXP_0015,(Sn0.33Bi0.67)1-xInx,813,0.3874948849104859,0.4195,0.193005115089514,-1304.0,1,(Sn0.33Bi0.67)1-xInx,-1270.717521110849,33.28247888915098,-853.4703036291367,450.52969637086335,-1255.3825518758626,48.617448124137354,-1211.8302717851975,92.16972821480249,-957.9724999999996,346.0275000000004
EXP_0016,(Sn0.33Bi0.67)1-xInx,813,0.3333590792838874,0.5006,0.1660409207161125,-1366.0,1,(Sn0.33Bi0.67)1-xInx,-1317.514604332184,48.485395667815965,-817.0312578841317,548.9687421158683,-1326.797172395412,39.20282760458804,-1316.482381549832,49.5176184501679,-978.1399999999992,387.8600000000008
EXP_0017,(Sn0.33Bi0.67)1-xInx,813,0.2529230179028133,0.6211,0.1259769820971867,-1307.0,1,(Sn0.33Bi0.67)1-xInx,-1226.524530952477,80.47546904752289,-762.8893958339088,544.1106041660912,-1287.3828313164167,19.61716868358326,-1329.862169612158,-22.862169612157913,-999.205499999999,307.794500000001
EXP_0018,(Sn0.33Bi0.67)1-xInx,813,0.1969181585677749,0.705,0.098081841432225,-1173.0,1,(Sn0.33Bi0.67)1-xInx,-1057.0350576359806,115.96494236401941,-725.1922819250814,447.8077180749186,-1157.2096396931738,15.790360306826187,-1220.5543721475046,-47.55437214750464,-982.1029999999992,190.89700000000084
EXP_0019,(Sn0.33Bi0.67)1-xInx,813,0.1327028132992327,0.8012,0.0660971867007672,-926.4,1,(Sn0.33Bi0.67)1-xInx,-772.2383975448727,154.1616024551273,-681.9686542966047,244.43134570339532,-904.165245286082,22.234754713917937,-955.9112634033792,-29.51126340337919,-771.3974999999984,155.00250000000153
EXP_0020,(Sn0.33Bi0.67)1-xInx,813,0.0991265984654731,0.8515,0.0493734015345268,-737.7,1,(Sn0.33Bi0.67)1-xInx,-593.0548894778041,144.64511052219598,-659.3683583536484,78.33164164635161,-727.7132053901878,9.98679460981225,-751.9400576936002,-14.240057693600193,-659.6419999999993,78.05800000000079
EXP_0021,(Sn0.33Bi0.67)1-xInx,813,0.0787005115089514,0.8821,0.0391994884910485,-606.6,1,(Sn0.33Bi0.67)1-xInx,-476.5223319774212,130.07766802257885,-645.6194705633014,-39.01947056330141,-605.539147436422,1.0608525635780097,-604.1785620273267,2.4214379726732886,-606.7850000000004,-0.18500000000040018
EXP_0022,(Sn0.33Bi0.67)1-xInx,813,0.0653501278772378,0.9021,0.0325498721227621,-518.0,1,(Sn0.33Bi0.67)1-xInx,-397.9885869420851,120.01141305791492,-636.6332693931398,-118.63326939313981,-519.6245362741972,-1.6245362741972258,-497.54217161193,20.457828388070027,-492.1919999999993,25.808000000000675
EXP_0023,(Sn0.33Bi0.67)1-xInx,855,0.6008340153452686,0.0999,0.2992659846547315,-295.1,1,(Sn0.33Bi0.67)1-xInx,-327.6694967071145,-32.56949670711447,-997.0697983283172,-701.9697983283172,-206.7978066256076,88.30219337439243,-299.71346474776107,-4.613464747761043,-640.5807999999995,-345.4807999999995
EXP_0024,(Sn0.33Bi0.67)1-xInx,855,0.5344158567774936,0.1994,0.2661841432225064,-658.9,1,(Sn0.33Bi0.67)1-xInx,-729.5638395364317,-70.66383953643174,-952.3634475067638,-293.4634475067638,-664.4396713376042,-5.539671337604204,-644.4781988309439,14.421801169056039,-757.1185999999993,-98.21859999999936
EXP_0025,(Sn0.33Bi0.67)1-xInx,855,0.4603212276214834,0.3104,0.2292787723785166,-1014.0,1,(Sn0.33Bi0.67)1-xInx,-1072.8730219980275,-58.873021998027525,-902.4900310123676,111.50996898763242,-1035.0061048642408,-21.006104864240797,-973.7510235797804,40.248976420219606,-921.6604999999988,92.33950000000118
EXP_0026,(Sn0.33Bi0.67)1-xInx,855,0.3861598465473146,0.4215,0.1923401534526854,-1221.0,1,(Sn0.33Bi0.67)1-xInx,-1272.9221417605013,-51.92214176050129,-852.5716835121204,368.42831648787956,-1258.091383001457,-37.09138300145696,-1215.2185444469155,5.78145555308447,-957.9724999999996,263.0275000000004
EXP_0027,(Sn0.33Bi0.67)1-xInx,855,0.3267506393861893,0.5105,0.1627493606138107,-1295.0,1,(Sn0.33Bi0.67)1-xInx,-1317.2170635260377,-22.21706352603769,-812.5830883049019,482.41691169509807,-1330.1181112697443,-35.118111269744304,-1324.3595227878336,-29.359522787833612,-979.900999999999,315.09900000000096
EXP_0028,(Sn0.33Bi0.67)1-xInx,855,0.26146726342711,0.6083,0.13023273657289,-1253.0,1,(Sn0.33Bi0.67)1-xInx,-1245.032912620709,7.967087379290888,-768.6405645828122,484.3594354171878,-1299.8277099529644,-46.82770995296437,-1337.478391734786,-84.4783917347861,-1011.4399999999991,241.56000000000085
EXP_0029,(Sn0.33Bi0.67)1-xInx,855,0.1933803069053708,0.7103,0.0963196930946291,-1094.0,1,(Sn0.33Bi0.67)1-xInx,-1043.68023917639,50.31976082361007,-722.8109386149886,371.1890613850114,-1146.1545198463127,-52.15451984631272,-1210.0086426544797,-116.00864265447967,-967.0264999999988,126.9735000000012
EXP_0030,(Sn0.33Bi0.67)1-xInx,855,0.1365744245524296,0.7954,0.0680255754475703,-871.9,1,(Sn0.33Bi0.67)1-xInx,-791.7286753438465,80.1713246561535,-684.5746526359513,187.32534736404864,-922.5624471210514,-50.6624471210514,-976.4243701519227,-104.52437015192277,-778.8399999999984,93.06000000000154
EXP_0031,(Sn0.33Bi0.67)1-xInx,855,0.1047337595907928,0.8431,0.0521662404092071,-716.4,1,(Sn0.33Bi0.67)1-xInx,-624.1396949400765,92.26030505992344,-663.1425628451162,53.257437154883746,-759.2887267513073,-42.88872675130733,-789.3176225186673,-72.91762251866737,-728.6054999999983,-12.205499999998324
EXP_0032,(Sn0.33Bi0.67)1-xInx,855,0.0873115089514066,0.8692,0.0434884910485933,-603.6,1,(Sn0.33Bi0.67)1-xInx,-526.2376649151946,77.36233508480541,-651.4155703180555,-47.81557031805551,-658.4116855936746,-54.81168559367461,-668.7119141818193,-65.11191418181932,-629.4679999999995,-25.867999999999483
EXP_0033,(Sn0.33Bi0.67)1-xInx,855,0.0740946291560102,0.889,0.0369053708439897,-524.9,1,(Sn0.33Bi0.67)1-xInx,-449.614884582801,75.285115417199,-642.5192311595956,-117.61923115959564,-576.4400789220413,-51.54007892204129,-568.300239871166,-43.400239871166036,-575.6245000000011,-50.72450000000117
EXP_0034,(Sn0.33Bi0.67)1-xInx,855,0.064549104859335,0.9033,0.0321508951406649,-449.5,1,(Sn0.33Bi0.67)1-xInx,-393.2267733861504,56.2732266138496,-636.0940973229302,-186.59409732293022,-514.3172638057828,-64.81726380578277,-490.8861647264378,-41.38616472643781,-497.0079999999991,-47.50799999999907
EXP_0035,(Sn0.50Bi0.50)1-xInx,767,0.44675,0.1065,0.44675,-250.0,2,(Sn0.50Bi0.50)1-xInx,-177.68127661798496,72.31872338201504,-671.8634570358713,-421.8634570358713,-220.1984194664073,29.8015805335927,-254.60052988773623,-4.600529887736229,-403.9189,-153.9189
EXP_0036,(Sn0.50Bi0.50)1-xInx,767,0.40015,0.1997,0.40015,-490.0,2,(Sn0.50Bi0.50)1-xInx,-459.4003160607007,30.599683939299325,-672.4174125735985,-182.41741257359854,-542.6252934886854,-52.62529348868543,-530.161581421131,-40.16158142113102,-539.0024000000003,-49.00240000000031
EXP_0037,(Sn0.50Bi0.50)1-xInx,767,0.34925,0.3015,0.34925,-725.3,2,(Sn0.50Bi0.50)1-xInx,-732.5779277217148,-7.277927721714832,-673.0224841802576,52.27751581974235,-803.6521543427637,-78.3521543427637,-774.0965559855553,-48.7965559855553,-717.2662000000003,8.033799999999701
EXP_0038,(Sn0.50Bi0.50)1-xInx,767,0.28945,0.4211,0.28945,-978.1,2,(Sn0.50Bi0.50)1-xInx,-957.4354982094574,20.66450179054266,-673.733354162148,304.36664583785205,-988.7319250094814,-10.631925009481392,-969.2700924717296,8.829907528270382,-786.3666000000005,191.7333999999995
EXP_0039,(Sn0.50Bi0.50)1-xInx,767,0.2435,0.513,0.2435,-1063.0,2,(Sn0.50Bi0.50)1-xInx,-1034.803545342359,28.19645465764097,-674.279582852246,388.720417147754,-1041.6960757545269,21.303924245473127,-1040.9474968489426,22.052503151057408,-1101.2129583333335,-38.21295833333352
EXP_0040,(Sn0.50Bi0.50)1-xInx,767,0.1955,0.609,0.1955,-1091.0,2,(Sn0.50Bi0.50)1-xInx,-1015.126981652759,75.87301834724099,-674.8501808310207,416.1498191689793,-1014.1944037879292,76.80559621207078,-1032.9686642599522,58.03133574004778,-1079.832125,11.167875000000095
EXP_0041,(Sn0.50Bi0.50)1-xInx,767,0.1503499999999999,0.6993,0.1503499999999999,-984.0,2,(Sn0.50Bi0.50)1-xInx,-901.597396599042,82.40260340095801,-675.3868995548057,308.6131004451943,-911.0782740862924,72.92172591370763,-939.5912691334148,44.40873086658519,-899.3328333333316,84.66716666666844
EXP_0042,(Sn0.50Bi0.50)1-xInx,767,0.1014499999999999,0.7971,0.1014499999999999,-781.9,2,(Sn0.50Bi0.50)1-xInx,-682.555710823105,99.34428917689502,-675.9681962456826,105.93180375431734,-714.9260770845474,66.97392291545259,-734.9498857086987,46.95011429130125,-784.9173333333321,-3.0173333333320898
EXP_0043,(Sn0.50Bi0.50)1-xInx,767,0.0769,0.8462,0.0769,-638.5,2,(Sn0.50Bi0.50)1-xInx,-540.1664285223325,98.33357147766753,-676.2600333369102,-37.76003333691017,-583.3291502748893,55.170849725110656,-588.4827222608861,50.017277739113865,-646.0930000000011,-7.593000000001098
EXP_0044,(Sn0.50Bi0.50)1-xInx,767,0.06175,0.8765,0.06175,-521.9,2,(Sn0.50Bi0.50)1-xInx,-443.32979257888985,78.57020742111013,-676.440128323961,-154.54012832396097,-491.07259387507577,30.82740612492421,-482.7277460270797,39.17225397292026,-488.5158333333335,33.38416666666649
EXP_0045,(Sn0.50Bi0.50)1-xInx,767,0.0524,0.8952,0.0524,-447.2,2,(Sn0.50Bi0.50)1-xInx,-380.6231455640368,66.57685443596318,-676.5512760552431,-229.3512760552431,-429.9279115953081,17.272088404691885,-411.4410879785203,35.758912021479716,-367.23933333333343,79.96066666666655
EXP_0046,(Sn0.50Bi0.50)1-xInx,767,0.0464499999999999,0.9071,0.0464499999999999,-398.7,2,(Sn0.50Bi0.50)1-xInx,-339.6775238628549,59.02247613714508,-676.6220064296954,-277.9220064296954,-389.3456006811489,9.354399318851108,-363.6442336281451,35.05576637185487,-306.93036666666694,91.76963333333305
EXP_0047,(Sn0.50Bi0.50)1-xInx,813,0.45235,0.0953,0.45235,-183.7,2,(Sn0.50Bi0.50)1-xInx,-143.6106112349837,40.08938876501628,-671.7968872716809,-488.09688727168094,-176.0827408137389,7.617259186261094,-218.56840653282893,-34.86840653282894,-408.4401999999999,-224.7401999999999
EXP_0048,(Sn0.50Bi0.50)1-xInx,813,0.39685,0.2063,0.39685,-454.8,2,(Sn0.50Bi0.50)1-xInx,-478.6444553562837,-23.844455356283675,-672.4566411846394,-217.65664118463934,-562.4335701396324,-107.63357013963235,-547.8977063476339,-93.09770634763385,-545.3142000000004,-90.51420000000036
EXP_0049,(Sn0.50Bi0.50)1-xInx,813,0.3443,0.3114,0.3443,-709.4,2,(Sn0.50Bi0.50)1-xInx,-755.7426507966974,-46.3426507966974,-673.0813270968188,36.31867290318121,-823.9591366356765,-114.55913663567651,-794.2244396235766,-84.82443962357661,-754.8447,-45.44470000000001
EXP_0050,(Sn0.50Bi0.50)1-xInx,813,0.2981,0.4038,0.2981,-906.3,2,(Sn0.50Bi0.50)1-xInx,-932.9941406480764,-26.694140648076427,-673.6305276513896,232.66947234861038,-970.0868769944094,-63.786876994409454,-947.812113952018,-41.51211395201801,-783.1386000000006,123.16139999999939
EXP_0051,(Sn0.50Bi0.50)1-xInx,813,0.2509,0.4982,0.2509,-1017.0,2,(Sn0.50Bi0.50)1-xInx,-1028.5460520368104,-11.546052036810352,-674.1916156638515,342.8083843361485,-1038.4060972753273,-21.406097275327284,-1034.4130869426124,-17.41308694261238,-1012.1881250000004,4.811874999999645
EXP_0052,(Sn0.50Bi0.50)1-xInx,813,0.1977999999999999,0.6044,0.1977999999999999,-1066.0,2,(Sn0.50Bi0.50)1-xInx,-1018.4680591379804,47.53194086201961,-674.8228396778711,391.1771603221289,-1017.4427692082972,48.55723079170275,-1035.4237862598145,30.576213740185494,-1060.3581250000002,5.6418749999998
EXP_0053,(Sn0.50Bi0.50)1-xInx,813,0.1434,0.7132,0.1434,-911.9,2,(Sn0.50Bi0.50)1-xInx,-876.2600408819123,35.63995911808763,-675.4695173871493,236.4304826128507,-888.5547967860457,23.345203213954278,-917.2914051346754,-5.391405134675438,-948.359249999998,-36.459249999998065
EXP_0054,(Sn0.50Bi0.50)1-xInx,813,0.0977,0.8046,0.0977,-729.4,2,(Sn0.50Bi0.50)1-xInx,-662.0770451503564,67.32295484964357,-676.0127742127744,53.38722578722559,-696.2573555493004,33.14264445069955,-714.5290001040066,14.87099989599335,-766.8418333333329,-37.441833333332966
EXP_0055,(Sn0.50Bi0.50)1-xInx,813,0.0742499999999999,0.8515,0.0742499999999999,-565.3,2,(Sn0.50Bi0.50)1-xInx,-523.6854653340391,41.61453466596083,-676.2915351003217,-110.9915351003217,-567.8002785147922,-2.500278514792285,-570.8440144651162,-5.54401446511622,-569.3539999999992,-4.0539999999992915
EXP_0056,(Sn0.50Bi0.50)1-xInx,813,0.05885,0.8823,0.05885,-457.4,2,(Sn0.50Bi0.50)1-xInx,-424.1056800282449,33.2943199717551,-676.4746019518452,-219.07460195184524,-472.4514916402392,-15.051491640239249,-461.1138664084566,-3.7138664084566244,-442.14333333333326,15.256666666666717
EXP_0057,(Sn0.50Bi0.50)1-xInx,813,0.0500499999999999,0.8999,0.0500499999999999,-383.4,2,(Sn0.50Bi0.50)1-xInx,-364.5433492692703,18.856650730729655,-676.5792115812873,-293.1792115812873,-414.05499048200943,-30.654990482009453,-392.79086036568617,-9.390860365686194,-357.9122000000001,25.48779999999988
EXP_0058,(Sn0.50Bi0.50)1-xInx,855,0.44935,0.1013,0.44935,-168.2,2,(Sn0.50Bi0.50)1-xInx,-161.84246382191213,6.357536178087855,-671.8325496453543,-503.63254964535435,-199.8594042949923,-31.6594042949923,-237.9435350765316,-69.7435350765316,-399.7376000000001,-231.5376000000001
EXP_0059,(Sn0.50Bi0.50)1-xInx,855,0.3991,0.2018,0.3991,-409.9,2,(Sn0.50Bi0.50)1-xInx,-465.5403228352165,-55.64032283521652,-672.4298944043842,-262.5298944043842,-548.971319491568,-139.07131949156803,-535.8320557010884,-125.93205570108842,-544.4137000000005,-134.51370000000054
EXP_0060,(Sn0.50Bi0.50)1-xInx,855,0.3506,0.2988,0.3506,-632.3,2,(Sn0.50Bi0.50)1-xInx,-726.1366984192189,-93.83669841921892,-673.0064361121047,-40.70643611210471,-797.9576733617681,-165.65767336176816,-768.4903497776986,-136.19034977769866,-717.5392000000003,-85.23920000000032
EXP_0061,(Sn0.50Bi0.50)1-xInx,855,0.29845,0.4031,0.29845,-871.9,2,(Sn0.50Bi0.50)1-xInx,-931.9429684127072,-60.04296841270718,-673.6263670411277,198.27363295887233,-969.274596388904,-97.37459638890402,-946.8932944188538,-74.9932944188538,-782.9351000000005,88.96489999999949
EXP_0062,(Sn0.50Bi0.50)1-xInx,855,0.23935,0.5213,0.23935,-1001.4,2,(Sn0.50Bi0.50)1-xInx,-1037.2391821872163,-35.83918218721635,-674.3289158024942,327.0710841975058,-1042.6607451745178,-41.260745174517865,-1043.735144892452,-42.33514489245192,-1069.920791666667,-68.52079166666692
EXP_0063,(Sn0.50Bi0.50)1-xInx,855,0.1934,0.6132,0.1934,-1009.0,2,(Sn0.50Bi0.50)1-xInx,-1011.8662806335154,-2.86628063351543,-674.8751444925922,334.1248555074078,-1011.0587919468696,-2.0587919468696327,-1030.5380090969386,-21.538009096938595,-1110.396125,-101.39612499999998
EXP_0064,(Sn0.50Bi0.50)1-xInx,855,0.12075,0.7585,0.12075,-795.7,2,(Sn0.50Bi0.50)1-xInx,-780.0355943614749,15.664405638525182,-675.7387683083837,119.96123169161638,-802.8368370366381,-7.136837036638099,-829.2037328604202,-33.5037328604202,-910.009833333331,-114.30983333333097
EXP_0065,(Sn0.50Bi0.50)1-xInx,855,0.0867999999999999,0.8264,0.0867999999999999,-596.2,2,(Sn0.50Bi0.50)1-xInx,-599.8918030492457,-3.6918030492456637,-676.1423475037878,-79.9423475037878,-639.0606377404167,-42.86063774041668,-651.1995231667706,-54.99952316677059,-679.7940000000011,-83.59400000000107
EXP_0066,(Sn0.50Bi0.50)1-xInx,855,0.0679,0.8642,0.0679,-480.0,2,(Sn0.50Bi0.50)1-xInx,-483.389010705209,-3.389010705208989,-676.3670204579305,-196.3670204579305,-529.5399000112972,-49.53990001129716,-527.0996404870164,-47.09964048701636,-506.9790000000005,-26.979000000000497
EXP_0067,(Sn0.50Bi0.50)1-xInx,855,0.0554999999999999,0.889,0.0554999999999999,-402.2,2,(Sn0.50Bi0.50)1-xInx,-401.6436091994783,0.5563908005216831,-676.5144249357805,-274.31442493578055,-450.5563446586074,-48.356344658607384,-435.5913931201176,-33.391393120117584,-422.2748333333334,-20.0748333333334
EXP_0068,(Sn0.50Bi0.50)1-xInx,855,0.0469499999999999,0.9061,0.0469499999999999,-346.6,2,(Sn0.50Bi0.50)1-xInx,-343.147550354593,3.4524496454070004,-676.6160627007498,-330.0160627007498,-392.80592954426527,-46.205929544265246,-367.7341858289265,-21.13418582892649,-307.49886666666697,39.10113333333305
EXP_0069,(Sn0.67Bi0.33)1-xInx,767,0.3012811203878265,0.0964,0.6023188796121735,-105.2,3,(Sn0.67Bi0.33)1-xInx,-17.095611218073884,88.10438878192612,-256.0,-150.8,146.21963507870728,251.4196350787073,82.14695843839286,187.34695843839285,-264.18399999999974,-158.98399999999975
EXP_0070,(Sn0.67Bi0.33)1-xInx,767,0.2647046054403447,0.2061,0.5291953945596553,-294.9,3,(Sn0.67Bi0.33)1-xInx,-232.92360062365117,61.97639937634881,-256.0,38.89999999999998,-187.8943003150223,107.00569968497769,-149.52755649570804,145.37244350429194,-437.1020000000005,-142.2020000000005
EXP_0071,(Sn0.67Bi0.33)1-xInx,767,0.2286615674656611,0.3142,0.4571384325343388,-479.9,3,(Sn0.67Bi0.33)1-xInx,-465.9474604055292,13.95253959447075,-384.0,95.89999999999998,-432.91034579253017,46.98965420746981,-366.33336610605727,113.56663389394271,-725.3709999999992,-245.4709999999992
EXP_0072,(Sn0.67Bi0.33)1-xInx,767,0.198986910853757,0.4032,0.3978130891462429,-631.6,3,(Sn0.67Bi0.33)1-xInx,-631.3701659050728,0.2298340949272415,-384.0,247.60000000000002,-571.8821724808009,59.71782751919909,-519.2409130616406,112.35908693835938,-784.0444999999986,-152.44449999999858
EXP_0073,(Sn0.67Bi0.33)1-xInx,767,0.1634440075410718,0.5098,0.326755992458928,-771.0,3,(Sn0.67Bi0.33)1-xInx,-761.5237399959877,9.47626000401226,-512.0,259.0,-663.7457825888295,107.25421741117054,-651.9289005292023,119.07109947079766,-821.8309999999988,-50.83099999999877
EXP_0074,(Sn0.67Bi0.33)1-xInx,767,0.1288346889307837,0.6136,0.2575653110692162,-767.4,3,(Sn0.67Bi0.33)1-xInx,-791.8794791632954,-24.479479163295423,-512.0,255.39999999999998,-675.0697965412105,92.33020345878947,-707.5903191071034,59.80968089289661,-938.8144999999998,-171.41449999999986
EXP_0075,(Sn0.67Bi0.33)1-xInx,767,0.0994267708052787,0.7018,0.1987732291947212,-694.2,3,(Sn0.67Bi0.33)1-xInx,-732.7307715150952,-38.530771515095125,-576.0,118.20000000000005,-624.1123874865439,70.08761251345618,-681.8609005176663,12.339099482333722,-811.8029999999985,-117.60299999999847
EXP_0076,(Sn0.67Bi0.33)1-xInx,767,0.0689852410449771,0.7931,0.1379147589550228,-545.3,3,(Sn0.67Bi0.33)1-xInx,-588.4773832772142,-43.17738327721429,-640.0,-94.70000000000005,-512.7377988087477,32.56220119125226,-569.8642958283194,-24.564295828319473,-540.9165,4.383499999999913
EXP_0077,(Sn0.67Bi0.33)1-xInx,767,0.0528809049286291,0.8414,0.1057190950713708,-450.5,3,(Sn0.67Bi0.33)1-xInx,-480.1386203297076,-29.638620329707578,-576.0,-125.5,-429.6971991568735,20.802800843126477,-470.6337554431177,-20.133755443117707,-442.7789999999988,7.721000000001197
EXP_0078,(Sn0.67Bi0.33)1-xInx,767,0.0426448155130622,0.8721,0.0852551844869378,-383.7,3,(Sn0.67Bi0.33)1-xInx,-400.8365043377864,-17.13650433778639,-576.0,-192.3,-368.2396572724448,15.4603427275552,-391.8736394783508,-8.173639478350822,-423.5739999999989,-39.87399999999889
EXP_0079,(Sn0.67Bi0.33)1-xInx,767,0.0359430110422838,0.8922,0.0718569889577161,-338.4,3,(Sn0.67Bi0.33)1-xInx,-344.87509750216185,-6.475097502161873,-640.0,-301.6,-324.3492666132332,14.050733386766751,-333.38247845033334,5.01752154966664,-415.27249999999896,-76.87249999999898
EXP_0080,(Sn0.67Bi0.33)1-xInx,767,0.0309083221115001,0.9073,0.0617916778884998,-290.4,3,(Sn0.67Bi0.33)1-xInx,-300.87305000290144,-10.47305000290146,-640.0,-349.6,-289.4754733509633,0.924526649036693,-285.7256804786491,4.674319521350867,-401.4599999999991,-111.05999999999915
EXP_0081,(Sn0.67Bi0.33)1-xInx,813,0.2980135739294371,0.1062,0.5957864260705629,-92.74,3,(Sn0.67Bi0.33)1-xInx,-33.67145141118169,59.0685485888183,-192.0,-99.26,112.86946229950225,205.60946229950224,61.61705283191964,154.35705283191965,-275.0894999999999,-182.34949999999986
EXP_0082,(Sn0.67Bi0.33)1-xInx,813,0.2613036897387557,0.2163,0.5223963102612443,-283.3,3,(Sn0.67Bi0.33)1-xInx,-255.07904586156064,28.220954138439367,-256.0,27.30000000000001,-214.58552537931013,68.71447462068988,-170.85091148745914,112.44908851254087,-646.5405000000009,-363.24050000000085
EXP_0083,(Sn0.67Bi0.33)1-xInx,813,0.2319957985456504,0.3042,0.4638042014543495,-434.5,3,(Sn0.67Bi0.33)1-xInx,-445.2139695495892,-10.713969549589194,-384.0,50.5,-413.7539998507067,20.74600014929331,-347.4011391980266,87.09886080197339,-709.3135000000002,-274.8135000000002
EXP_0084,(Sn0.67Bi0.33)1-xInx,813,0.1966196067869647,0.4103,0.3930803932130353,-615.8,3,(Sn0.67Bi0.33)1-xInx,-642.668790691529,-26.868790691529057,-384.0,231.79999999999995,-580.5278566359168,35.27214336408315,-530.0028614460275,85.79713855397245,-786.7539999999987,-170.9539999999987
EXP_0085,(Sn0.67Bi0.33)1-xInx,813,0.1671783463506598,0.4986,0.3342216536493402,-747.8,3,(Sn0.67Bi0.33)1-xInx,-752.1982942509997,-4.398294250999697,-384.0,363.79999999999995,-657.9163522175435,89.88364778245648,-641.1970618395881,106.6029381604119,-822.6344999999986,-74.83449999999868
EXP_0086,(Sn0.67Bi0.33)1-xInx,813,0.1329357931591704,0.6013,0.2657642068408296,-748.3,3,(Sn0.67Bi0.33)1-xInx,-793.8051005951594,-45.50510059515943,-512.0,236.29999999999995,-677.7540138070796,70.5459861929204,-705.4899096430454,42.81009035695456,-938.0644999999998,-189.76449999999988
EXP_0087,(Sn0.67Bi0.33)1-xInx,813,0.0986598976568812,0.7041,0.1972401023431188,-669.1,3,(Sn0.67Bi0.33)1-xInx,-730.1201027433362,-61.020102743336224,-512.0,157.10000000000002,-622.0389497048138,47.06105029518619,-680.1643728704621,-11.06437287046208,-813.9439999999986,-144.84399999999857
EXP_0088,(Sn0.67Bi0.33)1-xInx,813,0.0701522219229733,0.7896,0.1402477780770266,-521.1,3,(Sn0.67Bi0.33)1-xInx,-595.5022703883749,-74.40227038837486,-640.0,-118.89999999999998,-518.1066678025657,2.99333219743437,-575.9295026108193,-54.829502610819304,-543.0655000000002,-21.965500000000134
EXP_0089,(Sn0.67Bi0.33)1-xInx,813,0.0542812819822245,0.8372,0.1085187180177753,-433.1,3,(Sn0.67Bi0.33)1-xInx,-490.3777612363586,-57.27776123635857,-640.0,-206.89999999999998,-437.5807096728331,-4.480709672833086,-480.44014281602426,-47.34014281602424,-440.6329999999988,-7.532999999998765
EXP_0090,(Sn0.67Bi0.33)1-xInx,813,0.0436450848370589,0.8691,0.087254915162941,-360.5,3,(Sn0.67Bi0.33)1-xInx,-408.9221570923217,-48.4221570923217,-640.0,-279.5,-374.5425544716397,-14.042554471639676,-400.1275877518397,-39.62758775183971,-423.3644999999989,-62.864499999998884
EXP_0091,(Sn0.67Bi0.33)1-xInx,813,0.0366098572582817,0.8902,0.0731901427417183,-308.9,3,(Sn0.67Bi0.33)1-xInx,-350.5796300705834,-41.679630070583414,-576.0,-267.1,-328.8459681781926,-19.94596817819263,-339.45359759352107,-30.55359759352109,-412.42349999999897,-103.52349999999899
EXP_0092,(Sn0.67Bi0.33)1-xInx,813,0.0315751683274979,0.9053,0.063124831672502,-263.3,3,(Sn0.67Bi0.33)1-xInx,-306.794031959745,-43.49403195974497,-640.0,-376.7,-294.1882442602095,-30.88824426020949,-292.2237470888469,-28.92374708884688,-396.5294999999993,-133.2294999999993
EXP_0093,(Sn0.67Bi0.33)1-xInx,855,0.2985137085914354,0.1047,0.5967862914085644,-64.32,3,(Sn0.67Bi0.33)1-xInx,-31.087159011766545,33.23284098823345,-320.0,-255.68,117.92954310957693,182.2495431095769,64.76549927108397,129.08549927108396,-275.74149999999986,-211.42149999999987
EXP_0094,(Sn0.67Bi0.33)1-xInx,855,0.2625706975491516,0.2125,0.5249293024508483,-251.5,3,(Sn0.67Bi0.33)1-xInx,-246.80920919587092,4.69079080412908,-320.0,-68.5,-204.72873575631635,46.771264243683646,-162.92018544110107,88.57981455889893,-646.5405000000009,-395.04050000000086
EXP_0095,(Sn0.67Bi0.33)1-xInx,855,0.2332628063560463,0.3004,0.4663371936439536,-409.6,3,(Sn0.67Bi0.33)1-xInx,-437.2554988659731,-27.655498865973072,-320.0,89.60000000000002,-406.2869944124424,3.3130055875575977,-340.13117015330624,69.46882984669378,-700.3210000000004,-290.72100000000034
EXP_0096,(Sn0.67Bi0.33)1-xInx,855,0.2012875302989496,0.3963,0.4024124697010504,-575.1,3,(Sn0.67Bi0.33)1-xInx,-620.0786937552448,-44.97869375524476,-384.0,191.10000000000002,-563.1344608658419,11.96553913415812,-508.5536737595509,66.5463262404491,-781.6754999999986,-206.57549999999856
EXP_0097,(Sn0.67Bi0.33)1-xInx,855,0.1632439536762725,0.5104,0.3263560463237274,-733.7,3,(Sn0.67Bi0.33)1-xInx,-761.9918674859347,-28.29186748593463,-512.0,221.70000000000005,-664.0327461678428,69.66725383215726,-652.480154367832,81.21984563216802,-821.8309999999988,-88.13099999999872
EXP_0098,(Sn0.67Bi0.33)1-xInx,855,0.1314353891731753,0.6058,0.2627646108268247,-731.7,3,(Sn0.67Bi0.33)1-xInx,-793.2780223093378,-61.57802230933771,-448.0,283.70000000000005,-676.8975465766185,54.80245342338151,-706.4092126319216,25.29078736807844,-937.793,-206.09299999999996
EXP_0099,(Sn0.67Bi0.33)1-xInx,855,0.0979597091300834,0.7062,0.1958402908699164,-644.2,3,(Sn0.67Bi0.33)1-xInx,-727.6893108147347,-83.48931081473461,-576.0,68.20000000000005,-620.112756543718,24.087243456282067,-678.5671352277803,-34.367135227780295,-815.2816666666653,-171.08166666666523
EXP_0100,(Sn0.67Bi0.33)1-xInx,855,0.0682850525181793,0.7952,0.1365149474818206,-485.3,3,(Sn0.67Bi0.33)1-xInx,-584.2074424524316,-98.90744245243155,-640.0,-154.7,-509.4744082818467,-24.174408281846695,-566.1538913473432,-80.85389134734322,-540.9165,-55.61650000000003
EXP_0101,(Sn0.67Bi0.33)1-xInx,855,0.0524141125774306,0.8428,0.1047858874225693,-395.4,3,(Sn0.67Bi0.33)1-xInx,-476.69214567530224,-81.29214567530227,-576.0,-180.60000000000002,-427.0413162311478,-31.641316231147812,-467.3138792289749,-71.9138792289749,-442.0269999999988,-46.626999999998816
EXP_0102,(Sn0.67Bi0.33)1-xInx,855,0.0429782386210611,0.8711,0.0859217613789388,-328.5,3,(Sn0.67Bi0.33)1-xInx,-403.5395908897276,-75.0395908897276,-640.0,-311.5,-370.34777761955945,-41.84777761955945,-394.6385615893116,-66.13856158931162,-423.5739999999989,-95.07399999999888
EXP_0103,(Sn0.67Bi0.33)1-xInx,855,0.035876326420684,0.8924,0.0717236735793159,-267.3,3,(Sn0.67Bi0.33)1-xInx,-344.3030259777863,-77.00302597778631,-704.0,-436.7,-323.8980224416462,-56.59802244164621,-332.77228618889245,-65.47228618889244,-415.27249999999896,-147.97249999999894
EXP_0104,(Sn0.67Bi0.33)1-xInx,855,0.0309083221115001,0.9073,0.0617916778884998,-218.0,3,(Sn0.67Bi0.33)1-xInx,-300.87305000290144,-82.87305000290144,-640.0,-422.0,-289.4754733509633,-71.47547335096328,-285.7256804786491,-67.72568047864911,-401.4599999999991,-183.45999999999913
