id,source,source_table,series_id,cross_section,temperature_K,nIn_mol,xBi,xIn,xSn,xIn_uncertainty,heat_signal_J,heat_signal_uncertainty_J,reaction_enthalpy_J,partial_enthalpy_In_J_per_mol,integral_mixing_enthalpy_J_per_mol,notes,nearest_A_dist,nearest_A_dist_same_secT,nearest_A_id,nearest_B_dist,nearest_B_id,nearest_A_region,nearest_B_region
EXP_0001,paper_experiment,Table III,1,(Sn0.33Bi0.67)1-xInx,767,0.00034,0.6021023017902813,0.098,0.2998976982097187,0.0001,4.147,0.01,-1.601,-4709.0,-380.4,,0.0,0.0,SYN_A_00009,0.0029034700745340937,SYN_B_04301,experimental_anchor,experimental_anchor
EXP_0002,paper_experiment,Table III,1,(Sn0.33Bi0.67)1-xInx,767,0.000508,0.5251373401534527,0.2133,0.2615626598465473,0.0001,6.561,0.01,-2.027,-3990.0,-841.6,,0.0003742342604784812,0.0003742342604784812,SYN_A_00124,0.006080901789967903,SYN_B_03997,experimental_anchor,experimental_anchor
EXP_0003,paper_experiment,Table III,1,(Sn0.33Bi0.67)1-xInx,767,0.000545,0.4618565217391304,0.3081,0.2300434782608695,0.0001,7.398,0.01,-1.815,-3330.0,-1142.0,,0.00012474475349283452,0.00012474475349283452,SYN_A_00219,0.0026567956878600827,SYN_B_03643,experimental_anchor,experimental_anchor
EXP_0004,paper_experiment,Table III,1,(Sn0.33Bi0.67)1-xInx,767,0.000783,0.3936360613810742,0.4103,0.1960639386189258,0.0001,11.26,0.02,-1.976,-2524.0,-1346.0,,0.00037423426047845145,0.00037423426047845145,SYN_A_00321,0.005366891238186506,SYN_B_03240,experimental_anchor,experimental_anchor
EXP_0005,paper_experiment,Table III,1,(Sn0.33Bi0.67)1-xInx,767,0.00088,0.3376312020460358,0.4942,0.1681687979539642,0.0001,13.27,0.02,-1.602,-1820.0,-1413.0,,0.0002494895069855799,0.0002494895069855799,SYN_A_00405,0.0051579554748088586,SYN_B_02923,experimental_anchor,experimental_anchor
EXP_0006,paper_experiment,Table III,1,(Sn0.33Bi0.67)1-xInx,767,0.001687,0.2652721227621483,0.6026,0.1321278772378516,0.0002,26.33,0.05,-2.19,-1298.0,-1389.0,,0.0004989790139711819,0.0004989790139711819,SYN_A_00514,0.005800059026903407,SYN_B_02437,experimental_anchor,experimental_anchor
EXP_0007,paper_experiment,Table III,1,(Sn0.33Bi0.67)1-xInx,767,0.002927,0.1933803069053708,0.7103,0.0963196930946291,0.0001,47.16,0.1,-2.32,-792.6,-1227.0,,0.0003742342604784959,0.0003742342604784959,SYN_A_00621,0.005006109636456079,SYN_B_01820,experimental_anchor,experimental_anchor
EXP_0008,paper_experiment,Table III,1,(Sn0.33Bi0.67)1-xInx,767,0.005452,0.1284974424552429,0.8075,0.064002557544757,0.0002,89.83,0.2,-2.334,-428.1,-959.0,,0.0006237237674640389,0.0006237237674640389,SYN_A_00718,0.004952589835065898,SYN_B_01317,experimental_anchor,experimental_anchor
EXP_0009,paper_experiment,Table III,1,(Sn0.33Bi0.67)1-xInx,767,0.005351,0.0966567774936061,0.8552,0.0481432225063938,0.0001,88.93,0.2,-1.535,-286.9,-792.5,,0.0002494895069856021,0.0002494895069856021,SYN_A_00766,0.006454824504819716,SYN_B_01051,experimental_anchor,experimental_anchor
EXP_0010,paper_experiment,Table III,1,(Sn0.33Bi0.67)1-xInx,767,0.005453,0.0771652173913043,0.8844,0.0384347826086956,0.0001,91.55,0.2,-0.637,-116.8,-656.3,,0.0004989790139712211,0.0004989790139712211,SYN_A_00795,0.00546313993236536,SYN_B_00869,experimental_anchor,experimental_anchor
EXP_0011,paper_experiment,Table III,1,(Sn0.33Bi0.67)1-xInx,767,0.005417,0.0642820971867008,0.9037,0.0320179028132992,0.0001,90.97,0.2,-0.607,-112.1,-565.5,,0.0003742342604785535,0.0003742342604785535,SYN_A_00815,0.007103262936584511,SYN_B_00777,experimental_anchor,experimental_anchor
EXP_0012,paper_experiment,Table III,2,(Sn0.33Bi0.67)1-xInx,813,0.000361,0.5984309462915601,0.1035,0.2980690537084399,0.0002,5.095,0.01,-1.493,-4136.0,-343.5,,0.0006237237674640536,0.0006237237674640536,SYN_A_00014,0.004294238363302445,SYN_B_04301,experimental_anchor,experimental_anchor
EXP_0013,paper_experiment,Table III,2,(Sn0.33Bi0.67)1-xInx,813,0.00047,0.527406905370844,0.2099,0.262693094629156,0.0001,6.773,0.01,-1.804,-3838.0,-758.4,,0.0001247447534927751,0.0001247447534927751,SYN_A_00121,0.0037399062070253538,SYN_B_03997,experimental_anchor,experimental_anchor
EXP_0014,paper_experiment,Table III,2,(Sn0.33Bi0.67)1-xInx,813,0.000497,0.4685984654731457,0.298,0.2334015345268542,0.0001,7.394,0.01,-1.676,-3372.0,-1050.0,,0.0,0.0,SYN_A_00209,0.0041874498405766875,SYN_B_03697,experimental_anchor,experimental_anchor
EXP_0015,paper_experiment,Table III,2,(Sn0.33Bi0.67)1-xInx,813,0.000932,0.3874948849104859,0.4195,0.193005115089514,0.0001,14.66,0.03,-2.348,-2519.0,-1304.0,,0.0006237237674640313,0.0006237237674640313,SYN_A_00331,0.003944149884694563,SYN_B_03241,experimental_anchor,experimental_anchor
EXP_0016,paper_experiment,Table III,2,(Sn0.33Bi0.67)1-xInx,813,0.000875,0.3333590792838874,0.5006,0.1660409207161125,0.0001,14.44,0.03,-1.528,-1746.0,-1366.0,,0.0004989790139711819,0.0004989790139711819,SYN_A_00412,0.005226635859857535,SYN_B_02856,experimental_anchor,experimental_anchor
EXP_0017,paper_experiment,Table III,2,(Sn0.33Bi0.67)1-xInx,813,0.001993,0.2529230179028133,0.6211,0.1259769820971867,0.0002,34.14,0.08,-2.232,-1120.0,-1307.0,,0.0001247447534928048,0.0001247447534928048,SYN_A_00532,0.00509300566527502,SYN_B_02288,experimental_anchor,experimental_anchor
EXP_0018,paper_experiment,Table III,2,(Sn0.33Bi0.67)1-xInx,813,0.002349,0.1969181585677749,0.705,0.098081841432225,0.0001,41.21,0.09,-1.658,-705.8,-1173.0,,0.0,0.0,SYN_A_00616,0.006178760304827182,SYN_B_01901,experimental_anchor,experimental_anchor
EXP_0019,paper_experiment,Table III,2,(Sn0.33Bi0.67)1-xInx,813,0.005132,0.1327028132992327,0.8012,0.0660971867007672,0.0002,91.52,0.21,-2.134,-415.8,-926.4,,0.0002494895069856021,0.0002494895069856021,SYN_A_00712,0.004896646952678696,SYN_B_01316,experimental_anchor,experimental_anchor
EXP_0020,paper_experiment,Table III,2,(Sn0.33Bi0.67)1-xInx,813,0.00532,0.0991265984654731,0.8515,0.0493734015345268,0.0001,96.13,0.22,-0.956,-179.7,-737.7,,0.0006237237674639887,0.0006237237674639887,SYN_A_00763,0.0018453877309247216,SYN_B_01051,experimental_anchor,experimental_anchor
EXP_0021,paper_experiment,Table III,2,(Sn0.33Bi0.67)1-xInx,813,0.005463,0.0787005115089514,0.8821,0.0391994884910485,0.0001,99.14,0.24,-0.553,-101.2,-606.6,,0.0001247447534927843,0.0001247447534927843,SYN_A_00793,0.0025960525831214506,SYN_B_00869,experimental_anchor,experimental_anchor
EXP_0022,paper_experiment,Table III,2,(Sn0.33Bi0.67)1-xInx,813,0.005447,0.0653501278772378,0.9021,0.0325498721227621,0.0001,98.93,0.23,-0.47,-86.29,-518.0,,0.0001247447534928104,0.0001247447534928104,SYN_A_00813,0.005703784585736065,SYN_B_00777,experimental_anchor,experimental_anchor
EXP_0023,paper_experiment,Table III,3,(Sn0.33Bi0.67)1-xInx,855,0.000347,0.6008340153452686,0.0999,0.2992659846547315,0.0001,5.43,0.01,-1.327,-3824.0,-295.1,,0.00012474475349280101,0.00012474475349280101,SYN_A_00011,0.0011155089077336754,SYN_B_04301,experimental_anchor,experimental_anchor
EXP_0024,paper_experiment,Table III,3,(Sn0.33Bi0.67)1-xInx,855,0.000432,0.5344158567774936,0.1994,0.2661841432225064,0.0002,6.863,0.01,-1.549,-3586.0,-658.9,,0.0004989790139712562,0.0004989790139712562,SYN_A_00110,0.005866903273932507,SYN_B_03996,experimental_anchor,experimental_anchor
EXP_0025,paper_experiment,Table III,3,(Sn0.33Bi0.67)1-xInx,855,0.000629,0.4603212276214834,0.3104,0.2292787723785166,0.0001,10.22,0.02,-2.025,-3219.0,-1014.0,,0.0004989790139711894,0.0004989790139711894,SYN_A_00221,0.0008850742719085841,SYN_B_03643,experimental_anchor,experimental_anchor
EXP_0026,paper_experiment,Table III,3,(Sn0.33Bi0.67)1-xInx,855,0.000871,0.3861598465473146,0.4215,0.1923401534526854,0.0001,14.96,0.03,-2.005,-2302.0,-1221.0,,0.0006237237674640239,0.0006237237674640239,SYN_A_00332,0.004740579787566814,SYN_B_03241,experimental_anchor,experimental_anchor
EXP_0027,paper_experiment,Table III,3,(Sn0.33Bi0.67)1-xInx,855,0.000983,0.3267506393861893,0.5105,0.1627493606138107,0.0002,17.47,0.04,-1.671,-1700.0,-1295.0,,0.0006237237674640016,0.0006237237674640016,SYN_A_00421,0.004285712097581659,SYN_B_02857,experimental_anchor,experimental_anchor
EXP_0028,paper_experiment,Table III,3,(Sn0.33Bi0.67)1-xInx,855,0.001596,0.26146726342711,0.6083,0.13023273657289,0.0001,29.35,0.08,-1.733,-1086.0,-1253.0,,0.0003742342604784069,0.0003742342604784069,SYN_A_00519,0.002257659911699571,SYN_B_02363,experimental_anchor,experimental_anchor
EXP_0029,paper_experiment,Table III,3,(Sn0.33Bi0.67)1-xInx,855,0.002811,0.1933803069053708,0.7103,0.0963196930946291,0.0001,52.94,0.13,-1.802,-641.1,-1094.0,,0.0003742342604784959,0.0003742342604784959,SYN_A_00621,0.005006109636456079,SYN_B_01820,experimental_anchor,experimental_anchor
EXP_0030,paper_experiment,Table III,3,(Sn0.33Bi0.67)1-xInx,855,0.004488,0.1365744245524296,0.7954,0.0680255754475703,0.0002,85.87,0.22,-1.517,-338.0,-871.9,,0.0004989790139712191,0.0004989790139712191,SYN_A_00706,0.006692751262390828,SYN_B_01403,experimental_anchor,experimental_anchor
EXP_0031,paper_experiment,Table III,3,(Sn0.33Bi0.67)1-xInx,855,0.004655,0.1047337595907928,0.8431,0.0521662404092071,0.0002,89.68,0.21,-0.958,-205.8,-716.4,,0.00012474475349283628,0.00012474475349283628,SYN_A_00754,0.0064835087381793916,SYN_B_01141,experimental_anchor,experimental_anchor
EXP_0032,paper_experiment,Table III,3,(Sn0.33Bi0.67)1-xInx,855,0.003976,0.0873115089514066,0.8692,0.0434884910485933,0.0001,77.28,0.21,-0.151,-37.98,-603.6,,0.00024948950698559466,0.00024948950698559466,SYN_A_00780,0.004476332641178761,SYN_B_00961,experimental_anchor,experimental_anchor
EXP_0033,paper_experiment,Table III,3,(Sn0.33Bi0.67)1-xInx,855,0.004263,0.0740946291560102,0.889,0.0369053708439897,0.0001,82.66,0.2,-0.354,-83.04,-524.9,,0.0,0.0,SYN_A_00800,0.005229026442702101,SYN_B_00776,experimental_anchor,experimental_anchor
EXP_0034,paper_experiment,Table III,3,(Sn0.33Bi0.67)1-xInx,855,0.004163,0.064549104859335,0.9033,0.0321508951406649,0.0001,81.32,0.22,0.251,60.39,-449.5,Positive partial enthalpy of In at In-rich composition; sign confirmed on rendered Table III. Positive heat of reaction; sign confirmed on rendered Table III.,0.0003742342604784125,0.0003742342604784125,SYN_A_00814,0.006725221761448544,SYN_B_00777,experimental_anchor,experimental_anchor
EXP_0035,paper_experiment,Table III,4,(Sn0.50Bi0.50)1-xInx,767,0.000405,0.44675,0.1065,0.44675,0.0001,5.481,0.01,-1.366,-3373.0,-250.0,,0.0006123724356957725,0.0006123724356957725,SYN_A_02481,0.007960841664045348,SYN_B_03566,experimental_anchor,experimental_anchor
EXP_0036,paper_experiment,Table III,4,(Sn0.50Bi0.50)1-xInx,767,0.000443,0.40015,0.1997,0.40015,0.0001,6.359,0.02,-1.13,-2551.0,-490.0,,0.00036742346141748156,0.00036742346141748156,SYN_A_02574,0.00036742346141748156,SYN_B_03281,experimental_anchor,experimental_anchor
EXP_0037,paper_experiment,Table III,4,(Sn0.50Bi0.50)1-xInx,767,0.000619,0.34925,0.3015,0.34925,0.0002,9.017,0.02,-1.448,-2339.0,-725.3,,0.0006123724356957725,0.0006123724356957725,SYN_A_02675,0.0018371173070873626,SYN_B_02971,experimental_anchor,experimental_anchor
EXP_0038,paper_experiment,Table III,4,(Sn0.50Bi0.50)1-xInx,767,0.001005,0.28945,0.4211,0.28945,0.0002,14.78,0.04,-2.213,-2202.0,-978.1,,0.00012247448713914542,0.00012247448713914542,SYN_A_02795,0.0013472193585307357,SYN_B_02566,experimental_anchor,experimental_anchor
EXP_0039,paper_experiment,Table III,4,(Sn0.50Bi0.50)1-xInx,767,0.001108,0.2435,0.513,0.2435,0.0002,17.06,0.04,-1.675,-1512.0,-1063.0,,0.0,0.0,SYN_A_02887,0.00796868872525462,SYN_B_02200,experimental_anchor,experimental_anchor
EXP_0040,paper_experiment,Table III,4,(Sn0.50Bi0.50)1-xInx,767,0.001712,0.1955,0.609,0.1955,0.0002,26.88,0.07,-2.066,-1207.0,-1091.0,,0.0,0.0,SYN_A_02983,0.007176350047203668,SYN_B_01810,experimental_anchor,experimental_anchor
EXP_0041,paper_experiment,Table III,4,(Sn0.50Bi0.50)1-xInx,767,0.00261,0.1503499999999999,0.6993,0.1503499999999999,0.0001,42.49,0.11,-1.637,-627.2,-984.0,,0.0003674234614176175,0.0003674234614176175,SYN_A_03073,0.0008573214099739726,SYN_B_01481,experimental_anchor,experimental_anchor
EXP_0042,paper_experiment,Table III,4,(Sn0.50Bi0.50)1-xInx,767,0.005447,0.1014499999999999,0.7971,0.1014499999999999,0.0002,90.11,0.23,-1.975,-362.6,-781.9,,0.00012247448713914542,0.00012247448713914542,SYN_A_03171,0.003551760127035534,SYN_B_01046,experimental_anchor,experimental_anchor
EXP_0043,paper_experiment,Table III,4,(Sn0.50Bi0.50)1-xInx,767,0.005346,0.0769,0.8462,0.0769,0.0001,89.37,0.23,-1.011,-189.1,-638.5,,0.00024494897427830217,0.00024494897427830217,SYN_A_03220,0.0075934182026278435,SYN_B_00865,experimental_anchor,experimental_anchor
EXP_0044,paper_experiment,Table III,4,(Sn0.50Bi0.50)1-xInx,767,0.00542,0.06175,0.8765,0.06175,0.0001,91.38,0.23,-0.253,-46.68,-521.9,,0.0006123724356957498,0.0006123724356957498,SYN_A_03250,0.004286607049870611,SYN_B_00680,experimental_anchor,experimental_anchor
EXP_0045,paper_experiment,Table III,4,(Sn0.50Bi0.50)1-xInx,767,0.004909,0.0524,0.8952,0.0524,0.0002,82.85,0.22,-0.14,-28.52,-447.2,,0.00024494897427821717,0.00024494897427821717,SYN_A_03269,0.0058787753826796485,SYN_B_00586,experimental_anchor,experimental_anchor
EXP_0046,paper_experiment,Table III,4,(Sn0.50Bi0.50)1-xInx,767,0.004153,0.0464499999999999,0.9071,0.0464499999999999,0.0001,70.13,0.18,-0.083,-19.99,-398.7,,0.00012247448713915109,0.00012247448713915109,SYN_A_03281,0.00791296404642404,SYN_B_00490,experimental_anchor,experimental_anchor
EXP_0047,paper_experiment,Table III,5,(Sn0.50Bi0.50)1-xInx,813,0.000358,0.45235,0.0953,0.45235,0.0001,5.412,0.01,-1.121,-3131.0,-183.7,,0.0003674234614175042,0.0003674234614175042,SYN_A_02469,0.005756300895540446,SYN_B_03566,experimental_anchor,experimental_anchor
EXP_0048,paper_experiment,Table III,5,(Sn0.50Bi0.50)1-xInx,813,0.000525,0.39685,0.2063,0.39685,0.0001,8.324,0.02,-1.257,-2394.0,-454.8,,0.0003674234614175269,0.0003674234614175269,SYN_A_02580,0.007715892689767045,SYN_B_03281,experimental_anchor,experimental_anchor
EXP_0049,paper_experiment,Table III,5,(Sn0.50Bi0.50)1-xInx,813,0.000654,0.3443,0.3114,0.3443,0.0001,10.38,0.02,-1.554,-2376.0,-709.4,,0.000489897948556627,0.000489897948556627,SYN_A_02685,0.007275987905432471,SYN_B_02905,experimental_anchor,experimental_anchor
EXP_0050,paper_experiment,Table III,5,(Sn0.50Bi0.50)1-xInx,813,0.000764,0.2981,0.4038,0.2981,0.0001,12.28,0.03,-1.664,-2178.0,-906.3,,0.00024494897427833616,0.00024494897427833616,SYN_A_02778,0.004654030511288025,SYN_B_02636,experimental_anchor,experimental_anchor
EXP_0051,paper_experiment,Table III,5,(Sn0.50Bi0.50)1-xInx,813,0.001073,0.2509,0.4982,0.2509,0.0001,17.86,0.04,-1.72,-1603.0,-1017.0,,0.00024494897427829084,0.00024494897427829084,SYN_A_02872,0.002204540768504889,SYN_B_02276,experimental_anchor,experimental_anchor
EXP_0052,paper_experiment,Table III,5,(Sn0.50Bi0.50)1-xInx,813,0.001817,0.1977999999999999,0.6044,0.1977999999999999,0.0001,30.89,0.07,-2.268,-1248.0,-1066.0,,0.0004898979485567856,0.0004898979485567856,SYN_A_02978,0.0053888774341231465,SYN_B_01891,experimental_anchor,experimental_anchor
EXP_0053,paper_experiment,Table III,5,(Sn0.50Bi0.50)1-xInx,813,0.00326,0.1434,0.7132,0.1434,0.0001,57.84,0.14,-1.652,-506.7,-911.9,,0.00024494897427829084,0.00024494897427829084,SYN_A_03087,0.008084553172563076,SYN_B_01395,experimental_anchor,experimental_anchor
EXP_0054,paper_experiment,Table III,5,(Sn0.50Bi0.50)1-xInx,813,0.005542,0.0977,0.8046,0.0977,0.0002,99.26,0.24,-1.88,-339.2,-729.4,,0.000489897948556763,0.000489897948556763,SYN_A_03179,0.0056338264084012666,SYN_B_01046,experimental_anchor,experimental_anchor
EXP_0055,paper_experiment,Table III,5,(Sn0.50Bi0.50)1-xInx,813,0.005492,0.0742499999999999,0.8515,0.0742499999999999,0.0002,99.97,0.24,-0.251,-45.7,-565.3,,0.0006123724356956704,0.0006123724356956704,SYN_A_03226,0.0073058195981012585,SYN_B_00772,experimental_anchor,experimental_anchor
EXP_0056,paper_experiment,Table III,5,(Sn0.50Bi0.50)1-xInx,813,0.005988,0.05885,0.8823,0.05885,0.0002,109.0,0.24,-0.271,-45.26,-457.4,,0.00036742346141744757,0.00036742346141744757,SYN_A_03256,0.002816913204200628,SYN_B_00680,experimental_anchor,experimental_anchor
EXP_0057,paper_experiment,Table III,5,(Sn0.50Bi0.50)1-xInx,813,0.005076,0.0500499999999999,0.8999,0.0500499999999999,0.0001,92.82,0.25,0.192,37.83,-383.4,Positive partial enthalpy of In at In-rich composition; sign confirmed on rendered Table III. Positive heat of reaction; sign confirmed on rendered Table III.,0.00012247448713915109,0.00012247448713915109,SYN_A_03274,0.0001224744871390661,SYN_B_00586,experimental_anchor,experimental_anchor
EXP_0058,paper_experiment,Table III,6,(Sn0.50Bi0.50)1-xInx,855,0.000383,0.44935,0.1013,0.44935,0.0001,6.389,0.02,-1.069,-2791.0,-168.2,,0.00036742346141745895,0.00036742346141745895,SYN_A_02475,0.001592168332809049,SYN_B_03566,experimental_anchor,experimental_anchor
EXP_0059,paper_experiment,Table III,6,(Sn0.50Bi0.50)1-xInx,855,0.000476,0.3991,0.2018,0.3991,0.0001,8.16,0.02,-1.109,-2330.0,-409.9,,0.0002449489742783135,0.0002449489742783135,SYN_A_02576,0.0022045407685048666,SYN_B_03281,experimental_anchor,experimental_anchor
EXP_0060,paper_experiment,Table III,6,(Sn0.50Bi0.50)1-xInx,855,0.000589,0.3506,0.2988,0.3506,0.0002,10.15,0.03,-1.319,-2239.0,-632.3,,0.00024494897427833616,0.00024494897427833616,SYN_A_02673,0.0014696938456699262,SYN_B_02971,experimental_anchor,experimental_anchor
EXP_0061,paper_experiment,Table III,6,(Sn0.50Bi0.50)1-xInx,855,0.000847,0.29845,0.4031,0.29845,0.0002,14.59,0.04,-1.9,-2243.0,-871.9,,0.00012247448713914542,0.00012247448713914542,SYN_A_02777,0.003796709101313916,SYN_B_02636,experimental_anchor,experimental_anchor
EXP_0062,paper_experiment,Table III,6,(Sn0.50Bi0.50)1-xInx,855,0.001406,0.23935,0.5213,0.23935,0.0002,25.23,0.07,-2.145,-1526.0,-1001.4,,0.00036742346141743624,0.00036742346141743624,SYN_A_02895,0.0015921683328090264,SYN_B_02201,experimental_anchor,experimental_anchor
EXP_0063,paper_experiment,Table III,6,(Sn0.50Bi0.50)1-xInx,855,0.001686,0.1934,0.6132,0.1934,0.0001,31.08,0.09,-1.755,-1041.0,-1009.0,,0.0002449489742783135,0.0002449489742783135,SYN_A_02987,0.008084553172563099,SYN_B_01810,experimental_anchor,experimental_anchor
EXP_0064,paper_experiment,Table III,6,(Sn0.50Bi0.50)1-xInx,855,0.005285,0.12075,0.7585,0.12075,0.0001,100.6,0.28,-2.332,-441.2,-795.7,,0.0006123724356957498,0.0006123724356957498,SYN_A_03132,0.0018371173070874307,SYN_B_01223,experimental_anchor,experimental_anchor
EXP_0065,paper_experiment,Table III,6,(Sn0.50Bi0.50)1-xInx,855,0.005503,0.0867999999999999,0.8264,0.0867999999999999,0.0001,106.7,0.3,-0.473,-85.95,-596.2,,0.000489897948556763,0.000489897948556763,SYN_A_03200,0.007838367176906303,SYN_B_00956,experimental_anchor,experimental_anchor
EXP_0066,paper_experiment,Table III,6,(Sn0.50Bi0.50)1-xInx,855,0.005448,0.0679,0.8642,0.0679,0.0001,105.8,0.3,-0.34,-62.41,-480.0,,0.00024494897427830217,0.00024494897427830217,SYN_A_03238,0.005143928459844663,SYN_B_00773,experimental_anchor,experimental_anchor
EXP_0067,paper_experiment,Table III,6,(Sn0.50Bi0.50)1-xInx,855,0.00559,0.0554999999999999,0.889,0.0554999999999999,0.0002,108.5,0.31,-0.303,-54.2,-402.2,,0.0,0.0,SYN_A_03263,0.0071763500472036435,SYN_B_00681,experimental_anchor,experimental_anchor
EXP_0068,paper_experiment,Table III,6,(Sn0.50Bi0.50)1-xInx,855,0.005575,0.0469499999999999,0.9061,0.0469499999999999,0.0001,108.3,0.3,-0.229,-41.08,-346.6,,0.00012247448713915109,0.00012247448713915109,SYN_A_03280,0.007470943715488771,SYN_B_00586,experimental_anchor,experimental_anchor
EXP_0069,paper_experiment,Table III,7,(Sn0.67Bi0.33)1-xInx,767,0.000396,0.3012811203878265,0.0964,0.6023188796121735,0.0001,5.811,0.02,-0.884,-2232.0,-105.2,,0.0004988780567469383,0.0004988780567469383,SYN_A_04933,0.004469728415000022,SYN_B_02606,experimental_anchor,experimental_anchor
EXP_0070,paper_experiment,Table III,7,(Sn0.67Bi0.33)1-xInx,767,0.000568,0.2647046054403447,0.2061,0.5291953945596553,0.0001,8.656,0.03,-0.947,-1667.0,-294.9,,0.0001247195141867596,0.0001247195141867596,SYN_A_05043,0.006163659810855321,SYN_B_02323,experimental_anchor,experimental_anchor
EXP_0071,paper_experiment,Table III,7,(Sn0.67Bi0.33)1-xInx,767,0.000737,0.2286615674656611,0.3142,0.4571384325343388,0.0001,11.24,0.03,-1.219,-1654.0,-479.9,,0.0002494390283734599,0.0002494390283734599,SYN_A_05151,0.005255470484124862,SYN_B_02102,experimental_anchor,experimental_anchor
EXP_0072,paper_experiment,Table III,7,(Sn0.67Bi0.33)1-xInx,767,0.000807,0.198986910853757,0.4032,0.3978130891462429,0.0001,12.31,0.04,-1.331,-1649.0,-631.6,,0.0002494390283734302,0.0002494390283734302,SYN_A_05240,0.004006111418884391,SYN_B_01871,experimental_anchor,experimental_anchor
EXP_0073,paper_experiment,Table III,7,(Sn0.67Bi0.33)1-xInx,767,0.001354,0.1634440075410718,0.5098,0.326755992458928,0.0001,20.98,0.06,-1.911,-1411.0,-771.0,,0.0002494390283734302,0.0002494390283734302,SYN_A_05347,0.004735480215299341,SYN_B_01548,experimental_anchor,experimental_anchor
EXP_0074,paper_experiment,Table III,7,(Sn0.67Bi0.33)1-xInx,767,0.002033,0.1288346889307837,0.6136,0.2575653110692162,0.0001,32.84,0.09,-1.533,-754.1,-767.4,,0.0004988780567468826,0.0004988780567468826,SYN_A_05451,0.0044995177605738545,SYN_B_01297,experimental_anchor,experimental_anchor
EXP_0075,paper_experiment,Table III,7,(Sn0.67Bi0.33)1-xInx,767,0.002845,0.0994267708052787,0.7018,0.1987732291947212,0.0002,46.83,0.14,-1.272,-447.1,-694.2,,0.0002494390283734413,0.0002494390283734413,SYN_A_05539,0.0022524560635815575,SYN_B_01036,experimental_anchor,experimental_anchor
EXP_0076,paper_experiment,Table III,7,(Sn0.67Bi0.33)1-xInx,767,0.005496,0.0689852410449771,0.7931,0.1379147589550228,0.0002,91.77,0.28,-1.143,-208.0,-545.3,,0.00012471951418668913,0.00012471951418668913,SYN_A_05630,0.0038714294456255773,SYN_B_00766,experimental_anchor,experimental_anchor
EXP_0077,paper_experiment,Table III,7,(Sn0.67Bi0.33)1-xInx,767,0.005466,0.0528809049286291,0.8414,0.1057190950713708,0.0002,91.65,0.27,-0.761,-139.2,-450.5,,0.0004988780567470329,0.0004988780567470329,SYN_A_05678,0.005346565272748609,SYN_B_00580,experimental_anchor,experimental_anchor
EXP_0078,paper_experiment,Table III,7,(Sn0.67Bi0.33)1-xInx,767,0.00562,0.0426448155130622,0.8721,0.0852551844869378,0.0001,94.42,0.29,-0.592,-105.3,-383.7,,0.00012471951418666874,0.00012471951418666874,SYN_A_05709,0.005823943968749198,SYN_B_00486,experimental_anchor,experimental_anchor
EXP_0079,paper_experiment,Table III,7,(Sn0.67Bi0.33)1-xInx,767,0.005414,0.0359430110422838,0.8922,0.0718569889577161,0.0001,91.01,0.27,-0.516,-95.31,-338.4,,0.00024943902837345057,0.00024943902837345057,SYN_A_05729,0.004974692693233483,SYN_B_00488,experimental_anchor,experimental_anchor
EXP_0080,paper_experiment,Table III,7,(Sn0.67Bi0.33)1-xInx,767,0.005612,0.0309083221115001,0.9073,0.0617916778884998,0.0001,94.9,0.28,0.024,4.277,-290.4,Positive partial enthalpy of In at In-rich composition; sign confirmed on rendered Table III. Positive heat of reaction; sign confirmed on rendered Table III.,0.00037415854256014067,0.00037415854256014067,SYN_A_05744,0.003365287315279231,SYN_B_00392,experimental_anchor,experimental_anchor
EXP_0081,paper_experiment,Table III,8,(Sn0.67Bi0.33)1-xInx,813,0.000441,0.2980135739294371,0.1062,0.5957864260705629,0.0001,7.196,0.02,-0.852,-1932.0,-92.74,,0.00024943902837345247,0.00024943902837345247,SYN_A_04943,0.007201986892788812,SYN_B_02607,experimental_anchor,experimental_anchor
EXP_0082,paper_experiment,Table III,8,(Sn0.67Bi0.33)1-xInx,813,0.000584,0.2613036897387557,0.2163,0.5223963102612443,0.0001,9.7,0.03,-0.957,-1639.0,-283.3,,0.0003741585425601305,0.0003741585425601305,SYN_A_05053,0.0045969457037343476,SYN_B_02324,experimental_anchor,experimental_anchor
EXP_0083,paper_experiment,Table III,8,(Sn0.67Bi0.33)1-xInx,813,0.000598,0.2319957985456504,0.3042,0.4638042014543495,0.0001,9.937,0.03,-0.976,-1632.0,-434.5,,0.0002494390283734747,0.0002494390283734747,SYN_A_05141,0.007217697731277914,SYN_B_02102,experimental_anchor,experimental_anchor
EXP_0084,paper_experiment,Table III,8,(Sn0.67Bi0.33)1-xInx,813,0.00096,0.1966196067869647,0.4103,0.3930803932130353,0.0002,15.96,0.05,-1.559,-1624.0,-615.8,,0.00037415854256026395,0.00037415854256026395,SYN_A_05247,0.0045832172784681545,SYN_B_01872,experimental_anchor,experimental_anchor
EXP_0085,paper_experiment,Table III,8,(Sn0.67Bi0.33)1-xInx,813,0.001109,0.1671783463506598,0.4986,0.3342216536493402,0.0001,18.58,0.06,-1.66,-1497.0,-747.8,,0.000498878056746994,0.000498878056746994,SYN_A_05336,0.005267265785188953,SYN_B_01632,experimental_anchor,experimental_anchor
EXP_0086,paper_experiment,Table III,8,(Sn0.67Bi0.33)1-xInx,813,0.001907,0.1329357931591704,0.6013,0.2657642068408296,0.0002,33.37,0.11,-1.431,-750.4,-748.3,,0.0003741585425601305,0.0003741585425601305,SYN_A_05438,0.0053151505303901505,SYN_B_01296,experimental_anchor,experimental_anchor
EXP_0087,paper_experiment,Table III,8,(Sn0.67Bi0.33)1-xInx,813,0.003238,0.0986598976568812,0.7041,0.1972401023431188,0.0002,57.66,0.2,-1.429,-441.3,-669.1,,0.0001247195141867151,0.0001247195141867151,SYN_A_05541,0.005120830925395877,SYN_B_01036,experimental_anchor,experimental_anchor
EXP_0088,paper_experiment,Table III,8,(Sn0.67Bi0.33)1-xInx,813,0.0051,0.0701522219229733,0.7896,0.1402477780770266,0.0002,92.27,0.3,-0.8,-156.9,-521.1,,0.0004988780567469716,0.0004988780567469716,SYN_A_05627,0.0004945356299486732,SYN_B_00766,experimental_anchor,experimental_anchor
EXP_0089,paper_experiment,Table III,8,(Sn0.67Bi0.33)1-xInx,813,0.005161,0.0542812819822245,0.8372,0.1085187180177753,0.0001,93.5,0.31,-0.683,-132.3,-433.1,,0.00024943902837361754,0.00024943902837361754,SYN_A_05674,0.0053257461188253395,SYN_B_00580,experimental_anchor,experimental_anchor
EXP_0090,paper_experiment,Table III,8,(Sn0.67Bi0.33)1-xInx,813,0.005559,0.0436450848370589,0.8691,0.087254915162941,0.0001,101.1,0.33,-0.346,-62.24,-360.5,,0.00012471951418672065,0.00012471951418672065,SYN_A_05706,0.004651035823556724,SYN_B_00486,experimental_anchor,experimental_anchor
EXP_0091,paper_experiment,Table III,8,(Sn0.67Bi0.33)1-xInx,813,0.005452,0.0366098572582817,0.8902,0.0731901427417183,0.0001,99.27,0.33,-0.223,-40.9,-308.9,,0.0002494390283733634,0.0002494390283733634,SYN_A_05727,0.004659407529049501,SYN_B_00488,experimental_anchor,experimental_anchor
EXP_0092,paper_experiment,Table III,8,(Sn0.67Bi0.33)1-xInx,813,0.005393,0.0315751683274979,0.9053,0.063124831672502,0.0001,98.54,0.32,0.123,22.81,-263.3,Positive partial enthalpy of In at In-rich composition; sign confirmed on rendered Table III. Positive heat of reaction; sign confirmed on rendered Table III.,0.0003741585425601638,0.0003741585425601638,SYN_A_05742,0.005859669635860419,SYN_B_00392,experimental_anchor,experimental_anchor
EXP_0093,paper_experiment,Table III,9,(Sn0.67Bi0.33)1-xInx,855,0.000434,0.2985137085914354,0.1047,0.5967862914085644,0.0001,7.709,0.02,-0.742,-1710.0,-64.32,,0.00037415854256011563,0.00037415854256011563,SYN_A_04942,0.0058844698199446615,SYN_B_02606,experimental_anchor,experimental_anchor
EXP_0094,paper_experiment,Table III,9,(Sn0.67Bi0.33)1-xInx,855,0.000568,0.2625706975491516,0.2125,0.5249293024508483,0.0001,10.14,0.03,-0.919,-1618.0,-251.5,,0.0006235975709336868,0.0006235975709336868,SYN_A_05049,0.006210512017876365,SYN_B_02323,experimental_anchor,experimental_anchor
EXP_0095,paper_experiment,Table III,9,(Sn0.67Bi0.33)1-xInx,855,0.000592,0.2332628063560463,0.3004,0.4663371936439536,0.0001,10.54,0.03,-0.988,-1669.0,-409.6,,0.0004988780567469049,0.0004988780567469049,SYN_A_05137,0.004921590771178539,SYN_B_02101,experimental_anchor,experimental_anchor
EXP_0096,paper_experiment,Table III,9,(Sn0.67Bi0.33)1-xInx,855,0.000843,0.2012875302989496,0.3963,0.4024124697010504,0.0001,15.05,0.04,-1.363,-1617.0,-575.1,,0.00037415854256012305,0.00037415854256012305,SYN_A_05233,0.004600841697906972,SYN_B_01871,experimental_anchor,experimental_anchor
EXP_0097,paper_experiment,Table III,9,(Sn0.67Bi0.33)1-xInx,855,0.001434,0.1632439536762725,0.5104,0.3263560463237274,0.0001,25.9,0.07,-2.028,-1414.0,-733.7,,0.0004988780567468826,0.0004988780567468826,SYN_A_05347,0.004895062190475485,SYN_B_01548,experimental_anchor,experimental_anchor
EXP_0098,paper_experiment,Table III,9,(Sn0.67Bi0.33)1-xInx,855,0.001835,0.1314353891731753,0.6058,0.2627646108268247,0.0002,34.41,0.1,-1.327,-723.2,-731.7,,0.0002494390283734821,0.0002494390283734821,SYN_A_05443,0.0052290931433915805,SYN_B_01297,experimental_anchor,experimental_anchor
EXP_0099,paper_experiment,Table III,9,(Sn0.67Bi0.33)1-xInx,855,0.003217,0.0979597091300834,0.7062,0.1958402908699164,0.0001,61.4,0.18,-1.248,-387.9,-644.2,,0.00024943902837359336,0.00024943902837359336,SYN_A_05543,0.007260288167772209,SYN_B_01037,experimental_anchor,experimental_anchor
EXP_0100,paper_experiment,Table III,9,(Sn0.67Bi0.33)1-xInx,855,0.005497,0.0682850525181793,0.7952,0.1365149474818206,0.0001,106.4,0.31,-0.661,-120.2,-485.3,,0.0002494390283734413,0.0002494390283734413,SYN_A_05632,0.00649050351820809,SYN_B_00766,experimental_anchor,experimental_anchor
EXP_0101,paper_experiment,Table III,9,(Sn0.67Bi0.33)1-xInx,855,0.005491,0.0524141125774306,0.8428,0.1047858874225693,0.0001,106.4,0.3,-0.541,-98.52,-395.4,,0.00024943902837344314,0.00024943902837344314,SYN_A_05680,0.0063917845322437015,SYN_B_00580,experimental_anchor,experimental_anchor
EXP_0102,paper_experiment,Table III,9,(Sn0.67Bi0.33)1-xInx,855,0.005187,0.0429782386210611,0.8711,0.0859217613789388,0.0001,100.9,0.3,-0.124,-23.91,-328.5,,0.00012471951418672065,0.00012471951418672065,SYN_A_05708,0.005168359075595954,SYN_B_00486,experimental_anchor,experimental_anchor
EXP_0103,paper_experiment,Table III,9,(Sn0.67Bi0.33)1-xInx,855,0.005703,0.035876326420684,0.8924,0.0717236735793159,0.0002,111.3,0.32,0.241,42.26,-267.3,Positive partial enthalpy of In at In-rich composition; sign confirmed on rendered Table III. Positive heat of reaction; sign confirmed on rendered Table III.,0.0004988780567468919,0.0004988780567468919,SYN_A_05729,0.005073039956158466,SYN_B_00488,experimental_anchor,experimental_anchor
EXP_0104,paper_experiment,Table III,9,(Sn0.67Bi0.33)1-xInx,855,0.005548,0.0309083221115001,0.9073,0.0617916778884998,0.0001,108.5,0.31,0.493,88.86,-218.0,Positive partial enthalpy of In at In-rich composition; sign confirmed on rendered Table III. Positive heat of reaction; sign confirmed on rendered Table III.,0.00037415854256014067,0.00037415854256014067,SYN_A_05744,0.003365287315279231,SYN_B_00392,experimental_anchor,experimental_anchor
