experiment_id,cross_section,temperature_K,xBi,xIn,xSn,experimental_delta_mixH,rkm_prediction,ml_prediction,fold,held_out_section,training_type,model_degree
EXP_0001,(Sn0.33Bi0.67)1-xInx,767,0.6021023017902813,0.098,0.2998976982097187,-380.4,-319.3582266540738,-196.90480611091954,1,(Sn0.33Bi0.67)1-xInx,experimental_only,2
EXP_0002,(Sn0.33Bi0.67)1-xInx,767,0.5251373401534527,0.2133,0.2615626598465473,-841.6,-779.3981338969363,-718.9291206161992,1,(Sn0.33Bi0.67)1-xInx,experimental_only,2
EXP_0003,(Sn0.33Bi0.67)1-xInx,767,0.4618565217391304,0.3081,0.2300434782608695,-1142.0,-1067.1245349076441,-1028.825361413558,1,(Sn0.33Bi0.67)1-xInx,experimental_only,2
EXP_0004,(Sn0.33Bi0.67)1-xInx,767,0.3936360613810742,0.4103,0.1960639386189258,-1346.0,-1259.8994805704758,-1242.304677790265,1,(Sn0.33Bi0.67)1-xInx,experimental_only,2
EXP_0005,(Sn0.33Bi0.67)1-xInx,767,0.3376312020460358,0.4942,0.1681687979539642,-1413.0,-1317.01093745515,-1324.0253841990796,1,(Sn0.33Bi0.67)1-xInx,experimental_only,2
EXP_0006,(Sn0.33Bi0.67)1-xInx,767,0.2652721227621483,0.6026,0.1321278772378516,-1389.0,-1252.6185423470095,-1304.737882196788,1,(Sn0.33Bi0.67)1-xInx,experimental_only,2
EXP_0007,(Sn0.33Bi0.67)1-xInx,767,0.1933803069053708,0.7103,0.0963196930946291,-1227.0,-1043.68023917639,-1146.1545198463127,1,(Sn0.33Bi0.67)1-xInx,experimental_only,2
EXP_0008,(Sn0.33Bi0.67)1-xInx,767,0.1284974424552429,0.8075,0.064002557544757,-959.0,-750.7731052453768,-883.7254295157211,1,(Sn0.33Bi0.67)1-xInx,experimental_only,2
EXP_0009,(Sn0.33Bi0.67)1-xInx,767,0.0966567774936061,0.8552,0.0481432225063938,-792.5,-579.2308365652174,-713.5367497808279,1,(Sn0.33Bi0.67)1-xInx,experimental_only,2
EXP_0010,(Sn0.33Bi0.67)1-xInx,767,0.0771652173913043,0.8844,0.0384347826086956,-656.3,-467.5764374779218,-595.9028363730607,1,(Sn0.33Bi0.67)1-xInx,experimental_only,2
EXP_0011,(Sn0.33Bi0.67)1-xInx,767,0.0642820971867008,0.9037,0.0320179028132992,-565.5,-391.63835530383426,-512.5443391264076,1,(Sn0.33Bi0.67)1-xInx,experimental_only,2
EXP_0012,(Sn0.33Bi0.67)1-xInx,813,0.5984309462915601,0.1035,0.2980690537084399,-343.5,-343.3641489715695,-225.4238292421012,1,(Sn0.33Bi0.67)1-xInx,experimental_only,2
EXP_0013,(Sn0.33Bi0.67)1-xInx,813,0.527406905370844,0.2099,0.262693094629156,-758.4,-767.3730813353966,-705.8146234282273,1,(Sn0.33Bi0.67)1-xInx,experimental_only,2
EXP_0014,(Sn0.33Bi0.67)1-xInx,813,0.4685984654731457,0.298,0.2334015345268542,-1050.0,-1041.151336327319,-1000.9335980181186,1,(Sn0.33Bi0.67)1-xInx,experimental_only,2
EXP_0015,(Sn0.33Bi0.67)1-xInx,813,0.3874948849104859,0.4195,0.193005115089514,-1304.0,-1270.717521110849,-1255.3825518758626,1,(Sn0.33Bi0.67)1-xInx,experimental_only,2
EXP_0016,(Sn0.33Bi0.67)1-xInx,813,0.3333590792838874,0.5006,0.1660409207161125,-1366.0,-1317.514604332184,-1326.797172395412,1,(Sn0.33Bi0.67)1-xInx,experimental_only,2
EXP_0017,(Sn0.33Bi0.67)1-xInx,813,0.2529230179028133,0.6211,0.1259769820971867,-1307.0,-1226.5245309524773,-1287.3828313164167,1,(Sn0.33Bi0.67)1-xInx,experimental_only,2
EXP_0018,(Sn0.33Bi0.67)1-xInx,813,0.1969181585677749,0.705,0.098081841432225,-1173.0,-1057.0350576359806,-1157.2096396931738,1,(Sn0.33Bi0.67)1-xInx,experimental_only,2
EXP_0019,(Sn0.33Bi0.67)1-xInx,813,0.1327028132992327,0.8012,0.0660971867007672,-926.4,-772.2383975448727,-904.1652452860819,1,(Sn0.33Bi0.67)1-xInx,experimental_only,2
EXP_0020,(Sn0.33Bi0.67)1-xInx,813,0.0991265984654731,0.8515,0.0493734015345268,-737.7,-593.0548894778041,-727.7132053901878,1,(Sn0.33Bi0.67)1-xInx,experimental_only,2
EXP_0021,(Sn0.33Bi0.67)1-xInx,813,0.0787005115089514,0.8821,0.0391994884910485,-606.6,-476.52233197742123,-605.539147436422,1,(Sn0.33Bi0.67)1-xInx,experimental_only,2
EXP_0022,(Sn0.33Bi0.67)1-xInx,813,0.0653501278772378,0.9021,0.0325498721227621,-518.0,-397.9885869420851,-519.6245362741972,1,(Sn0.33Bi0.67)1-xInx,experimental_only,2
EXP_0023,(Sn0.33Bi0.67)1-xInx,855,0.6008340153452686,0.0999,0.2992659846547315,-295.1,-327.6694967071145,-206.79780662560756,1,(Sn0.33Bi0.67)1-xInx,experimental_only,2
EXP_0024,(Sn0.33Bi0.67)1-xInx,855,0.5344158567774936,0.1994,0.2661841432225064,-658.9,-729.5638395364317,-664.4396713376042,1,(Sn0.33Bi0.67)1-xInx,experimental_only,2
EXP_0025,(Sn0.33Bi0.67)1-xInx,855,0.4603212276214834,0.3104,0.2292787723785166,-1014.0,-1072.8730219980275,-1035.0061048642408,1,(Sn0.33Bi0.67)1-xInx,experimental_only,2
EXP_0026,(Sn0.33Bi0.67)1-xInx,855,0.3861598465473146,0.4215,0.1923401534526854,-1221.0,-1272.9221417605013,-1258.091383001457,1,(Sn0.33Bi0.67)1-xInx,experimental_only,2
EXP_0027,(Sn0.33Bi0.67)1-xInx,855,0.3267506393861893,0.5105,0.1627493606138107,-1295.0,-1317.2170635260377,-1330.1181112697445,1,(Sn0.33Bi0.67)1-xInx,experimental_only,2
EXP_0028,(Sn0.33Bi0.67)1-xInx,855,0.26146726342711,0.6083,0.13023273657289,-1253.0,-1245.0329126207093,-1299.8277099529644,1,(Sn0.33Bi0.67)1-xInx,experimental_only,2
EXP_0029,(Sn0.33Bi0.67)1-xInx,855,0.1933803069053708,0.7103,0.0963196930946291,-1094.0,-1043.68023917639,-1146.1545198463127,1,(Sn0.33Bi0.67)1-xInx,experimental_only,2
EXP_0030,(Sn0.33Bi0.67)1-xInx,855,0.1365744245524296,0.7954,0.0680255754475703,-871.9,-791.7286753438465,-922.5624471210514,1,(Sn0.33Bi0.67)1-xInx,experimental_only,2
EXP_0031,(Sn0.33Bi0.67)1-xInx,855,0.1047337595907928,0.8431,0.0521662404092071,-716.4,-624.1396949400765,-759.2887267513073,1,(Sn0.33Bi0.67)1-xInx,experimental_only,2
EXP_0032,(Sn0.33Bi0.67)1-xInx,855,0.0873115089514066,0.8692,0.0434884910485933,-603.6,-526.2376649151946,-658.4116855936746,1,(Sn0.33Bi0.67)1-xInx,experimental_only,2
EXP_0033,(Sn0.33Bi0.67)1-xInx,855,0.0740946291560102,0.889,0.0369053708439897,-524.9,-449.614884582801,-576.4400789220413,1,(Sn0.33Bi0.67)1-xInx,experimental_only,2
EXP_0034,(Sn0.33Bi0.67)1-xInx,855,0.064549104859335,0.9033,0.0321508951406649,-449.5,-393.22677338615034,-514.3172638057828,1,(Sn0.33Bi0.67)1-xInx,experimental_only,2
EXP_0035,(Sn0.50Bi0.50)1-xInx,767,0.44675,0.1065,0.44675,-250.0,-177.68127661798496,-220.1984194664073,2,(Sn0.50Bi0.50)1-xInx,experimental_only,2
EXP_0036,(Sn0.50Bi0.50)1-xInx,767,0.40015,0.1997,0.40015,-490.0,-459.4003160607007,-542.6252934886854,2,(Sn0.50Bi0.50)1-xInx,experimental_only,2
EXP_0037,(Sn0.50Bi0.50)1-xInx,767,0.34925,0.3015,0.34925,-725.3,-732.5779277217148,-803.6521543427637,2,(Sn0.50Bi0.50)1-xInx,experimental_only,2
EXP_0038,(Sn0.50Bi0.50)1-xInx,767,0.28945,0.4211,0.28945,-978.1,-957.4354982094574,-988.7319250094814,2,(Sn0.50Bi0.50)1-xInx,experimental_only,2
EXP_0039,(Sn0.50Bi0.50)1-xInx,767,0.2435,0.513,0.2435,-1063.0,-1034.803545342359,-1041.6960757545269,2,(Sn0.50Bi0.50)1-xInx,experimental_only,2
EXP_0040,(Sn0.50Bi0.50)1-xInx,767,0.1955,0.609,0.1955,-1091.0,-1015.126981652759,-1014.1944037879293,2,(Sn0.50Bi0.50)1-xInx,experimental_only,2
EXP_0041,(Sn0.50Bi0.50)1-xInx,767,0.1503499999999999,0.6993,0.1503499999999999,-984.0,-901.5973965990419,-911.0782740862923,2,(Sn0.50Bi0.50)1-xInx,experimental_only,2
EXP_0042,(Sn0.50Bi0.50)1-xInx,767,0.1014499999999999,0.7971,0.1014499999999999,-781.9,-682.555710823105,-714.9260770845474,2,(Sn0.50Bi0.50)1-xInx,experimental_only,2
EXP_0043,(Sn0.50Bi0.50)1-xInx,767,0.0769,0.8462,0.0769,-638.5,-540.1664285223325,-583.3291502748893,2,(Sn0.50Bi0.50)1-xInx,experimental_only,2
EXP_0044,(Sn0.50Bi0.50)1-xInx,767,0.06175,0.8765,0.06175,-521.9,-443.32979257888985,-491.07259387507577,2,(Sn0.50Bi0.50)1-xInx,experimental_only,2
EXP_0045,(Sn0.50Bi0.50)1-xInx,767,0.0524,0.8952,0.0524,-447.2,-380.62314556403675,-429.92791159530805,2,(Sn0.50Bi0.50)1-xInx,experimental_only,2
EXP_0046,(Sn0.50Bi0.50)1-xInx,767,0.0464499999999999,0.9071,0.0464499999999999,-398.7,-339.6775238628549,-389.3456006811489,2,(Sn0.50Bi0.50)1-xInx,experimental_only,2
EXP_0047,(Sn0.50Bi0.50)1-xInx,813,0.45235,0.0953,0.45235,-183.7,-143.6106112349837,-176.0827408137389,2,(Sn0.50Bi0.50)1-xInx,experimental_only,2
EXP_0048,(Sn0.50Bi0.50)1-xInx,813,0.39685,0.2063,0.39685,-454.8,-478.64445535628374,-562.4335701396324,2,(Sn0.50Bi0.50)1-xInx,experimental_only,2
EXP_0049,(Sn0.50Bi0.50)1-xInx,813,0.3443,0.3114,0.3443,-709.4,-755.7426507966974,-823.9591366356765,2,(Sn0.50Bi0.50)1-xInx,experimental_only,2
EXP_0050,(Sn0.50Bi0.50)1-xInx,813,0.2981,0.4038,0.2981,-906.3,-932.9941406480763,-970.0868769944094,2,(Sn0.50Bi0.50)1-xInx,experimental_only,2
EXP_0051,(Sn0.50Bi0.50)1-xInx,813,0.2509,0.4982,0.2509,-1017.0,-1028.5460520368104,-1038.4060972753273,2,(Sn0.50Bi0.50)1-xInx,experimental_only,2
EXP_0052,(Sn0.50Bi0.50)1-xInx,813,0.1977999999999999,0.6044,0.1977999999999999,-1066.0,-1018.4680591379805,-1017.4427692082972,2,(Sn0.50Bi0.50)1-xInx,experimental_only,2
EXP_0053,(Sn0.50Bi0.50)1-xInx,813,0.1434,0.7132,0.1434,-911.9,-876.2600408819123,-888.5547967860457,2,(Sn0.50Bi0.50)1-xInx,experimental_only,2
EXP_0054,(Sn0.50Bi0.50)1-xInx,813,0.0977,0.8046,0.0977,-729.4,-662.0770451503564,-696.2573555493004,2,(Sn0.50Bi0.50)1-xInx,experimental_only,2
EXP_0055,(Sn0.50Bi0.50)1-xInx,813,0.0742499999999999,0.8515,0.0742499999999999,-565.3,-523.6854653340391,-567.8002785147922,2,(Sn0.50Bi0.50)1-xInx,experimental_only,2
EXP_0056,(Sn0.50Bi0.50)1-xInx,813,0.05885,0.8823,0.05885,-457.4,-424.10568002824493,-472.45149164023917,2,(Sn0.50Bi0.50)1-xInx,experimental_only,2
EXP_0057,(Sn0.50Bi0.50)1-xInx,813,0.0500499999999999,0.8999,0.0500499999999999,-383.4,-364.5433492692703,-414.05499048200943,2,(Sn0.50Bi0.50)1-xInx,experimental_only,2
EXP_0058,(Sn0.50Bi0.50)1-xInx,855,0.44935,0.1013,0.44935,-168.2,-161.84246382191213,-199.8594042949923,2,(Sn0.50Bi0.50)1-xInx,experimental_only,2
EXP_0059,(Sn0.50Bi0.50)1-xInx,855,0.3991,0.2018,0.3991,-409.9,-465.5403228352165,-548.971319491568,2,(Sn0.50Bi0.50)1-xInx,experimental_only,2
EXP_0060,(Sn0.50Bi0.50)1-xInx,855,0.3506,0.2988,0.3506,-632.3,-726.1366984192189,-797.9576733617681,2,(Sn0.50Bi0.50)1-xInx,experimental_only,2
EXP_0061,(Sn0.50Bi0.50)1-xInx,855,0.29845,0.4031,0.29845,-871.9,-931.9429684127072,-969.274596388904,2,(Sn0.50Bi0.50)1-xInx,experimental_only,2
EXP_0062,(Sn0.50Bi0.50)1-xInx,855,0.23935,0.5213,0.23935,-1001.4,-1037.2391821872163,-1042.6607451745178,2,(Sn0.50Bi0.50)1-xInx,experimental_only,2
EXP_0063,(Sn0.50Bi0.50)1-xInx,855,0.1934,0.6132,0.1934,-1009.0,-1011.8662806335154,-1011.0587919468697,2,(Sn0.50Bi0.50)1-xInx,experimental_only,2
EXP_0064,(Sn0.50Bi0.50)1-xInx,855,0.12075,0.7585,0.12075,-795.7,-780.0355943614749,-802.8368370366381,2,(Sn0.50Bi0.50)1-xInx,experimental_only,2
EXP_0065,(Sn0.50Bi0.50)1-xInx,855,0.0867999999999999,0.8264,0.0867999999999999,-596.2,-599.8918030492457,-639.0606377404167,2,(Sn0.50Bi0.50)1-xInx,experimental_only,2
EXP_0066,(Sn0.50Bi0.50)1-xInx,855,0.0679,0.8642,0.0679,-480.0,-483.389010705209,-529.5399000112972,2,(Sn0.50Bi0.50)1-xInx,experimental_only,2
EXP_0067,(Sn0.50Bi0.50)1-xInx,855,0.0554999999999999,0.889,0.0554999999999999,-402.2,-401.64360919947825,-450.5563446586074,2,(Sn0.50Bi0.50)1-xInx,experimental_only,2
EXP_0068,(Sn0.50Bi0.50)1-xInx,855,0.0469499999999999,0.9061,0.0469499999999999,-346.6,-343.147550354593,-392.80592954426527,2,(Sn0.50Bi0.50)1-xInx,experimental_only,2
EXP_0069,(Sn0.67Bi0.33)1-xInx,767,0.3012811203878265,0.0964,0.6023188796121735,-105.2,-17.095611218073884,146.21963507870728,3,(Sn0.67Bi0.33)1-xInx,experimental_only,2
EXP_0070,(Sn0.67Bi0.33)1-xInx,767,0.2647046054403447,0.2061,0.5291953945596553,-294.9,-232.92360062365114,-187.8943003150223,3,(Sn0.67Bi0.33)1-xInx,experimental_only,2
EXP_0071,(Sn0.67Bi0.33)1-xInx,767,0.2286615674656611,0.3142,0.4571384325343388,-479.9,-465.9474604055292,-432.91034579253017,3,(Sn0.67Bi0.33)1-xInx,experimental_only,2
EXP_0072,(Sn0.67Bi0.33)1-xInx,767,0.198986910853757,0.4032,0.3978130891462429,-631.6,-631.3701659050728,-571.8821724808009,3,(Sn0.67Bi0.33)1-xInx,experimental_only,2
EXP_0073,(Sn0.67Bi0.33)1-xInx,767,0.1634440075410718,0.5098,0.326755992458928,-771.0,-761.5237399959877,-663.7457825888295,3,(Sn0.67Bi0.33)1-xInx,experimental_only,2
EXP_0074,(Sn0.67Bi0.33)1-xInx,767,0.1288346889307837,0.6136,0.2575653110692162,-767.4,-791.8794791632954,-675.0697965412105,3,(Sn0.67Bi0.33)1-xInx,experimental_only,2
EXP_0075,(Sn0.67Bi0.33)1-xInx,767,0.0994267708052787,0.7018,0.1987732291947212,-694.2,-732.7307715150952,-624.1123874865439,3,(Sn0.67Bi0.33)1-xInx,experimental_only,2
EXP_0076,(Sn0.67Bi0.33)1-xInx,767,0.0689852410449771,0.7931,0.1379147589550228,-545.3,-588.4773832772142,-512.7377988087477,3,(Sn0.67Bi0.33)1-xInx,experimental_only,2
EXP_0077,(Sn0.67Bi0.33)1-xInx,767,0.0528809049286291,0.8414,0.1057190950713708,-450.5,-480.13862032970763,-429.69719915687347,3,(Sn0.67Bi0.33)1-xInx,experimental_only,2
EXP_0078,(Sn0.67Bi0.33)1-xInx,767,0.0426448155130622,0.8721,0.0852551844869378,-383.7,-400.83650433778644,-368.23965727244484,3,(Sn0.67Bi0.33)1-xInx,experimental_only,2
EXP_0079,(Sn0.67Bi0.33)1-xInx,767,0.0359430110422838,0.8922,0.0718569889577161,-338.4,-344.87509750216185,-324.34926661323317,3,(Sn0.67Bi0.33)1-xInx,experimental_only,2
EXP_0080,(Sn0.67Bi0.33)1-xInx,767,0.0309083221115001,0.9073,0.0617916778884998,-290.4,-300.87305000290144,-289.4754733509633,3,(Sn0.67Bi0.33)1-xInx,experimental_only,2
EXP_0081,(Sn0.67Bi0.33)1-xInx,813,0.2980135739294371,0.1062,0.5957864260705629,-92.74,-33.67145141118169,112.86946229950225,3,(Sn0.67Bi0.33)1-xInx,experimental_only,2
EXP_0082,(Sn0.67Bi0.33)1-xInx,813,0.2613036897387557,0.2163,0.5223963102612443,-283.3,-255.07904586156064,-214.58552537931013,3,(Sn0.67Bi0.33)1-xInx,experimental_only,2
EXP_0083,(Sn0.67Bi0.33)1-xInx,813,0.2319957985456504,0.3042,0.4638042014543495,-434.5,-445.2139695495892,-413.7539998507067,3,(Sn0.67Bi0.33)1-xInx,experimental_only,2
EXP_0084,(Sn0.67Bi0.33)1-xInx,813,0.1966196067869647,0.4103,0.3930803932130353,-615.8,-642.668790691529,-580.5278566359168,3,(Sn0.67Bi0.33)1-xInx,experimental_only,2
EXP_0085,(Sn0.67Bi0.33)1-xInx,813,0.1671783463506598,0.4986,0.3342216536493402,-747.8,-752.1982942509997,-657.9163522175435,3,(Sn0.67Bi0.33)1-xInx,experimental_only,2
EXP_0086,(Sn0.67Bi0.33)1-xInx,813,0.1329357931591704,0.6013,0.2657642068408296,-748.3,-793.8051005951594,-677.7540138070796,3,(Sn0.67Bi0.33)1-xInx,experimental_only,2
EXP_0087,(Sn0.67Bi0.33)1-xInx,813,0.0986598976568812,0.7041,0.1972401023431188,-669.1,-730.1201027433362,-622.0389497048138,3,(Sn0.67Bi0.33)1-xInx,experimental_only,2
EXP_0088,(Sn0.67Bi0.33)1-xInx,813,0.0701522219229733,0.7896,0.1402477780770266,-521.1,-595.5022703883749,-518.1066678025657,3,(Sn0.67Bi0.33)1-xInx,experimental_only,2
EXP_0089,(Sn0.67Bi0.33)1-xInx,813,0.0542812819822245,0.8372,0.1085187180177753,-433.1,-490.3777612363586,-437.5807096728331,3,(Sn0.67Bi0.33)1-xInx,experimental_only,2
EXP_0090,(Sn0.67Bi0.33)1-xInx,813,0.0436450848370589,0.8691,0.087254915162941,-360.5,-408.9221570923217,-374.54255447163973,3,(Sn0.67Bi0.33)1-xInx,experimental_only,2
EXP_0091,(Sn0.67Bi0.33)1-xInx,813,0.0366098572582817,0.8902,0.0731901427417183,-308.9,-350.5796300705834,-328.8459681781926,3,(Sn0.67Bi0.33)1-xInx,experimental_only,2
EXP_0092,(Sn0.67Bi0.33)1-xInx,813,0.0315751683274979,0.9053,0.063124831672502,-263.3,-306.794031959745,-294.1882442602095,3,(Sn0.67Bi0.33)1-xInx,experimental_only,2
EXP_0093,(Sn0.67Bi0.33)1-xInx,855,0.2985137085914354,0.1047,0.5967862914085644,-64.32,-31.087159011766545,117.92954310957693,3,(Sn0.67Bi0.33)1-xInx,experimental_only,2
EXP_0094,(Sn0.67Bi0.33)1-xInx,855,0.2625706975491516,0.2125,0.5249293024508483,-251.5,-246.80920919587095,-204.72873575631633,3,(Sn0.67Bi0.33)1-xInx,experimental_only,2
EXP_0095,(Sn0.67Bi0.33)1-xInx,855,0.2332628063560463,0.3004,0.4663371936439536,-409.6,-437.2554988659731,-406.28699441244237,3,(Sn0.67Bi0.33)1-xInx,experimental_only,2
EXP_0096,(Sn0.67Bi0.33)1-xInx,855,0.2012875302989496,0.3963,0.4024124697010504,-575.1,-620.0786937552448,-563.1344608658419,3,(Sn0.67Bi0.33)1-xInx,experimental_only,2
EXP_0097,(Sn0.67Bi0.33)1-xInx,855,0.1632439536762725,0.5104,0.3263560463237274,-733.7,-761.9918674859347,-664.0327461678428,3,(Sn0.67Bi0.33)1-xInx,experimental_only,2
EXP_0098,(Sn0.67Bi0.33)1-xInx,855,0.1314353891731753,0.6058,0.2627646108268247,-731.7,-793.2780223093378,-676.8975465766185,3,(Sn0.67Bi0.33)1-xInx,experimental_only,2
EXP_0099,(Sn0.67Bi0.33)1-xInx,855,0.0979597091300834,0.7062,0.1958402908699164,-644.2,-727.6893108147347,-620.112756543718,3,(Sn0.67Bi0.33)1-xInx,experimental_only,2
EXP_0100,(Sn0.67Bi0.33)1-xInx,855,0.0682850525181793,0.7952,0.1365149474818206,-485.3,-584.2074424524316,-509.4744082818467,3,(Sn0.67Bi0.33)1-xInx,experimental_only,2
EXP_0101,(Sn0.67Bi0.33)1-xInx,855,0.0524141125774306,0.8428,0.1047858874225693,-395.4,-476.69214567530224,-427.0413162311478,3,(Sn0.67Bi0.33)1-xInx,experimental_only,2
EXP_0102,(Sn0.67Bi0.33)1-xInx,855,0.0429782386210611,0.8711,0.0859217613789388,-328.5,-403.53959088972755,-370.34777761955945,3,(Sn0.67Bi0.33)1-xInx,experimental_only,2
EXP_0103,(Sn0.67Bi0.33)1-xInx,855,0.035876326420684,0.8924,0.0717236735793159,-267.3,-344.3030259777863,-323.8980224416462,3,(Sn0.67Bi0.33)1-xInx,experimental_only,2
EXP_0104,(Sn0.67Bi0.33)1-xInx,855,0.0309083221115001,0.9073,0.0617916778884998,-218.0,-300.87305000290144,-289.4754733509633,3,(Sn0.67Bi0.33)1-xInx,experimental_only,2
EXP_0001,(Sn0.33Bi0.67)1-xInx,767,0.6021023017902813,0.098,0.2998976982097187,-380.4,-319.3582266540738,-280.4793961668548,1,(Sn0.33Bi0.67)1-xInx,synthetic_only,2
EXP_0002,(Sn0.33Bi0.67)1-xInx,767,0.5251373401534527,0.2133,0.2615626598465473,-841.6,-779.3981338969363,-738.3378095401653,1,(Sn0.33Bi0.67)1-xInx,synthetic_only,2
EXP_0003,(Sn0.33Bi0.67)1-xInx,767,0.4618565217391304,0.3081,0.2300434782608695,-1142.0,-1067.1245349076441,-1007.3012015874777,1,(Sn0.33Bi0.67)1-xInx,synthetic_only,2
EXP_0004,(Sn0.33Bi0.67)1-xInx,767,0.3936360613810742,0.4103,0.1960639386189258,-1346.0,-1259.8994805704758,-1188.6052200916963,1,(Sn0.33Bi0.67)1-xInx,synthetic_only,2
EXP_0005,(Sn0.33Bi0.67)1-xInx,767,0.3376312020460358,0.4942,0.1681687979539642,-1413.0,-1317.01093745515,-1253.1815026466995,1,(Sn0.33Bi0.67)1-xInx,synthetic_only,2
EXP_0006,(Sn0.33Bi0.67)1-xInx,767,0.2652721227621483,0.6026,0.1321278772378516,-1389.0,-1252.6185423470095,-1224.1185412041325,1,(Sn0.33Bi0.67)1-xInx,synthetic_only,2
EXP_0007,(Sn0.33Bi0.67)1-xInx,767,0.1933803069053708,0.7103,0.0963196930946291,-1227.0,-1043.68023917639,-1069.6400594528004,1,(Sn0.33Bi0.67)1-xInx,synthetic_only,2
EXP_0008,(Sn0.33Bi0.67)1-xInx,767,0.1284974424552429,0.8075,0.064002557544757,-959.0,-750.7731052453768,-822.7394844113189,1,(Sn0.33Bi0.67)1-xInx,synthetic_only,2
EXP_0009,(Sn0.33Bi0.67)1-xInx,767,0.0966567774936061,0.8552,0.0481432225063938,-792.5,-579.2308365652174,-664.2746130296575,1,(Sn0.33Bi0.67)1-xInx,synthetic_only,2
EXP_0010,(Sn0.33Bi0.67)1-xInx,767,0.0771652173913043,0.8844,0.0384347826086956,-656.3,-467.5764374779218,-555.1506274996553,1,(Sn0.33Bi0.67)1-xInx,synthetic_only,2
EXP_0011,(Sn0.33Bi0.67)1-xInx,767,0.0642820971867008,0.9037,0.0320179028132992,-565.5,-391.63835530383426,-477.9725539592566,1,(Sn0.33Bi0.67)1-xInx,synthetic_only,2
EXP_0012,(Sn0.33Bi0.67)1-xInx,813,0.5984309462915601,0.1035,0.2980690537084399,-343.5,-343.3641489715695,-305.57907870004914,1,(Sn0.33Bi0.67)1-xInx,synthetic_only,2
EXP_0013,(Sn0.33Bi0.67)1-xInx,813,0.527406905370844,0.2099,0.262693094629156,-758.4,-767.3730813353966,-726.8895848953067,1,(Sn0.33Bi0.67)1-xInx,synthetic_only,2
EXP_0014,(Sn0.33Bi0.67)1-xInx,813,0.4685984654731457,0.298,0.2334015345268542,-1050.0,-1041.151336327319,-983.2625547208189,1,(Sn0.33Bi0.67)1-xInx,synthetic_only,2
EXP_0015,(Sn0.33Bi0.67)1-xInx,813,0.3874948849104859,0.4195,0.193005115089514,-1304.0,-1270.717521110849,-1199.3951351211376,1,(Sn0.33Bi0.67)1-xInx,synthetic_only,2
EXP_0016,(Sn0.33Bi0.67)1-xInx,813,0.3333590792838874,0.5006,0.1660409207161125,-1366.0,-1317.514604332184,-1254.9885897775432,1,(Sn0.33Bi0.67)1-xInx,synthetic_only,2
EXP_0017,(Sn0.33Bi0.67)1-xInx,813,0.2529230179028133,0.6211,0.1259769820971867,-1307.0,-1226.5245309524773,-1206.4889144664985,1,(Sn0.33Bi0.67)1-xInx,synthetic_only,2
EXP_0018,(Sn0.33Bi0.67)1-xInx,813,0.1969181585677749,0.705,0.098081841432225,-1173.0,-1057.0350576359806,-1080.1709747275884,1,(Sn0.33Bi0.67)1-xInx,synthetic_only,2
EXP_0019,(Sn0.33Bi0.67)1-xInx,813,0.1327028132992327,0.8012,0.0660971867007672,-926.4,-772.2383975448727,-841.8328414865099,1,(Sn0.33Bi0.67)1-xInx,synthetic_only,2
EXP_0020,(Sn0.33Bi0.67)1-xInx,813,0.0991265984654731,0.8515,0.0493734015345268,-737.7,-593.0548894778041,-677.4450241281987,1,(Sn0.33Bi0.67)1-xInx,synthetic_only,2
EXP_0021,(Sn0.33Bi0.67)1-xInx,813,0.0787005115089514,0.8821,0.0391994884910485,-606.6,-476.52233197742123,-564.0799052454806,1,(Sn0.33Bi0.67)1-xInx,synthetic_only,2
EXP_0022,(Sn0.33Bi0.67)1-xInx,813,0.0653501278772378,0.9021,0.0325498721227621,-518.0,-397.9885869420851,-484.5235714499581,1,(Sn0.33Bi0.67)1-xInx,synthetic_only,2
EXP_0023,(Sn0.33Bi0.67)1-xInx,855,0.6008340153452686,0.0999,0.2992659846547315,-295.1,-327.6694967071145,-289.18710918068507,1,(Sn0.33Bi0.67)1-xInx,synthetic_only,2
EXP_0024,(Sn0.33Bi0.67)1-xInx,855,0.5344158567774936,0.1994,0.2661841432225064,-658.9,-729.5638395364317,-690.7471216005333,1,(Sn0.33Bi0.67)1-xInx,synthetic_only,2
EXP_0025,(Sn0.33Bi0.67)1-xInx,855,0.4603212276214834,0.3104,0.2292787723785166,-1014.0,-1072.8730219980275,-1012.6214343206286,1,(Sn0.33Bi0.67)1-xInx,synthetic_only,2
EXP_0026,(Sn0.33Bi0.67)1-xInx,855,0.3861598465473146,0.4215,0.1923401534526854,-1221.0,-1272.9221417605013,-1201.6198822019473,1,(Sn0.33Bi0.67)1-xInx,synthetic_only,2
EXP_0027,(Sn0.33Bi0.67)1-xInx,855,0.3267506393861893,0.5105,0.1627493606138107,-1295.0,-1317.2170635260377,-1256.9130583049453,1,(Sn0.33Bi0.67)1-xInx,synthetic_only,2
EXP_0028,(Sn0.33Bi0.67)1-xInx,855,0.26146726342711,0.6083,0.13023273657289,-1253.0,-1245.0329126207093,-1219.0804552582526,1,(Sn0.33Bi0.67)1-xInx,synthetic_only,2
EXP_0029,(Sn0.33Bi0.67)1-xInx,855,0.1933803069053708,0.7103,0.0963196930946291,-1094.0,-1043.68023917639,-1069.6400594528004,1,(Sn0.33Bi0.67)1-xInx,synthetic_only,2
EXP_0030,(Sn0.33Bi0.67)1-xInx,855,0.1365744245524296,0.7954,0.0680255754475703,-871.9,-791.7286753438465,-859.0321106603503,1,(Sn0.33Bi0.67)1-xInx,synthetic_only,2
EXP_0031,(Sn0.33Bi0.67)1-xInx,855,0.1047337595907928,0.8431,0.0521662404092071,-716.4,-624.1396949400765,-706.7968938485652,1,(Sn0.33Bi0.67)1-xInx,synthetic_only,2
EXP_0032,(Sn0.33Bi0.67)1-xInx,855,0.0873115089514066,0.8692,0.0434884910485933,-603.6,-526.2376649151946,-613.1033168417358,1,(Sn0.33Bi0.67)1-xInx,synthetic_only,2
EXP_0033,(Sn0.33Bi0.67)1-xInx,855,0.0740946291560102,0.889,0.0369053708439897,-524.9,-449.614884582801,-537.1207799830839,1,(Sn0.33Bi0.67)1-xInx,synthetic_only,2
EXP_0034,(Sn0.33Bi0.67)1-xInx,855,0.064549104859335,0.9033,0.0321508951406649,-449.5,-393.22677338615034,-479.6128987595299,1,(Sn0.33Bi0.67)1-xInx,synthetic_only,2
EXP_0035,(Sn0.50Bi0.50)1-xInx,767,0.44675,0.1065,0.44675,-250.0,-177.68127661798496,-178.54846731075622,2,(Sn0.50Bi0.50)1-xInx,synthetic_only,2
EXP_0036,(Sn0.50Bi0.50)1-xInx,767,0.40015,0.1997,0.40015,-490.0,-459.4003160607007,-515.5889052345278,2,(Sn0.50Bi0.50)1-xInx,synthetic_only,2
EXP_0037,(Sn0.50Bi0.50)1-xInx,767,0.34925,0.3015,0.34925,-725.3,-732.5779277217148,-788.2283934637939,2,(Sn0.50Bi0.50)1-xInx,synthetic_only,2
EXP_0038,(Sn0.50Bi0.50)1-xInx,767,0.28945,0.4211,0.28945,-978.1,-957.4354982094574,-981.1495857638981,2,(Sn0.50Bi0.50)1-xInx,synthetic_only,2
EXP_0039,(Sn0.50Bi0.50)1-xInx,767,0.2435,0.513,0.2435,-1063.0,-1034.803545342359,-1035.8803856897562,2,(Sn0.50Bi0.50)1-xInx,synthetic_only,2
EXP_0040,(Sn0.50Bi0.50)1-xInx,767,0.1955,0.609,0.1955,-1091.0,-1015.126981652759,-1006.2719259557078,2,(Sn0.50Bi0.50)1-xInx,synthetic_only,2
EXP_0041,(Sn0.50Bi0.50)1-xInx,767,0.1503499999999999,0.6993,0.1503499999999999,-984.0,-901.5973965990419,-897.4881662423282,2,(Sn0.50Bi0.50)1-xInx,synthetic_only,2
EXP_0042,(Sn0.50Bi0.50)1-xInx,767,0.1014499999999999,0.7971,0.1014499999999999,-781.9,-682.555710823105,-691.1669617186956,2,(Sn0.50Bi0.50)1-xInx,synthetic_only,2
EXP_0043,(Sn0.50Bi0.50)1-xInx,767,0.0769,0.8462,0.0769,-638.5,-540.1664285223325,-552.8843972350406,2,(Sn0.50Bi0.50)1-xInx,synthetic_only,2
EXP_0044,(Sn0.50Bi0.50)1-xInx,767,0.06175,0.8765,0.06175,-521.9,-443.32979257888985,-455.97496018806805,2,(Sn0.50Bi0.50)1-xInx,synthetic_only,2
EXP_0045,(Sn0.50Bi0.50)1-xInx,767,0.0524,0.8952,0.0524,-447.2,-380.62314556403675,-391.7579347266716,2,(Sn0.50Bi0.50)1-xInx,synthetic_only,2
EXP_0046,(Sn0.50Bi0.50)1-xInx,767,0.0464499999999999,0.9071,0.0464499999999999,-398.7,-339.6775238628549,-349.14071244609363,2,(Sn0.50Bi0.50)1-xInx,synthetic_only,2
EXP_0047,(Sn0.50Bi0.50)1-xInx,813,0.45235,0.0953,0.45235,-183.7,-143.6106112349837,-132.42046036433027,2,(Sn0.50Bi0.50)1-xInx,synthetic_only,2
EXP_0048,(Sn0.50Bi0.50)1-xInx,813,0.39685,0.2063,0.39685,-454.8,-478.64445535628374,-536.2877297397023,2,(Sn0.50Bi0.50)1-xInx,synthetic_only,2
EXP_0049,(Sn0.50Bi0.50)1-xInx,813,0.3443,0.3114,0.3443,-709.4,-755.7426507966974,-809.4224082427495,2,(Sn0.50Bi0.50)1-xInx,synthetic_only,2
EXP_0050,(Sn0.50Bi0.50)1-xInx,813,0.2981,0.4038,0.2981,-906.3,-932.9941406480763,-961.7580502297843,2,(Sn0.50Bi0.50)1-xInx,synthetic_only,2
EXP_0051,(Sn0.50Bi0.50)1-xInx,813,0.2509,0.4982,0.2509,-1017.0,-1028.5460520368104,-1032.5559110519378,2,(Sn0.50Bi0.50)1-xInx,synthetic_only,2
EXP_0052,(Sn0.50Bi0.50)1-xInx,813,0.1977999999999999,0.6044,0.1977999999999999,-1066.0,-1018.4680591379805,-1009.7133609661958,2,(Sn0.50Bi0.50)1-xInx,synthetic_only,2
EXP_0053,(Sn0.50Bi0.50)1-xInx,813,0.1434,0.7132,0.1434,-911.9,-876.2600408819123,-873.7749197673442,2,(Sn0.50Bi0.50)1-xInx,synthetic_only,2
EXP_0054,(Sn0.50Bi0.50)1-xInx,813,0.0977,0.8046,0.0977,-729.4,-662.0770451503564,-671.5453723295984,2,(Sn0.50Bi0.50)1-xInx,synthetic_only,2
EXP_0055,(Sn0.50Bi0.50)1-xInx,813,0.0742499999999999,0.8515,0.0742499999999999,-565.3,-523.6854653340391,-536.5706863086343,2,(Sn0.50Bi0.50)1-xInx,synthetic_only,2
EXP_0056,(Sn0.50Bi0.50)1-xInx,813,0.05885,0.8823,0.05885,-457.4,-424.10568002824493,-436.41733190673466,2,(Sn0.50Bi0.50)1-xInx,synthetic_only,2
EXP_0057,(Sn0.50Bi0.50)1-xInx,813,0.0500499999999999,0.8999,0.0500499999999999,-383.4,-364.5433492692703,-375.08872354368646,2,(Sn0.50Bi0.50)1-xInx,synthetic_only,2
EXP_0058,(Sn0.50Bi0.50)1-xInx,855,0.44935,0.1013,0.44935,-168.2,-161.84246382191213,-157.28199284977268,2,(Sn0.50Bi0.50)1-xInx,synthetic_only,2
EXP_0059,(Sn0.50Bi0.50)1-xInx,855,0.3991,0.2018,0.3991,-409.9,-465.5403228352165,-522.2203578889503,2,(Sn0.50Bi0.50)1-xInx,synthetic_only,2
EXP_0060,(Sn0.50Bi0.50)1-xInx,855,0.3506,0.2988,0.3506,-632.3,-726.1366984192189,-782.2845406740857,2,(Sn0.50Bi0.50)1-xInx,synthetic_only,2
EXP_0061,(Sn0.50Bi0.50)1-xInx,855,0.29845,0.4031,0.29845,-871.9,-931.9429684127072,-960.9128042388385,2,(Sn0.50Bi0.50)1-xInx,synthetic_only,2
EXP_0062,(Sn0.50Bi0.50)1-xInx,855,0.23935,0.5213,0.23935,-1001.4,-1037.2391821872163,-1036.8223924572596,2,(Sn0.50Bi0.50)1-xInx,synthetic_only,2
EXP_0063,(Sn0.50Bi0.50)1-xInx,855,0.1934,0.6132,0.1934,-1009.0,-1011.8662806335154,-1002.9519351659999,2,(Sn0.50Bi0.50)1-xInx,synthetic_only,2
EXP_0064,(Sn0.50Bi0.50)1-xInx,855,0.12075,0.7585,0.12075,-795.7,-780.0355943614749,-783.5919312320337,2,(Sn0.50Bi0.50)1-xInx,synthetic_only,2
EXP_0065,(Sn0.50Bi0.50)1-xInx,855,0.0867999999999999,0.8264,0.0867999999999999,-596.2,-599.8918030492457,-611.4390359317524,2,(Sn0.50Bi0.50)1-xInx,synthetic_only,2
EXP_0066,(Sn0.50Bi0.50)1-xInx,855,0.0679,0.8642,0.0679,-480.0,-483.389010705209,-496.37956869271727,2,(Sn0.50Bi0.50)1-xInx,synthetic_only,2
EXP_0067,(Sn0.50Bi0.50)1-xInx,855,0.0554999999999999,0.889,0.0554999999999999,-402.2,-401.64360919947825,-413.4219860593593,2,(Sn0.50Bi0.50)1-xInx,synthetic_only,2
EXP_0068,(Sn0.50Bi0.50)1-xInx,855,0.0469499999999999,0.9061,0.0469499999999999,-346.6,-343.147550354593,-352.774430478713,2,(Sn0.50Bi0.50)1-xInx,synthetic_only,2
EXP_0069,(Sn0.67Bi0.33)1-xInx,767,0.3012811203878265,0.0964,0.6023188796121735,-105.2,-17.095611218073884,238.21952152024585,3,(Sn0.67Bi0.33)1-xInx,synthetic_only,2
EXP_0070,(Sn0.67Bi0.33)1-xInx,767,0.2647046054403447,0.2061,0.5291953945596553,-294.9,-232.92360062365114,-174.78097021732222,3,(Sn0.67Bi0.33)1-xInx,synthetic_only,2
EXP_0071,(Sn0.67Bi0.33)1-xInx,767,0.2286615674656611,0.3142,0.4571384325343388,-479.9,-465.9474604055292,-474.9030671228335,3,(Sn0.67Bi0.33)1-xInx,synthetic_only,2
EXP_0072,(Sn0.67Bi0.33)1-xInx,767,0.198986910853757,0.4032,0.3978130891462429,-631.6,-631.3701659050728,-642.383630173388,3,(Sn0.67Bi0.33)1-xInx,synthetic_only,2
EXP_0073,(Sn0.67Bi0.33)1-xInx,767,0.1634440075410718,0.5098,0.326755992458928,-771.0,-761.5237399959877,-748.3523716399,3,(Sn0.67Bi0.33)1-xInx,synthetic_only,2
EXP_0074,(Sn0.67Bi0.33)1-xInx,767,0.1288346889307837,0.6136,0.2575653110692162,-767.4,-791.8794791632954,-752.4195651799168,3,(Sn0.67Bi0.33)1-xInx,synthetic_only,2
EXP_0075,(Sn0.67Bi0.33)1-xInx,767,0.0994267708052787,0.7018,0.1987732291947212,-694.2,-732.7307715150952,-679.0191428512311,3,(Sn0.67Bi0.33)1-xInx,synthetic_only,2
EXP_0076,(Sn0.67Bi0.33)1-xInx,767,0.0689852410449771,0.7931,0.1379147589550228,-545.3,-588.4773832772142,-528.660760342591,3,(Sn0.67Bi0.33)1-xInx,synthetic_only,2
EXP_0077,(Sn0.67Bi0.33)1-xInx,767,0.0528809049286291,0.8414,0.1057190950713708,-450.5,-480.13862032970763,-418.5158994985191,3,(Sn0.67Bi0.33)1-xInx,synthetic_only,2
EXP_0078,(Sn0.67Bi0.33)1-xInx,767,0.0426448155130622,0.8721,0.0852551844869378,-383.7,-400.83650433778644,-337.49947522761954,3,(Sn0.67Bi0.33)1-xInx,synthetic_only,2
EXP_0079,(Sn0.67Bi0.33)1-xInx,767,0.0359430110422838,0.8922,0.0718569889577161,-338.4,-344.87509750216185,-279.8220019131676,3,(Sn0.67Bi0.33)1-xInx,synthetic_only,2
EXP_0080,(Sn0.67Bi0.33)1-xInx,767,0.0309083221115001,0.9073,0.0617916778884998,-290.4,-300.87305000290144,-234.07986822089495,3,(Sn0.67Bi0.33)1-xInx,synthetic_only,2
EXP_0081,(Sn0.67Bi0.33)1-xInx,813,0.2980135739294371,0.1062,0.5957864260705629,-92.74,-33.67145141118169,196.88105055889685,3,(Sn0.67Bi0.33)1-xInx,synthetic_only,2
EXP_0082,(Sn0.67Bi0.33)1-xInx,813,0.2613036897387557,0.2163,0.5223963102612443,-283.3,-255.07904586156064,-207.631644931989,3,(Sn0.67Bi0.33)1-xInx,synthetic_only,2
EXP_0083,(Sn0.67Bi0.33)1-xInx,813,0.2319957985456504,0.3042,0.4638042014543495,-434.5,-445.2139695495892,-451.5919354780078,3,(Sn0.67Bi0.33)1-xInx,synthetic_only,2
EXP_0084,(Sn0.67Bi0.33)1-xInx,813,0.1966196067869647,0.4103,0.3930803932130353,-615.8,-642.668790691529,-652.647791843265,3,(Sn0.67Bi0.33)1-xInx,synthetic_only,2
EXP_0085,(Sn0.67Bi0.33)1-xInx,813,0.1671783463506598,0.4986,0.3342216536493402,-747.8,-752.1982942509997,-742.0679656565659,3,(Sn0.67Bi0.33)1-xInx,synthetic_only,2
EXP_0086,(Sn0.67Bi0.33)1-xInx,813,0.1329357931591704,0.6013,0.2657642068408296,-748.3,-793.8051005951594,-757.0454418741483,3,(Sn0.67Bi0.33)1-xInx,synthetic_only,2
EXP_0087,(Sn0.67Bi0.33)1-xInx,813,0.0986598976568812,0.7041,0.1972401023431188,-669.1,-730.1201027433362,-676.1603891832541,3,(Sn0.67Bi0.33)1-xInx,synthetic_only,2
EXP_0088,(Sn0.67Bi0.33)1-xInx,813,0.0701522219229733,0.7896,0.1402477780770266,-521.1,-595.5022703883749,-535.8194463700983,3,(Sn0.67Bi0.33)1-xInx,synthetic_only,2
EXP_0089,(Sn0.67Bi0.33)1-xInx,813,0.0542812819822245,0.8372,0.1085187180177753,-433.1,-490.3777612363586,-428.9343299372064,3,(Sn0.67Bi0.33)1-xInx,synthetic_only,2
EXP_0090,(Sn0.67Bi0.33)1-xInx,813,0.0436450848370589,0.8691,0.087254915162941,-360.5,-408.9221570923217,-345.79353697457,3,(Sn0.67Bi0.33)1-xInx,synthetic_only,2
EXP_0091,(Sn0.67Bi0.33)1-xInx,813,0.0366098572582817,0.8902,0.0731901427417183,-308.9,-350.5796300705834,-285.72534680129263,3,(Sn0.67Bi0.33)1-xInx,synthetic_only,2
EXP_0092,(Sn0.67Bi0.33)1-xInx,813,0.0315751683274979,0.9053,0.063124831672502,-263.3,-306.794031959745,-240.2573370357865,3,(Sn0.67Bi0.33)1-xInx,synthetic_only,2
EXP_0093,(Sn0.67Bi0.33)1-xInx,855,0.2985137085914354,0.1047,0.5967862914085644,-64.32,-31.087159011766545,203.1518635214481,3,(Sn0.67Bi0.33)1-xInx,synthetic_only,2
EXP_0094,(Sn0.67Bi0.33)1-xInx,855,0.2625706975491516,0.2125,0.5249293024508483,-251.5,-246.80920919587095,-195.5035340003877,3,(Sn0.67Bi0.33)1-xInx,synthetic_only,2
EXP_0095,(Sn0.67Bi0.33)1-xInx,855,0.2332628063560463,0.3004,0.4663371936439536,-409.6,-437.2554988659731,-442.4957077920529,3,(Sn0.67Bi0.33)1-xInx,synthetic_only,2
EXP_0096,(Sn0.67Bi0.33)1-xInx,855,0.2012875302989496,0.3963,0.4024124697010504,-575.1,-620.0786937552448,-631.9701830743534,3,(Sn0.67Bi0.33)1-xInx,synthetic_only,2
EXP_0097,(Sn0.67Bi0.33)1-xInx,855,0.1632439536762725,0.5104,0.3263560463237274,-733.7,-761.9918674859347,-748.6569038388404,3,(Sn0.67Bi0.33)1-xInx,synthetic_only,2
EXP_0098,(Sn0.67Bi0.33)1-xInx,855,0.1314353891731753,0.6058,0.2627646108268247,-731.7,-793.2780223093378,-755.512348455491,3,(Sn0.67Bi0.33)1-xInx,synthetic_only,2
EXP_0099,(Sn0.67Bi0.33)1-xInx,855,0.0979597091300834,0.7062,0.1958402908699164,-644.2,-727.6893108147347,-673.5082872761293,3,(Sn0.67Bi0.33)1-xInx,synthetic_only,2
EXP_0100,(Sn0.67Bi0.33)1-xInx,855,0.0682850525181793,0.7952,0.1365149474818206,-485.3,-584.2074424524316,-524.3121762529279,3,(Sn0.67Bi0.33)1-xInx,synthetic_only,2
EXP_0101,(Sn0.67Bi0.33)1-xInx,855,0.0524141125774306,0.8428,0.1047858874225693,-395.4,-476.69214567530224,-415.00750770351794,3,(Sn0.67Bi0.33)1-xInx,synthetic_only,2
EXP_0102,(Sn0.67Bi0.33)1-xInx,855,0.0429782386210611,0.8711,0.0859217613789388,-328.5,-403.53959088972755,-340.273239427821,3,(Sn0.67Bi0.33)1-xInx,synthetic_only,2
EXP_0103,(Sn0.67Bi0.33)1-xInx,855,0.035876326420684,0.8924,0.0717236735793159,-267.3,-344.3030259777863,-279.22967049508657,3,(Sn0.67Bi0.33)1-xInx,synthetic_only,2
EXP_0104,(Sn0.67Bi0.33)1-xInx,855,0.0309083221115001,0.9073,0.0617916778884998,-218.0,-300.87305000290144,-234.07986822089495,3,(Sn0.67Bi0.33)1-xInx,synthetic_only,2
EXP_0001,(Sn0.33Bi0.67)1-xInx,767,0.6021023017902813,0.098,0.2998976982097187,-380.4,-319.3582266540738,-279.03221967374566,1,(Sn0.33Bi0.67)1-xInx,combined,2
EXP_0002,(Sn0.33Bi0.67)1-xInx,767,0.5251373401534527,0.2133,0.2615626598465473,-841.6,-779.3981338969363,-737.937085438952,1,(Sn0.33Bi0.67)1-xInx,combined,2
EXP_0003,(Sn0.33Bi0.67)1-xInx,767,0.4618565217391304,0.3081,0.2300434782608695,-1142.0,-1067.1245349076441,-1007.5541315980315,1,(Sn0.33Bi0.67)1-xInx,combined,2
EXP_0004,(Sn0.33Bi0.67)1-xInx,767,0.3936360613810742,0.4103,0.1960639386189258,-1346.0,-1259.8994805704758,-1189.3538444811747,1,(Sn0.33Bi0.67)1-xInx,combined,2
EXP_0005,(Sn0.33Bi0.67)1-xInx,767,0.3376312020460358,0.4942,0.1681687979539642,-1413.0,-1317.01093745515,-1254.1749919379013,1,(Sn0.33Bi0.67)1-xInx,combined,2
EXP_0006,(Sn0.33Bi0.67)1-xInx,767,0.2652721227621483,0.6026,0.1321278772378516,-1389.0,-1252.6185423470095,-1225.212026401847,1,(Sn0.33Bi0.67)1-xInx,combined,2
EXP_0007,(Sn0.33Bi0.67)1-xInx,767,0.1933803069053708,0.7103,0.0963196930946291,-1227.0,-1043.68023917639,-1070.591312551199,1,(Sn0.33Bi0.67)1-xInx,combined,2
EXP_0008,(Sn0.33Bi0.67)1-xInx,767,0.1284974424552429,0.8075,0.064002557544757,-959.0,-750.7731052453768,-823.3556423748719,1,(Sn0.33Bi0.67)1-xInx,combined,2
EXP_0009,(Sn0.33Bi0.67)1-xInx,767,0.0966567774936061,0.8552,0.0481432225063938,-792.5,-579.2308365652174,-664.654582856316,1,(Sn0.33Bi0.67)1-xInx,combined,2
EXP_0010,(Sn0.33Bi0.67)1-xInx,767,0.0771652173913043,0.8844,0.0384347826086956,-656.3,-467.5764374779218,-555.3627046203663,1,(Sn0.33Bi0.67)1-xInx,combined,2
EXP_0011,(Sn0.33Bi0.67)1-xInx,767,0.0642820971867008,0.9037,0.0320179028132992,-565.5,-391.63835530383426,-478.0639447636832,1,(Sn0.33Bi0.67)1-xInx,combined,2
EXP_0012,(Sn0.33Bi0.67)1-xInx,813,0.5984309462915601,0.1035,0.2980690537084399,-343.5,-343.3641489715695,-304.18808815268403,1,(Sn0.33Bi0.67)1-xInx,combined,2
EXP_0013,(Sn0.33Bi0.67)1-xInx,813,0.527406905370844,0.2099,0.262693094629156,-758.4,-767.3730813353966,-726.4619518507542,1,(Sn0.33Bi0.67)1-xInx,combined,2
EXP_0014,(Sn0.33Bi0.67)1-xInx,813,0.4685984654731457,0.298,0.2334015345268542,-1050.0,-1041.151336327319,-983.4547240894041,1,(Sn0.33Bi0.67)1-xInx,combined,2
EXP_0015,(Sn0.33Bi0.67)1-xInx,813,0.3874948849104859,0.4195,0.193005115089514,-1304.0,-1270.717521110849,-1200.177743518294,1,(Sn0.33Bi0.67)1-xInx,combined,2
EXP_0016,(Sn0.33Bi0.67)1-xInx,813,0.3333590792838874,0.5006,0.1660409207161125,-1366.0,-1317.514604332184,-1255.9947589071112,1,(Sn0.33Bi0.67)1-xInx,combined,2
EXP_0017,(Sn0.33Bi0.67)1-xInx,813,0.2529230179028133,0.6211,0.1259769820971867,-1307.0,-1226.5245309524773,-1207.5750969338785,1,(Sn0.33Bi0.67)1-xInx,combined,2
EXP_0018,(Sn0.33Bi0.67)1-xInx,813,0.1969181585677749,0.705,0.098081841432225,-1173.0,-1057.0350576359806,-1081.1348605750638,1,(Sn0.33Bi0.67)1-xInx,combined,2
EXP_0019,(Sn0.33Bi0.67)1-xInx,813,0.1327028132992327,0.8012,0.0660971867007672,-926.4,-772.2383975448727,-842.4766628560582,1,(Sn0.33Bi0.67)1-xInx,combined,2
EXP_0020,(Sn0.33Bi0.67)1-xInx,813,0.0991265984654731,0.8515,0.0493734015345268,-737.7,-593.0548894778041,-677.8450044812274,1,(Sn0.33Bi0.67)1-xInx,combined,2
EXP_0021,(Sn0.33Bi0.67)1-xInx,813,0.0787005115089514,0.8821,0.0391994884910485,-606.6,-476.52233197742123,-564.3058489981844,1,(Sn0.33Bi0.67)1-xInx,combined,2
EXP_0022,(Sn0.33Bi0.67)1-xInx,813,0.0653501278772378,0.9021,0.0325498721227621,-518.0,-397.9885869420851,-484.62526129733465,1,(Sn0.33Bi0.67)1-xInx,combined,2
EXP_0023,(Sn0.33Bi0.67)1-xInx,855,0.6008340153452686,0.0999,0.2992659846547315,-295.1,-327.6694967071145,-287.75941337667325,1,(Sn0.33Bi0.67)1-xInx,combined,2
EXP_0024,(Sn0.33Bi0.67)1-xInx,855,0.5344158567774936,0.1994,0.2661841432225064,-658.9,-729.5638395364317,-690.2348724560445,1,(Sn0.33Bi0.67)1-xInx,combined,2
EXP_0025,(Sn0.33Bi0.67)1-xInx,855,0.4603212276214834,0.3104,0.2292787723785166,-1014.0,-1072.8730219980275,-1012.8879048772951,1,(Sn0.33Bi0.67)1-xInx,combined,2
EXP_0026,(Sn0.33Bi0.67)1-xInx,855,0.3861598465473146,0.4215,0.1923401534526854,-1221.0,-1272.9221417605013,-1202.409645916335,1,(Sn0.33Bi0.67)1-xInx,combined,2
EXP_0027,(Sn0.33Bi0.67)1-xInx,855,0.3267506393861893,0.5105,0.1627493606138107,-1295.0,-1317.2170635260377,-1257.9371665495132,1,(Sn0.33Bi0.67)1-xInx,combined,2
EXP_0028,(Sn0.33Bi0.67)1-xInx,855,0.26146726342711,0.6083,0.13023273657289,-1253.0,-1245.0329126207093,-1220.172447745535,1,(Sn0.33Bi0.67)1-xInx,combined,2
EXP_0029,(Sn0.33Bi0.67)1-xInx,855,0.1933803069053708,0.7103,0.0963196930946291,-1094.0,-1043.68023917639,-1070.591312551199,1,(Sn0.33Bi0.67)1-xInx,combined,2
EXP_0030,(Sn0.33Bi0.67)1-xInx,855,0.1365744245524296,0.7954,0.0680255754475703,-871.9,-791.7286753438465,-859.7006714637032,1,(Sn0.33Bi0.67)1-xInx,combined,2
EXP_0031,(Sn0.33Bi0.67)1-xInx,855,0.1047337595907928,0.8431,0.0521662404092071,-716.4,-624.1396949400765,-707.2412484881999,1,(Sn0.33Bi0.67)1-xInx,combined,2
EXP_0032,(Sn0.33Bi0.67)1-xInx,855,0.0873115089514066,0.8692,0.0434884910485933,-603.6,-526.2376649151946,-613.4049990155274,1,(Sn0.33Bi0.67)1-xInx,combined,2
EXP_0033,(Sn0.33Bi0.67)1-xInx,855,0.0740946291560102,0.889,0.0369053708439897,-524.9,-449.614884582801,-537.3047943806976,1,(Sn0.33Bi0.67)1-xInx,combined,2
EXP_0034,(Sn0.33Bi0.67)1-xInx,855,0.064549104859335,0.9033,0.0321508951406649,-449.5,-393.22677338615034,-479.7068693070623,1,(Sn0.33Bi0.67)1-xInx,combined,2
EXP_0035,(Sn0.50Bi0.50)1-xInx,767,0.44675,0.1065,0.44675,-250.0,-177.68127661798496,-179.28677466688475,2,(Sn0.50Bi0.50)1-xInx,combined,2
EXP_0036,(Sn0.50Bi0.50)1-xInx,767,0.40015,0.1997,0.40015,-490.0,-459.4003160607007,-515.937274831893,2,(Sn0.50Bi0.50)1-xInx,combined,2
EXP_0037,(Sn0.50Bi0.50)1-xInx,767,0.34925,0.3015,0.34925,-725.3,-732.5779277217148,-788.2881138161058,2,(Sn0.50Bi0.50)1-xInx,combined,2
EXP_0038,(Sn0.50Bi0.50)1-xInx,767,0.28945,0.4211,0.28945,-978.1,-957.4354982094574,-981.0532914193301,2,(Sn0.50Bi0.50)1-xInx,combined,2
EXP_0039,(Sn0.50Bi0.50)1-xInx,767,0.2435,0.513,0.2435,-1063.0,-1034.803545342359,-1035.7986165298043,2,(Sn0.50Bi0.50)1-xInx,combined,2
EXP_0040,(Sn0.50Bi0.50)1-xInx,767,0.1955,0.609,0.1955,-1091.0,-1015.126981652759,-1006.3300657476466,2,(Sn0.50Bi0.50)1-xInx,combined,2
EXP_0041,(Sn0.50Bi0.50)1-xInx,767,0.1503499999999999,0.6993,0.1503499999999999,-984.0,-901.5973965990419,-897.7942383713063,2,(Sn0.50Bi0.50)1-xInx,combined,2
EXP_0042,(Sn0.50Bi0.50)1-xInx,767,0.1014499999999999,0.7971,0.1014499999999999,-781.9,-682.555710823105,-691.8687683692453,2,(Sn0.50Bi0.50)1-xInx,combined,2
EXP_0043,(Sn0.50Bi0.50)1-xInx,767,0.0769,0.8462,0.0769,-638.5,-540.1664285223325,-553.8347569458042,2,(Sn0.50Bi0.50)1-xInx,combined,2
EXP_0044,(Sn0.50Bi0.50)1-xInx,767,0.06175,0.8765,0.06175,-521.9,-443.32979257888985,-457.09534023970025,2,(Sn0.50Bi0.50)1-xInx,combined,2
EXP_0045,(Sn0.50Bi0.50)1-xInx,767,0.0524,0.8952,0.0524,-447.2,-380.62314556403675,-392.989581048769,2,(Sn0.50Bi0.50)1-xInx,combined,2
EXP_0046,(Sn0.50Bi0.50)1-xInx,767,0.0464499999999999,0.9071,0.0464499999999999,-398.7,-339.6775238628549,-350.44568260898654,2,(Sn0.50Bi0.50)1-xInx,combined,2
EXP_0047,(Sn0.50Bi0.50)1-xInx,813,0.45235,0.0953,0.45235,-183.7,-143.6106112349837,-133.21371277835556,2,(Sn0.50Bi0.50)1-xInx,combined,2
EXP_0048,(Sn0.50Bi0.50)1-xInx,813,0.39685,0.2063,0.39685,-454.8,-478.64445535628374,-536.6130404987855,2,(Sn0.50Bi0.50)1-xInx,combined,2
EXP_0049,(Sn0.50Bi0.50)1-xInx,813,0.3443,0.3114,0.3443,-709.4,-755.7426507966974,-809.4617044250086,2,(Sn0.50Bi0.50)1-xInx,combined,2
EXP_0050,(Sn0.50Bi0.50)1-xInx,813,0.2981,0.4038,0.2981,-906.3,-932.9941406480763,-961.6720851101492,2,(Sn0.50Bi0.50)1-xInx,combined,2
EXP_0051,(Sn0.50Bi0.50)1-xInx,813,0.2509,0.4982,0.2509,-1017.0,-1028.5460520368104,-1032.4639121078258,2,(Sn0.50Bi0.50)1-xInx,combined,2
EXP_0052,(Sn0.50Bi0.50)1-xInx,813,0.1977999999999999,0.6044,0.1977999999999999,-1066.0,-1018.4680591379805,-1009.7618894400542,2,(Sn0.50Bi0.50)1-xInx,combined,2
EXP_0053,(Sn0.50Bi0.50)1-xInx,813,0.1434,0.7132,0.1434,-911.9,-876.2600408819123,-874.1291720176592,2,(Sn0.50Bi0.50)1-xInx,combined,2
EXP_0054,(Sn0.50Bi0.50)1-xInx,813,0.0977,0.8046,0.0977,-729.4,-662.0770451503564,-672.2829878499283,2,(Sn0.50Bi0.50)1-xInx,combined,2
EXP_0055,(Sn0.50Bi0.50)1-xInx,813,0.0742499999999999,0.8515,0.0742499999999999,-565.3,-523.6854653340391,-537.5498693119341,2,(Sn0.50Bi0.50)1-xInx,combined,2
EXP_0056,(Sn0.50Bi0.50)1-xInx,813,0.05885,0.8823,0.05885,-457.4,-424.10568002824493,-437.57170497124855,2,(Sn0.50Bi0.50)1-xInx,combined,2
EXP_0057,(Sn0.50Bi0.50)1-xInx,813,0.0500499999999999,0.8999,0.0500499999999999,-383.4,-364.5433492692703,-376.3490956980731,2,(Sn0.50Bi0.50)1-xInx,combined,2
EXP_0058,(Sn0.50Bi0.50)1-xInx,855,0.44935,0.1013,0.44935,-168.2,-161.84246382191213,-158.04559466299204,2,(Sn0.50Bi0.50)1-xInx,combined,2
EXP_0059,(Sn0.50Bi0.50)1-xInx,855,0.3991,0.2018,0.3991,-409.9,-465.5403228352165,-522.5613252363661,2,(Sn0.50Bi0.50)1-xInx,combined,2
EXP_0060,(Sn0.50Bi0.50)1-xInx,855,0.3506,0.2988,0.3506,-632.3,-726.1366984192189,-782.3500665032878,2,(Sn0.50Bi0.50)1-xInx,combined,2
EXP_0061,(Sn0.50Bi0.50)1-xInx,855,0.29845,0.4031,0.29845,-871.9,-931.9429684127072,-960.8273441938668,2,(Sn0.50Bi0.50)1-xInx,combined,2
EXP_0062,(Sn0.50Bi0.50)1-xInx,855,0.23935,0.5213,0.23935,-1001.4,-1037.2391821872163,-1036.7476860860272,2,(Sn0.50Bi0.50)1-xInx,combined,2
EXP_0063,(Sn0.50Bi0.50)1-xInx,855,0.1934,0.6132,0.1934,-1009.0,-1011.8662806335154,-1003.0191060880577,2,(Sn0.50Bi0.50)1-xInx,combined,2
EXP_0064,(Sn0.50Bi0.50)1-xInx,855,0.12075,0.7585,0.12075,-795.7,-780.0355943614749,-784.1217465526225,2,(Sn0.50Bi0.50)1-xInx,combined,2
EXP_0065,(Sn0.50Bi0.50)1-xInx,855,0.0867999999999999,0.8264,0.0867999999999999,-596.2,-599.8918030492457,-612.2851527947397,2,(Sn0.50Bi0.50)1-xInx,combined,2
EXP_0066,(Sn0.50Bi0.50)1-xInx,855,0.0679,0.8642,0.0679,-480.0,-483.389010705209,-497.42939960261106,2,(Sn0.50Bi0.50)1-xInx,combined,2
EXP_0067,(Sn0.50Bi0.50)1-xInx,855,0.0554999999999999,0.889,0.0554999999999999,-402.2,-401.64360919947825,-414.6162060468363,2,(Sn0.50Bi0.50)1-xInx,combined,2
EXP_0068,(Sn0.50Bi0.50)1-xInx,855,0.0469499999999999,0.9061,0.0469499999999999,-346.6,-343.147550354593,-354.07316360068626,2,(Sn0.50Bi0.50)1-xInx,combined,2
EXP_0069,(Sn0.67Bi0.33)1-xInx,767,0.3012811203878265,0.0964,0.6023188796121735,-105.2,-17.095611218073884,236.04182620107207,3,(Sn0.67Bi0.33)1-xInx,combined,2
EXP_0070,(Sn0.67Bi0.33)1-xInx,767,0.2647046054403447,0.2061,0.5291953945596553,-294.9,-232.92360062365114,-175.2614232146471,3,(Sn0.67Bi0.33)1-xInx,combined,2
EXP_0071,(Sn0.67Bi0.33)1-xInx,767,0.2286615674656611,0.3142,0.4571384325343388,-479.9,-465.9474604055292,-474.2560106426855,3,(Sn0.67Bi0.33)1-xInx,combined,2
EXP_0072,(Sn0.67Bi0.33)1-xInx,767,0.198986910853757,0.4032,0.3978130891462429,-631.6,-631.3701659050728,-641.2143250253039,3,(Sn0.67Bi0.33)1-xInx,combined,2
EXP_0073,(Sn0.67Bi0.33)1-xInx,767,0.1634440075410718,0.5098,0.326755992458928,-771.0,-761.5237399959877,-747.0401797715263,3,(Sn0.67Bi0.33)1-xInx,combined,2
EXP_0074,(Sn0.67Bi0.33)1-xInx,767,0.1288346889307837,0.6136,0.2575653110692162,-767.4,-791.8794791632954,-751.473760043909,3,(Sn0.67Bi0.33)1-xInx,combined,2
EXP_0075,(Sn0.67Bi0.33)1-xInx,767,0.0994267708052787,0.7018,0.1987732291947212,-694.2,-732.7307715150952,-678.7766418476581,3,(Sn0.67Bi0.33)1-xInx,combined,2
EXP_0076,(Sn0.67Bi0.33)1-xInx,767,0.0689852410449771,0.7931,0.1379147589550228,-545.3,-588.4773832772142,-529.5256246363583,3,(Sn0.67Bi0.33)1-xInx,combined,2
EXP_0077,(Sn0.67Bi0.33)1-xInx,767,0.0528809049286291,0.8414,0.1057190950713708,-450.5,-480.13862032970763,-420.1226610416563,3,(Sn0.67Bi0.33)1-xInx,combined,2
EXP_0078,(Sn0.67Bi0.33)1-xInx,767,0.0426448155130622,0.8721,0.0852551844869378,-383.7,-400.83650433778644,-339.6339331755878,3,(Sn0.67Bi0.33)1-xInx,combined,2
EXP_0079,(Sn0.67Bi0.33)1-xInx,767,0.0359430110422838,0.8922,0.0718569889577161,-338.4,-344.87509750216185,-282.32558988512744,3,(Sn0.67Bi0.33)1-xInx,combined,2
EXP_0080,(Sn0.67Bi0.33)1-xInx,767,0.0309083221115001,0.9073,0.0617916778884998,-290.4,-300.87305000290144,-236.87306594462518,3,(Sn0.67Bi0.33)1-xInx,combined,2
EXP_0081,(Sn0.67Bi0.33)1-xInx,813,0.2980135739294371,0.1062,0.5957864260705629,-92.74,-33.67145141118169,194.87763903572204,3,(Sn0.67Bi0.33)1-xInx,combined,2
EXP_0082,(Sn0.67Bi0.33)1-xInx,813,0.2613036897387557,0.2163,0.5223963102612443,-283.3,-255.07904586156064,-207.9825952557718,3,(Sn0.67Bi0.33)1-xInx,combined,2
EXP_0083,(Sn0.67Bi0.33)1-xInx,813,0.2319957985456504,0.3042,0.4638042014543495,-434.5,-445.2139695495892,-451.0264741970383,3,(Sn0.67Bi0.33)1-xInx,combined,2
EXP_0084,(Sn0.67Bi0.33)1-xInx,813,0.1966196067869647,0.4103,0.3930803932130353,-615.8,-642.668790691529,-651.452617620594,3,(Sn0.67Bi0.33)1-xInx,combined,2
EXP_0085,(Sn0.67Bi0.33)1-xInx,813,0.1671783463506598,0.4986,0.3342216536493402,-747.8,-752.1982942509997,-740.7460541230464,3,(Sn0.67Bi0.33)1-xInx,combined,2
EXP_0086,(Sn0.67Bi0.33)1-xInx,813,0.1329357931591704,0.6013,0.2657642068408296,-748.3,-793.8051005951594,-756.030170128598,3,(Sn0.67Bi0.33)1-xInx,combined,2
EXP_0087,(Sn0.67Bi0.33)1-xInx,813,0.0986598976568812,0.7041,0.1972401023431188,-669.1,-730.1201027433362,-675.9410463673294,3,(Sn0.67Bi0.33)1-xInx,combined,2
EXP_0088,(Sn0.67Bi0.33)1-xInx,813,0.0701522219229733,0.7896,0.1402477780770266,-521.1,-595.5022703883749,-536.6347465527001,3,(Sn0.67Bi0.33)1-xInx,combined,2
EXP_0089,(Sn0.67Bi0.33)1-xInx,813,0.0542812819822245,0.8372,0.1085187180177753,-433.1,-490.3777612363586,-430.4722913805592,3,(Sn0.67Bi0.33)1-xInx,combined,2
EXP_0090,(Sn0.67Bi0.33)1-xInx,813,0.0436450848370589,0.8691,0.087254915162941,-360.5,-408.9221570923217,-347.8745049792567,3,(Sn0.67Bi0.33)1-xInx,combined,2
EXP_0091,(Sn0.67Bi0.33)1-xInx,813,0.0366098572582817,0.8902,0.0731901427417183,-308.9,-350.5796300705834,-288.1913674946383,3,(Sn0.67Bi0.33)1-xInx,combined,2
EXP_0092,(Sn0.67Bi0.33)1-xInx,813,0.0315751683274979,0.9053,0.063124831672502,-263.3,-306.794031959745,-243.01156939944474,3,(Sn0.67Bi0.33)1-xInx,combined,2
EXP_0093,(Sn0.67Bi0.33)1-xInx,855,0.2985137085914354,0.1047,0.5967862914085644,-64.32,-31.087159011766545,201.12206408774688,3,(Sn0.67Bi0.33)1-xInx,combined,2
EXP_0094,(Sn0.67Bi0.33)1-xInx,855,0.2625706975491516,0.2125,0.5249293024508483,-251.5,-246.80920919587095,-195.90216748212498,3,(Sn0.67Bi0.33)1-xInx,combined,2
EXP_0095,(Sn0.67Bi0.33)1-xInx,855,0.2332628063560463,0.3004,0.4663371936439536,-409.6,-437.2554988659731,-441.96246651775886,3,(Sn0.67Bi0.33)1-xInx,combined,2
EXP_0096,(Sn0.67Bi0.33)1-xInx,855,0.2012875302989496,0.3963,0.4024124697010504,-575.1,-620.0786937552448,-630.8282542989807,3,(Sn0.67Bi0.33)1-xInx,combined,2
EXP_0097,(Sn0.67Bi0.33)1-xInx,855,0.1632439536762725,0.5104,0.3263560463237274,-733.7,-761.9918674859347,-747.3453965478855,3,(Sn0.67Bi0.33)1-xInx,combined,2
EXP_0098,(Sn0.67Bi0.33)1-xInx,855,0.1314353891731753,0.6058,0.2627646108268247,-731.7,-793.2780223093378,-754.5216788619427,3,(Sn0.67Bi0.33)1-xInx,combined,2
EXP_0099,(Sn0.67Bi0.33)1-xInx,855,0.0979597091300834,0.7062,0.1958402908699164,-644.2,-727.6893108147347,-673.3103027710914,3,(Sn0.67Bi0.33)1-xInx,combined,2
EXP_0100,(Sn0.67Bi0.33)1-xInx,855,0.0682850525181793,0.7952,0.1365149474818206,-485.3,-584.2074424524316,-525.2070512226321,3,(Sn0.67Bi0.33)1-xInx,combined,2
EXP_0101,(Sn0.67Bi0.33)1-xInx,855,0.0524141125774306,0.8428,0.1047858874225693,-395.4,-476.69214567530224,-416.6373840860745,3,(Sn0.67Bi0.33)1-xInx,combined,2
EXP_0102,(Sn0.67Bi0.33)1-xInx,855,0.0429782386210611,0.8711,0.0859217613789388,-328.5,-403.53959088972755,-342.389821100607,3,(Sn0.67Bi0.33)1-xInx,combined,2
EXP_0103,(Sn0.67Bi0.33)1-xInx,855,0.035876326420684,0.8924,0.0717236735793159,-267.3,-344.3030259777863,-281.737025379608,3,(Sn0.67Bi0.33)1-xInx,combined,2
EXP_0104,(Sn0.67Bi0.33)1-xInx,855,0.0309083221115001,0.9073,0.0617916778884998,-218.0,-300.87305000290144,-236.87306594462518,3,(Sn0.67Bi0.33)1-xInx,combined,2
EXP_0001,(Sn0.33Bi0.67)1-xInx,767,0.6021023017902813,0.098,0.2998976982097187,-380.4,-319.3582266540738,-292.8266693515674,1,(Sn0.33Bi0.67)1-xInx,experimental_only,3
EXP_0002,(Sn0.33Bi0.67)1-xInx,767,0.5251373401534527,0.2133,0.2615626598465473,-841.6,-779.3981338969363,-689.4801527422981,1,(Sn0.33Bi0.67)1-xInx,experimental_only,3
EXP_0003,(Sn0.33Bi0.67)1-xInx,767,0.4618565217391304,0.3081,0.2300434782608695,-1142.0,-1067.1245349076441,-967.7149338156428,1,(Sn0.33Bi0.67)1-xInx,experimental_only,3
EXP_0004,(Sn0.33Bi0.67)1-xInx,767,0.3936360613810742,0.4103,0.1960639386189258,-1346.0,-1259.8994805704758,-1195.7530765280967,1,(Sn0.33Bi0.67)1-xInx,experimental_only,3
EXP_0005,(Sn0.33Bi0.67)1-xInx,767,0.3376312020460358,0.4942,0.1681687979539642,-1413.0,-1317.01093745515,-1310.7938076218852,1,(Sn0.33Bi0.67)1-xInx,experimental_only,3
EXP_0006,(Sn0.33Bi0.67)1-xInx,767,0.2652721227621483,0.6026,0.1321278772378516,-1389.0,-1252.6185423470095,-1340.1384859644863,1,(Sn0.33Bi0.67)1-xInx,experimental_only,3
EXP_0007,(Sn0.33Bi0.67)1-xInx,767,0.1933803069053708,0.7103,0.0963196930946291,-1227.0,-1043.68023917639,-1210.0086426544797,1,(Sn0.33Bi0.67)1-xInx,experimental_only,3
EXP_0008,(Sn0.33Bi0.67)1-xInx,767,0.1284974424552429,0.8075,0.064002557544757,-959.0,-750.7731052453768,-932.9379744750323,1,(Sn0.33Bi0.67)1-xInx,experimental_only,3
EXP_0009,(Sn0.33Bi0.67)1-xInx,767,0.0966567774936061,0.8552,0.0481432225063938,-792.5,-579.2308365652174,-735.0454478141863,1,(Sn0.33Bi0.67)1-xInx,experimental_only,3
EXP_0010,(Sn0.33Bi0.67)1-xInx,767,0.0771652173913043,0.8844,0.0384347826086956,-656.3,-467.5764374779218,-592.3250796288271,1,(Sn0.33Bi0.67)1-xInx,experimental_only,3
EXP_0011,(Sn0.33Bi0.67)1-xInx,767,0.0642820971867008,0.9037,0.0320179028132992,-565.5,-391.63835530383426,-488.6609579700702,1,(Sn0.33Bi0.67)1-xInx,experimental_only,3
EXP_0012,(Sn0.33Bi0.67)1-xInx,813,0.5984309462915601,0.1035,0.2980690537084399,-343.5,-343.3641489715695,-312.7380512797906,1,(Sn0.33Bi0.67)1-xInx,experimental_only,3
EXP_0013,(Sn0.33Bi0.67)1-xInx,813,0.527406905370844,0.2099,0.262693094629156,-758.4,-767.3730813353966,-678.5587541240013,1,(Sn0.33Bi0.67)1-xInx,experimental_only,3
EXP_0014,(Sn0.33Bi0.67)1-xInx,813,0.4685984654731457,0.298,0.2334015345268542,-1050.0,-1041.151336327319,-940.7683914978194,1,(Sn0.33Bi0.67)1-xInx,experimental_only,3
EXP_0015,(Sn0.33Bi0.67)1-xInx,813,0.3874948849104859,0.4195,0.193005115089514,-1304.0,-1270.717521110849,-1211.8302717851975,1,(Sn0.33Bi0.67)1-xInx,experimental_only,3
EXP_0016,(Sn0.33Bi0.67)1-xInx,813,0.3333590792838874,0.5006,0.1660409207161125,-1366.0,-1317.514604332184,-1316.4823815498319,1,(Sn0.33Bi0.67)1-xInx,experimental_only,3
EXP_0017,(Sn0.33Bi0.67)1-xInx,813,0.2529230179028133,0.6211,0.1259769820971867,-1307.0,-1226.5245309524773,-1329.8621696121581,1,(Sn0.33Bi0.67)1-xInx,experimental_only,3
EXP_0018,(Sn0.33Bi0.67)1-xInx,813,0.1969181585677749,0.705,0.098081841432225,-1173.0,-1057.0350576359806,-1220.5543721475046,1,(Sn0.33Bi0.67)1-xInx,experimental_only,3
EXP_0019,(Sn0.33Bi0.67)1-xInx,813,0.1327028132992327,0.8012,0.0660971867007672,-926.4,-772.2383975448727,-955.9112634033793,1,(Sn0.33Bi0.67)1-xInx,experimental_only,3
EXP_0020,(Sn0.33Bi0.67)1-xInx,813,0.0991265984654731,0.8515,0.0493734015345268,-737.7,-593.0548894778041,-751.9400576936002,1,(Sn0.33Bi0.67)1-xInx,experimental_only,3
EXP_0021,(Sn0.33Bi0.67)1-xInx,813,0.0787005115089514,0.8821,0.0391994884910485,-606.6,-476.52233197742123,-604.1785620273267,1,(Sn0.33Bi0.67)1-xInx,experimental_only,3
EXP_0022,(Sn0.33Bi0.67)1-xInx,813,0.0653501278772378,0.9021,0.0325498721227621,-518.0,-397.9885869420851,-497.54217161193,1,(Sn0.33Bi0.67)1-xInx,experimental_only,3
EXP_0023,(Sn0.33Bi0.67)1-xInx,855,0.6008340153452686,0.0999,0.2992659846547315,-295.1,-327.6694967071145,-299.71346474776107,1,(Sn0.33Bi0.67)1-xInx,experimental_only,3
EXP_0024,(Sn0.33Bi0.67)1-xInx,855,0.5344158567774936,0.1994,0.2661841432225064,-658.9,-729.5638395364317,-644.4781988309439,1,(Sn0.33Bi0.67)1-xInx,experimental_only,3
EXP_0025,(Sn0.33Bi0.67)1-xInx,855,0.4603212276214834,0.3104,0.2292787723785166,-1014.0,-1072.8730219980275,-973.7510235797804,1,(Sn0.33Bi0.67)1-xInx,experimental_only,3
EXP_0026,(Sn0.33Bi0.67)1-xInx,855,0.3861598465473146,0.4215,0.1923401534526854,-1221.0,-1272.9221417605013,-1215.2185444469155,1,(Sn0.33Bi0.67)1-xInx,experimental_only,3
EXP_0027,(Sn0.33Bi0.67)1-xInx,855,0.3267506393861893,0.5105,0.1627493606138107,-1295.0,-1317.2170635260377,-1324.3595227878336,1,(Sn0.33Bi0.67)1-xInx,experimental_only,3
EXP_0028,(Sn0.33Bi0.67)1-xInx,855,0.26146726342711,0.6083,0.13023273657289,-1253.0,-1245.0329126207093,-1337.478391734786,1,(Sn0.33Bi0.67)1-xInx,experimental_only,3
EXP_0029,(Sn0.33Bi0.67)1-xInx,855,0.1933803069053708,0.7103,0.0963196930946291,-1094.0,-1043.68023917639,-1210.0086426544797,1,(Sn0.33Bi0.67)1-xInx,experimental_only,3
EXP_0030,(Sn0.33Bi0.67)1-xInx,855,0.1365744245524296,0.7954,0.0680255754475703,-871.9,-791.7286753438465,-976.4243701519227,1,(Sn0.33Bi0.67)1-xInx,experimental_only,3
EXP_0031,(Sn0.33Bi0.67)1-xInx,855,0.1047337595907928,0.8431,0.0521662404092071,-716.4,-624.1396949400765,-789.3176225186673,1,(Sn0.33Bi0.67)1-xInx,experimental_only,3
EXP_0032,(Sn0.33Bi0.67)1-xInx,855,0.0873115089514066,0.8692,0.0434884910485933,-603.6,-526.2376649151946,-668.7119141818193,1,(Sn0.33Bi0.67)1-xInx,experimental_only,3
EXP_0033,(Sn0.33Bi0.67)1-xInx,855,0.0740946291560102,0.889,0.0369053708439897,-524.9,-449.614884582801,-568.300239871166,1,(Sn0.33Bi0.67)1-xInx,experimental_only,3
EXP_0034,(Sn0.33Bi0.67)1-xInx,855,0.064549104859335,0.9033,0.0321508951406649,-449.5,-393.22677338615034,-490.88616472643787,1,(Sn0.33Bi0.67)1-xInx,experimental_only,3
EXP_0035,(Sn0.50Bi0.50)1-xInx,767,0.44675,0.1065,0.44675,-250.0,-177.68127661798496,-254.60052988773623,2,(Sn0.50Bi0.50)1-xInx,experimental_only,3
EXP_0036,(Sn0.50Bi0.50)1-xInx,767,0.40015,0.1997,0.40015,-490.0,-459.4003160607007,-530.161581421131,2,(Sn0.50Bi0.50)1-xInx,experimental_only,3
EXP_0037,(Sn0.50Bi0.50)1-xInx,767,0.34925,0.3015,0.34925,-725.3,-732.5779277217148,-774.0965559855553,2,(Sn0.50Bi0.50)1-xInx,experimental_only,3
EXP_0038,(Sn0.50Bi0.50)1-xInx,767,0.28945,0.4211,0.28945,-978.1,-957.4354982094574,-969.2700924717296,2,(Sn0.50Bi0.50)1-xInx,experimental_only,3
EXP_0039,(Sn0.50Bi0.50)1-xInx,767,0.2435,0.513,0.2435,-1063.0,-1034.803545342359,-1040.9474968489426,2,(Sn0.50Bi0.50)1-xInx,experimental_only,3
EXP_0040,(Sn0.50Bi0.50)1-xInx,767,0.1955,0.609,0.1955,-1091.0,-1015.126981652759,-1032.9686642599522,2,(Sn0.50Bi0.50)1-xInx,experimental_only,3
EXP_0041,(Sn0.50Bi0.50)1-xInx,767,0.1503499999999999,0.6993,0.1503499999999999,-984.0,-901.5973965990419,-939.5912691334149,2,(Sn0.50Bi0.50)1-xInx,experimental_only,3
EXP_0042,(Sn0.50Bi0.50)1-xInx,767,0.1014499999999999,0.7971,0.1014499999999999,-781.9,-682.555710823105,-734.9498857086987,2,(Sn0.50Bi0.50)1-xInx,experimental_only,3
EXP_0043,(Sn0.50Bi0.50)1-xInx,767,0.0769,0.8462,0.0769,-638.5,-540.1664285223325,-588.4827222608861,2,(Sn0.50Bi0.50)1-xInx,experimental_only,3
EXP_0044,(Sn0.50Bi0.50)1-xInx,767,0.06175,0.8765,0.06175,-521.9,-443.32979257888985,-482.7277460270797,2,(Sn0.50Bi0.50)1-xInx,experimental_only,3
EXP_0045,(Sn0.50Bi0.50)1-xInx,767,0.0524,0.8952,0.0524,-447.2,-380.62314556403675,-411.4410879785203,2,(Sn0.50Bi0.50)1-xInx,experimental_only,3
EXP_0046,(Sn0.50Bi0.50)1-xInx,767,0.0464499999999999,0.9071,0.0464499999999999,-398.7,-339.6775238628549,-363.6442336281451,2,(Sn0.50Bi0.50)1-xInx,experimental_only,3
EXP_0047,(Sn0.50Bi0.50)1-xInx,813,0.45235,0.0953,0.45235,-183.7,-143.6106112349837,-218.56840653282893,2,(Sn0.50Bi0.50)1-xInx,experimental_only,3
EXP_0048,(Sn0.50Bi0.50)1-xInx,813,0.39685,0.2063,0.39685,-454.8,-478.64445535628374,-547.8977063476339,2,(Sn0.50Bi0.50)1-xInx,experimental_only,3
EXP_0049,(Sn0.50Bi0.50)1-xInx,813,0.3443,0.3114,0.3443,-709.4,-755.7426507966974,-794.2244396235766,2,(Sn0.50Bi0.50)1-xInx,experimental_only,3
EXP_0050,(Sn0.50Bi0.50)1-xInx,813,0.2981,0.4038,0.2981,-906.3,-932.9941406480763,-947.8121139520179,2,(Sn0.50Bi0.50)1-xInx,experimental_only,3
EXP_0051,(Sn0.50Bi0.50)1-xInx,813,0.2509,0.4982,0.2509,-1017.0,-1028.5460520368104,-1034.4130869426124,2,(Sn0.50Bi0.50)1-xInx,experimental_only,3
EXP_0052,(Sn0.50Bi0.50)1-xInx,813,0.1977999999999999,0.6044,0.1977999999999999,-1066.0,-1018.4680591379805,-1035.4237862598143,2,(Sn0.50Bi0.50)1-xInx,experimental_only,3
EXP_0053,(Sn0.50Bi0.50)1-xInx,813,0.1434,0.7132,0.1434,-911.9,-876.2600408819123,-917.2914051346754,2,(Sn0.50Bi0.50)1-xInx,experimental_only,3
EXP_0054,(Sn0.50Bi0.50)1-xInx,813,0.0977,0.8046,0.0977,-729.4,-662.0770451503564,-714.5290001040066,2,(Sn0.50Bi0.50)1-xInx,experimental_only,3
EXP_0055,(Sn0.50Bi0.50)1-xInx,813,0.0742499999999999,0.8515,0.0742499999999999,-565.3,-523.6854653340391,-570.8440144651162,2,(Sn0.50Bi0.50)1-xInx,experimental_only,3
EXP_0056,(Sn0.50Bi0.50)1-xInx,813,0.05885,0.8823,0.05885,-457.4,-424.10568002824493,-461.1138664084566,2,(Sn0.50Bi0.50)1-xInx,experimental_only,3
EXP_0057,(Sn0.50Bi0.50)1-xInx,813,0.0500499999999999,0.8999,0.0500499999999999,-383.4,-364.5433492692703,-392.79086036568617,2,(Sn0.50Bi0.50)1-xInx,experimental_only,3
EXP_0058,(Sn0.50Bi0.50)1-xInx,855,0.44935,0.1013,0.44935,-168.2,-161.84246382191213,-237.9435350765316,2,(Sn0.50Bi0.50)1-xInx,experimental_only,3
EXP_0059,(Sn0.50Bi0.50)1-xInx,855,0.3991,0.2018,0.3991,-409.9,-465.5403228352165,-535.8320557010884,2,(Sn0.50Bi0.50)1-xInx,experimental_only,3
EXP_0060,(Sn0.50Bi0.50)1-xInx,855,0.3506,0.2988,0.3506,-632.3,-726.1366984192189,-768.4903497776986,2,(Sn0.50Bi0.50)1-xInx,experimental_only,3
EXP_0061,(Sn0.50Bi0.50)1-xInx,855,0.29845,0.4031,0.29845,-871.9,-931.9429684127072,-946.8932944188538,2,(Sn0.50Bi0.50)1-xInx,experimental_only,3
EXP_0062,(Sn0.50Bi0.50)1-xInx,855,0.23935,0.5213,0.23935,-1001.4,-1037.2391821872163,-1043.7351448924521,2,(Sn0.50Bi0.50)1-xInx,experimental_only,3
EXP_0063,(Sn0.50Bi0.50)1-xInx,855,0.1934,0.6132,0.1934,-1009.0,-1011.8662806335154,-1030.5380090969386,2,(Sn0.50Bi0.50)1-xInx,experimental_only,3
EXP_0064,(Sn0.50Bi0.50)1-xInx,855,0.12075,0.7585,0.12075,-795.7,-780.0355943614749,-829.2037328604202,2,(Sn0.50Bi0.50)1-xInx,experimental_only,3
EXP_0065,(Sn0.50Bi0.50)1-xInx,855,0.0867999999999999,0.8264,0.0867999999999999,-596.2,-599.8918030492457,-651.1995231667706,2,(Sn0.50Bi0.50)1-xInx,experimental_only,3
EXP_0066,(Sn0.50Bi0.50)1-xInx,855,0.0679,0.8642,0.0679,-480.0,-483.389010705209,-527.0996404870164,2,(Sn0.50Bi0.50)1-xInx,experimental_only,3
EXP_0067,(Sn0.50Bi0.50)1-xInx,855,0.0554999999999999,0.889,0.0554999999999999,-402.2,-401.64360919947825,-435.59139312011763,2,(Sn0.50Bi0.50)1-xInx,experimental_only,3
EXP_0068,(Sn0.50Bi0.50)1-xInx,855,0.0469499999999999,0.9061,0.0469499999999999,-346.6,-343.147550354593,-367.7341858289265,2,(Sn0.50Bi0.50)1-xInx,experimental_only,3
EXP_0069,(Sn0.67Bi0.33)1-xInx,767,0.3012811203878265,0.0964,0.6023188796121735,-105.2,-17.095611218073884,82.14695843839286,3,(Sn0.67Bi0.33)1-xInx,experimental_only,3
EXP_0070,(Sn0.67Bi0.33)1-xInx,767,0.2647046054403447,0.2061,0.5291953945596553,-294.9,-232.92360062365114,-149.52755649570804,3,(Sn0.67Bi0.33)1-xInx,experimental_only,3
EXP_0071,(Sn0.67Bi0.33)1-xInx,767,0.2286615674656611,0.3142,0.4571384325343388,-479.9,-465.9474604055292,-366.33336610605727,3,(Sn0.67Bi0.33)1-xInx,experimental_only,3
EXP_0072,(Sn0.67Bi0.33)1-xInx,767,0.198986910853757,0.4032,0.3978130891462429,-631.6,-631.3701659050728,-519.2409130616406,3,(Sn0.67Bi0.33)1-xInx,experimental_only,3
EXP_0073,(Sn0.67Bi0.33)1-xInx,767,0.1634440075410718,0.5098,0.326755992458928,-771.0,-761.5237399959877,-651.9289005292023,3,(Sn0.67Bi0.33)1-xInx,experimental_only,3
EXP_0074,(Sn0.67Bi0.33)1-xInx,767,0.1288346889307837,0.6136,0.2575653110692162,-767.4,-791.8794791632954,-707.5903191071034,3,(Sn0.67Bi0.33)1-xInx,experimental_only,3
EXP_0075,(Sn0.67Bi0.33)1-xInx,767,0.0994267708052787,0.7018,0.1987732291947212,-694.2,-732.7307715150952,-681.8609005176663,3,(Sn0.67Bi0.33)1-xInx,experimental_only,3
EXP_0076,(Sn0.67Bi0.33)1-xInx,767,0.0689852410449771,0.7931,0.1379147589550228,-545.3,-588.4773832772142,-569.8642958283194,3,(Sn0.67Bi0.33)1-xInx,experimental_only,3
EXP_0077,(Sn0.67Bi0.33)1-xInx,767,0.0528809049286291,0.8414,0.1057190950713708,-450.5,-480.13862032970763,-470.63375544311765,3,(Sn0.67Bi0.33)1-xInx,experimental_only,3
EXP_0078,(Sn0.67Bi0.33)1-xInx,767,0.0426448155130622,0.8721,0.0852551844869378,-383.7,-400.83650433778644,-391.8736394783508,3,(Sn0.67Bi0.33)1-xInx,experimental_only,3
EXP_0079,(Sn0.67Bi0.33)1-xInx,767,0.0359430110422838,0.8922,0.0718569889577161,-338.4,-344.87509750216185,-333.38247845033334,3,(Sn0.67Bi0.33)1-xInx,experimental_only,3
EXP_0080,(Sn0.67Bi0.33)1-xInx,767,0.0309083221115001,0.9073,0.0617916778884998,-290.4,-300.87305000290144,-285.7256804786491,3,(Sn0.67Bi0.33)1-xInx,experimental_only,3
EXP_0081,(Sn0.67Bi0.33)1-xInx,813,0.2980135739294371,0.1062,0.5957864260705629,-92.74,-33.67145141118169,61.617052831919636,3,(Sn0.67Bi0.33)1-xInx,experimental_only,3
EXP_0082,(Sn0.67Bi0.33)1-xInx,813,0.2613036897387557,0.2163,0.5223963102612443,-283.3,-255.07904586156064,-170.85091148745914,3,(Sn0.67Bi0.33)1-xInx,experimental_only,3
EXP_0083,(Sn0.67Bi0.33)1-xInx,813,0.2319957985456504,0.3042,0.4638042014543495,-434.5,-445.2139695495892,-347.4011391980266,3,(Sn0.67Bi0.33)1-xInx,experimental_only,3
EXP_0084,(Sn0.67Bi0.33)1-xInx,813,0.1966196067869647,0.4103,0.3930803932130353,-615.8,-642.668790691529,-530.0028614460275,3,(Sn0.67Bi0.33)1-xInx,experimental_only,3
EXP_0085,(Sn0.67Bi0.33)1-xInx,813,0.1671783463506598,0.4986,0.3342216536493402,-747.8,-752.1982942509997,-641.1970618395881,3,(Sn0.67Bi0.33)1-xInx,experimental_only,3
EXP_0086,(Sn0.67Bi0.33)1-xInx,813,0.1329357931591704,0.6013,0.2657642068408296,-748.3,-793.8051005951594,-705.4899096430454,3,(Sn0.67Bi0.33)1-xInx,experimental_only,3
EXP_0087,(Sn0.67Bi0.33)1-xInx,813,0.0986598976568812,0.7041,0.1972401023431188,-669.1,-730.1201027433362,-680.1643728704621,3,(Sn0.67Bi0.33)1-xInx,experimental_only,3
EXP_0088,(Sn0.67Bi0.33)1-xInx,813,0.0701522219229733,0.7896,0.1402477780770266,-521.1,-595.5022703883749,-575.9295026108193,3,(Sn0.67Bi0.33)1-xInx,experimental_only,3
EXP_0089,(Sn0.67Bi0.33)1-xInx,813,0.0542812819822245,0.8372,0.1085187180177753,-433.1,-490.3777612363586,-480.44014281602426,3,(Sn0.67Bi0.33)1-xInx,experimental_only,3
EXP_0090,(Sn0.67Bi0.33)1-xInx,813,0.0436450848370589,0.8691,0.087254915162941,-360.5,-408.9221570923217,-400.1275877518397,3,(Sn0.67Bi0.33)1-xInx,experimental_only,3
EXP_0091,(Sn0.67Bi0.33)1-xInx,813,0.0366098572582817,0.8902,0.0731901427417183,-308.9,-350.5796300705834,-339.45359759352107,3,(Sn0.67Bi0.33)1-xInx,experimental_only,3
EXP_0092,(Sn0.67Bi0.33)1-xInx,813,0.0315751683274979,0.9053,0.063124831672502,-263.3,-306.794031959745,-292.22374708884695,3,(Sn0.67Bi0.33)1-xInx,experimental_only,3
EXP_0093,(Sn0.67Bi0.33)1-xInx,855,0.2985137085914354,0.1047,0.5967862914085644,-64.32,-31.087159011766545,64.76549927108397,3,(Sn0.67Bi0.33)1-xInx,experimental_only,3
EXP_0094,(Sn0.67Bi0.33)1-xInx,855,0.2625706975491516,0.2125,0.5249293024508483,-251.5,-246.80920919587095,-162.92018544110107,3,(Sn0.67Bi0.33)1-xInx,experimental_only,3
EXP_0095,(Sn0.67Bi0.33)1-xInx,855,0.2332628063560463,0.3004,0.4663371936439536,-409.6,-437.2554988659731,-340.13117015330624,3,(Sn0.67Bi0.33)1-xInx,experimental_only,3
EXP_0096,(Sn0.67Bi0.33)1-xInx,855,0.2012875302989496,0.3963,0.4024124697010504,-575.1,-620.0786937552448,-508.5536737595509,3,(Sn0.67Bi0.33)1-xInx,experimental_only,3
EXP_0097,(Sn0.67Bi0.33)1-xInx,855,0.1632439536762725,0.5104,0.3263560463237274,-733.7,-761.9918674859347,-652.480154367832,3,(Sn0.67Bi0.33)1-xInx,experimental_only,3
EXP_0098,(Sn0.67Bi0.33)1-xInx,855,0.1314353891731753,0.6058,0.2627646108268247,-731.7,-793.2780223093378,-706.4092126319216,3,(Sn0.67Bi0.33)1-xInx,experimental_only,3
EXP_0099,(Sn0.67Bi0.33)1-xInx,855,0.0979597091300834,0.7062,0.1958402908699164,-644.2,-727.6893108147347,-678.5671352277803,3,(Sn0.67Bi0.33)1-xInx,experimental_only,3
EXP_0100,(Sn0.67Bi0.33)1-xInx,855,0.0682850525181793,0.7952,0.1365149474818206,-485.3,-584.2074424524316,-566.1538913473432,3,(Sn0.67Bi0.33)1-xInx,experimental_only,3
EXP_0101,(Sn0.67Bi0.33)1-xInx,855,0.0524141125774306,0.8428,0.1047858874225693,-395.4,-476.69214567530224,-467.3138792289749,3,(Sn0.67Bi0.33)1-xInx,experimental_only,3
EXP_0102,(Sn0.67Bi0.33)1-xInx,855,0.0429782386210611,0.8711,0.0859217613789388,-328.5,-403.53959088972755,-394.63856158931156,3,(Sn0.67Bi0.33)1-xInx,experimental_only,3
EXP_0103,(Sn0.67Bi0.33)1-xInx,855,0.035876326420684,0.8924,0.0717236735793159,-267.3,-344.3030259777863,-332.77228618889245,3,(Sn0.67Bi0.33)1-xInx,experimental_only,3
EXP_0104,(Sn0.67Bi0.33)1-xInx,855,0.0309083221115001,0.9073,0.0617916778884998,-218.0,-300.87305000290144,-285.7256804786491,3,(Sn0.67Bi0.33)1-xInx,experimental_only,3
EXP_0001,(Sn0.33Bi0.67)1-xInx,767,0.6021023017902813,0.098,0.2998976982097187,-380.4,-319.3582266540738,-251.87200722575415,1,(Sn0.33Bi0.67)1-xInx,synthetic_only,3
EXP_0002,(Sn0.33Bi0.67)1-xInx,767,0.5251373401534527,0.2133,0.2615626598465473,-841.6,-779.3981338969363,-750.981068200559,1,(Sn0.33Bi0.67)1-xInx,synthetic_only,3
EXP_0003,(Sn0.33Bi0.67)1-xInx,767,0.4618565217391304,0.3081,0.2300434782608695,-1142.0,-1067.1245349076441,-1038.5507764459285,1,(Sn0.33Bi0.67)1-xInx,synthetic_only,3
EXP_0004,(Sn0.33Bi0.67)1-xInx,767,0.3936360613810742,0.4103,0.1960639386189258,-1346.0,-1259.8994805704758,-1225.5163071339653,1,(Sn0.33Bi0.67)1-xInx,synthetic_only,3
EXP_0005,(Sn0.33Bi0.67)1-xInx,767,0.3376312020460358,0.4942,0.1681687979539642,-1413.0,-1317.01093745515,-1284.3276349259336,1,(Sn0.33Bi0.67)1-xInx,synthetic_only,3
EXP_0006,(Sn0.33Bi0.67)1-xInx,767,0.2652721227621483,0.6026,0.1321278772378516,-1389.0,-1252.6185423470095,-1234.968038379241,1,(Sn0.33Bi0.67)1-xInx,synthetic_only,3
EXP_0007,(Sn0.33Bi0.67)1-xInx,767,0.1933803069053708,0.7103,0.0963196930946291,-1227.0,-1043.68023917639,-1047.1768686053758,1,(Sn0.33Bi0.67)1-xInx,synthetic_only,3
EXP_0008,(Sn0.33Bi0.67)1-xInx,767,0.1284974424552429,0.8075,0.064002557544757,-959.0,-750.7731052453768,-760.0315974680677,1,(Sn0.33Bi0.67)1-xInx,synthetic_only,3
EXP_0009,(Sn0.33Bi0.67)1-xInx,767,0.0966567774936061,0.8552,0.0481432225063938,-792.5,-579.2308365652174,-578.583806934688,1,(Sn0.33Bi0.67)1-xInx,synthetic_only,3
EXP_0010,(Sn0.33Bi0.67)1-xInx,767,0.0771652173913043,0.8844,0.0384347826086956,-656.3,-467.5764374779218,-454.40728889767223,1,(Sn0.33Bi0.67)1-xInx,synthetic_only,3
EXP_0011,(Sn0.33Bi0.67)1-xInx,767,0.0642820971867008,0.9037,0.0320179028132992,-565.5,-391.63835530383426,-366.88565265008356,1,(Sn0.33Bi0.67)1-xInx,synthetic_only,3
EXP_0012,(Sn0.33Bi0.67)1-xInx,813,0.5984309462915601,0.1035,0.2980690537084399,-343.5,-343.3641489715695,-279.4248176502113,1,(Sn0.33Bi0.67)1-xInx,synthetic_only,3
EXP_0013,(Sn0.33Bi0.67)1-xInx,813,0.527406905370844,0.2099,0.262693094629156,-758.4,-767.3730813353966,-738.6152934859167,1,(Sn0.33Bi0.67)1-xInx,synthetic_only,3
EXP_0014,(Sn0.33Bi0.67)1-xInx,813,0.4685984654731457,0.298,0.2334015345268542,-1050.0,-1041.151336327319,-1013.1580332335019,1,(Sn0.33Bi0.67)1-xInx,synthetic_only,3
EXP_0015,(Sn0.33Bi0.67)1-xInx,813,0.3874948849104859,0.4195,0.193005115089514,-1304.0,-1270.717521110849,-1236.1192484512471,1,(Sn0.33Bi0.67)1-xInx,synthetic_only,3
EXP_0016,(Sn0.33Bi0.67)1-xInx,813,0.3333590792838874,0.5006,0.1660409207161125,-1366.0,-1317.514604332184,-1285.3286423166387,1,(Sn0.33Bi0.67)1-xInx,synthetic_only,3
EXP_0017,(Sn0.33Bi0.67)1-xInx,813,0.2529230179028133,0.6211,0.1259769820971867,-1307.0,-1226.5245309524773,-1212.5124183619873,1,(Sn0.33Bi0.67)1-xInx,synthetic_only,3
EXP_0018,(Sn0.33Bi0.67)1-xInx,813,0.1969181585677749,0.705,0.098081841432225,-1173.0,-1057.0350576359806,-1059.6340712125107,1,(Sn0.33Bi0.67)1-xInx,synthetic_only,3
EXP_0019,(Sn0.33Bi0.67)1-xInx,813,0.1327028132992327,0.8012,0.0660971867007672,-926.4,-772.2383975448727,-782.0065999064138,1,(Sn0.33Bi0.67)1-xInx,synthetic_only,3
EXP_0020,(Sn0.33Bi0.67)1-xInx,813,0.0991265984654731,0.8515,0.0493734015345268,-737.7,-593.0548894778041,-593.6091713987149,1,(Sn0.33Bi0.67)1-xInx,synthetic_only,3
EXP_0021,(Sn0.33Bi0.67)1-xInx,813,0.0787005115089514,0.8821,0.0391994884910485,-606.6,-476.52233197742123,-464.54851303580057,1,(Sn0.33Bi0.67)1-xInx,synthetic_only,3
EXP_0022,(Sn0.33Bi0.67)1-xInx,813,0.0653501278772378,0.9021,0.0325498721227621,-518.0,-397.9885869420851,-374.3058738923984,1,(Sn0.33Bi0.67)1-xInx,synthetic_only,3
EXP_0023,(Sn0.33Bi0.67)1-xInx,855,0.6008340153452686,0.0999,0.2992659846547315,-295.1,-327.6694967071145,-261.43279538041526,1,(Sn0.33Bi0.67)1-xInx,synthetic_only,3
EXP_0024,(Sn0.33Bi0.67)1-xInx,855,0.5344158567774936,0.1994,0.2661841432225064,-658.9,-729.5638395364317,-699.527111563105,1,(Sn0.33Bi0.67)1-xInx,synthetic_only,3
EXP_0025,(Sn0.33Bi0.67)1-xInx,855,0.4603212276214834,0.3104,0.2292787723785166,-1014.0,-1072.8730219980275,-1044.1588989995996,1,(Sn0.33Bi0.67)1-xInx,synthetic_only,3
EXP_0026,(Sn0.33Bi0.67)1-xInx,855,0.3861598465473146,0.4215,0.1923401534526854,-1221.0,-1272.9221417605013,-1238.2885594335178,1,(Sn0.33Bi0.67)1-xInx,synthetic_only,3
EXP_0027,(Sn0.33Bi0.67)1-xInx,855,0.3267506393861893,0.5105,0.1627493606138107,-1295.0,-1317.2170635260377,-1285.90669431859,1,(Sn0.33Bi0.67)1-xInx,synthetic_only,3
EXP_0028,(Sn0.33Bi0.67)1-xInx,855,0.26146726342711,0.6083,0.13023273657289,-1253.0,-1245.0329126207093,-1228.4839270757877,1,(Sn0.33Bi0.67)1-xInx,synthetic_only,3
EXP_0029,(Sn0.33Bi0.67)1-xInx,855,0.1933803069053708,0.7103,0.0963196930946291,-1094.0,-1043.68023917639,-1047.1768686053758,1,(Sn0.33Bi0.67)1-xInx,synthetic_only,3
EXP_0030,(Sn0.33Bi0.67)1-xInx,855,0.1365744245524296,0.7954,0.0680255754475703,-871.9,-791.7286753438465,-801.8263577428148,1,(Sn0.33Bi0.67)1-xInx,synthetic_only,3
EXP_0031,(Sn0.33Bi0.67)1-xInx,855,0.1047337595907928,0.8431,0.0521662404092071,-716.4,-624.1396949400765,-627.1278242414913,1,(Sn0.33Bi0.67)1-xInx,synthetic_only,3
EXP_0032,(Sn0.33Bi0.67)1-xInx,855,0.0873115089514066,0.8692,0.0434884910485933,-603.6,-526.2376649151946,-520.286478059897,1,(Sn0.33Bi0.67)1-xInx,synthetic_only,3
EXP_0033,(Sn0.33Bi0.67)1-xInx,855,0.0740946291560102,0.889,0.0369053708439897,-524.9,-449.614884582801,-433.94023960451364,1,(Sn0.33Bi0.67)1-xInx,synthetic_only,3
EXP_0034,(Sn0.33Bi0.67)1-xInx,855,0.064549104859335,0.9033,0.0321508951406649,-449.5,-393.22677338615034,-368.7434952439361,1,(Sn0.33Bi0.67)1-xInx,synthetic_only,3
EXP_0035,(Sn0.50Bi0.50)1-xInx,767,0.44675,0.1065,0.44675,-250.0,-177.68127661798496,-218.60451881963183,2,(Sn0.50Bi0.50)1-xInx,synthetic_only,3
EXP_0036,(Sn0.50Bi0.50)1-xInx,767,0.40015,0.1997,0.40015,-490.0,-459.4003160607007,-517.1036760490372,2,(Sn0.50Bi0.50)1-xInx,synthetic_only,3
EXP_0037,(Sn0.50Bi0.50)1-xInx,767,0.34925,0.3015,0.34925,-725.3,-732.5779277217148,-773.6625275331576,2,(Sn0.50Bi0.50)1-xInx,synthetic_only,3
EXP_0038,(Sn0.50Bi0.50)1-xInx,767,0.28945,0.4211,0.28945,-978.1,-957.4354982094574,-970.5574816750556,2,(Sn0.50Bi0.50)1-xInx,synthetic_only,3
EXP_0039,(Sn0.50Bi0.50)1-xInx,767,0.2435,0.513,0.2435,-1063.0,-1034.803545342359,-1036.4724894974918,2,(Sn0.50Bi0.50)1-xInx,synthetic_only,3
EXP_0040,(Sn0.50Bi0.50)1-xInx,767,0.1955,0.609,0.1955,-1091.0,-1015.126981652759,-1018.2105328892922,2,(Sn0.50Bi0.50)1-xInx,synthetic_only,3
EXP_0041,(Sn0.50Bi0.50)1-xInx,767,0.1503499999999999,0.6993,0.1503499999999999,-984.0,-901.5973965990419,-913.134746482789,2,(Sn0.50Bi0.50)1-xInx,synthetic_only,3
EXP_0042,(Sn0.50Bi0.50)1-xInx,767,0.1014499999999999,0.7971,0.1014499999999999,-781.9,-682.555710823105,-695.786221912626,2,(Sn0.50Bi0.50)1-xInx,synthetic_only,3
EXP_0043,(Sn0.50Bi0.50)1-xInx,767,0.0769,0.8462,0.0769,-638.5,-540.1664285223325,-543.6379792540602,2,(Sn0.50Bi0.50)1-xInx,synthetic_only,3
EXP_0044,(Sn0.50Bi0.50)1-xInx,767,0.06175,0.8765,0.06175,-521.9,-443.32979257888985,-434.7878120979822,2,(Sn0.50Bi0.50)1-xInx,synthetic_only,3
EXP_0045,(Sn0.50Bi0.50)1-xInx,767,0.0524,0.8952,0.0524,-447.2,-380.62314556403675,-361.7847860931643,2,(Sn0.50Bi0.50)1-xInx,synthetic_only,3
EXP_0046,(Sn0.50Bi0.50)1-xInx,767,0.0464499999999999,0.9071,0.0464499999999999,-398.7,-339.6775238628549,-312.98198243107413,2,(Sn0.50Bi0.50)1-xInx,synthetic_only,3
EXP_0047,(Sn0.50Bi0.50)1-xInx,813,0.45235,0.0953,0.45235,-183.7,-143.6106112349837,-178.98318922675003,2,(Sn0.50Bi0.50)1-xInx,synthetic_only,3
EXP_0048,(Sn0.50Bi0.50)1-xInx,813,0.39685,0.2063,0.39685,-454.8,-478.64445535628374,-536.0255694322595,2,(Sn0.50Bi0.50)1-xInx,synthetic_only,3
EXP_0049,(Sn0.50Bi0.50)1-xInx,813,0.3443,0.3114,0.3443,-709.4,-755.7426507966974,-794.4200310501313,2,(Sn0.50Bi0.50)1-xInx,synthetic_only,3
EXP_0050,(Sn0.50Bi0.50)1-xInx,813,0.2981,0.4038,0.2981,-906.3,-932.9941406480763,-949.5761707932695,2,(Sn0.50Bi0.50)1-xInx,synthetic_only,3
EXP_0051,(Sn0.50Bi0.50)1-xInx,813,0.2509,0.4982,0.2509,-1017.0,-1028.5460520368104,-1031.1884861401297,2,(Sn0.50Bi0.50)1-xInx,synthetic_only,3
EXP_0052,(Sn0.50Bi0.50)1-xInx,813,0.1977999999999999,0.6044,0.1977999999999999,-1066.0,-1018.4680591379805,-1021.2256465076271,2,(Sn0.50Bi0.50)1-xInx,synthetic_only,3
EXP_0053,(Sn0.50Bi0.50)1-xInx,813,0.1434,0.7132,0.1434,-911.9,-876.2600408819123,-888.9805657631996,2,(Sn0.50Bi0.50)1-xInx,synthetic_only,3
EXP_0054,(Sn0.50Bi0.50)1-xInx,813,0.0977,0.8046,0.0977,-729.4,-662.0770451503564,-674.4536484383248,2,(Sn0.50Bi0.50)1-xInx,synthetic_only,3
EXP_0055,(Sn0.50Bi0.50)1-xInx,813,0.0742499999999999,0.8515,0.0742499999999999,-565.3,-523.6854653340391,-525.4322480259556,2,(Sn0.50Bi0.50)1-xInx,synthetic_only,3
EXP_0056,(Sn0.50Bi0.50)1-xInx,813,0.05885,0.8823,0.05885,-457.4,-424.10568002824493,-412.62462739927724,2,(Sn0.50Bi0.50)1-xInx,synthetic_only,3
EXP_0057,(Sn0.50Bi0.50)1-xInx,813,0.0500499999999999,0.8999,0.0500499999999999,-383.4,-364.5433492692703,-342.7289021893479,2,(Sn0.50Bi0.50)1-xInx,synthetic_only,3
EXP_0058,(Sn0.50Bi0.50)1-xInx,855,0.44935,0.1013,0.44935,-168.2,-161.84246382191213,-200.30460521996417,2,(Sn0.50Bi0.50)1-xInx,synthetic_only,3
EXP_0059,(Sn0.50Bi0.50)1-xInx,855,0.3991,0.2018,0.3991,-409.9,-465.5403228352165,-523.1573575547741,2,(Sn0.50Bi0.50)1-xInx,synthetic_only,3
EXP_0060,(Sn0.50Bi0.50)1-xInx,855,0.3506,0.2988,0.3506,-632.3,-726.1366984192189,-767.8676134684888,2,(Sn0.50Bi0.50)1-xInx,synthetic_only,3
EXP_0061,(Sn0.50Bi0.50)1-xInx,855,0.29845,0.4031,0.29845,-871.9,-931.9429684127072,-948.6720055258778,2,(Sn0.50Bi0.50)1-xInx,synthetic_only,3
EXP_0062,(Sn0.50Bi0.50)1-xInx,855,0.23935,0.5213,0.23935,-1001.4,-1037.2391821872163,-1038.5127307704645,2,(Sn0.50Bi0.50)1-xInx,synthetic_only,3
EXP_0063,(Sn0.50Bi0.50)1-xInx,855,0.1934,0.6132,0.1934,-1009.0,-1011.8662806335154,-1015.2642119135335,2,(Sn0.50Bi0.50)1-xInx,synthetic_only,3
EXP_0064,(Sn0.50Bi0.50)1-xInx,855,0.12075,0.7585,0.12075,-795.7,-780.0355943614749,-794.9175957132104,2,(Sn0.50Bi0.50)1-xInx,synthetic_only,3
EXP_0065,(Sn0.50Bi0.50)1-xInx,855,0.0867999999999999,0.8264,0.0867999999999999,-596.2,-599.8918030492457,-608.5588140090933,2,(Sn0.50Bi0.50)1-xInx,synthetic_only,3
EXP_0066,(Sn0.50Bi0.50)1-xInx,855,0.0679,0.8642,0.0679,-480.0,-483.389010705209,-480.37218811022217,2,(Sn0.50Bi0.50)1-xInx,synthetic_only,3
EXP_0067,(Sn0.50Bi0.50)1-xInx,855,0.0554999999999999,0.889,0.0554999999999999,-402.2,-401.64360919947825,-386.48637500178586,2,(Sn0.50Bi0.50)1-xInx,synthetic_only,3
EXP_0068,(Sn0.50Bi0.50)1-xInx,855,0.0469499999999999,0.9061,0.0469499999999999,-346.6,-343.147550354593,-317.15375091142664,2,(Sn0.50Bi0.50)1-xInx,synthetic_only,3
EXP_0069,(Sn0.67Bi0.33)1-xInx,767,0.3012811203878265,0.0964,0.6023188796121735,-105.2,-17.095611218073884,161.842999885518,3,(Sn0.67Bi0.33)1-xInx,synthetic_only,3
EXP_0070,(Sn0.67Bi0.33)1-xInx,767,0.2647046054403447,0.2061,0.5291953945596553,-294.9,-232.92360062365114,-141.33451867776853,3,(Sn0.67Bi0.33)1-xInx,synthetic_only,3
EXP_0071,(Sn0.67Bi0.33)1-xInx,767,0.2286615674656611,0.3142,0.4571384325343388,-479.9,-465.9474604055292,-405.6826828591476,3,(Sn0.67Bi0.33)1-xInx,synthetic_only,3
EXP_0072,(Sn0.67Bi0.33)1-xInx,767,0.198986910853757,0.4032,0.3978130891462429,-631.6,-631.3701659050728,-582.1653770349712,3,(Sn0.67Bi0.33)1-xInx,synthetic_only,3
EXP_0073,(Sn0.67Bi0.33)1-xInx,767,0.1634440075410718,0.5098,0.326755992458928,-771.0,-761.5237399959877,-726.3615318125137,3,(Sn0.67Bi0.33)1-xInx,synthetic_only,3
EXP_0074,(Sn0.67Bi0.33)1-xInx,767,0.1288346889307837,0.6136,0.2575653110692162,-767.4,-791.8794791632954,-777.5390133053763,3,(Sn0.67Bi0.33)1-xInx,synthetic_only,3
EXP_0075,(Sn0.67Bi0.33)1-xInx,767,0.0994267708052787,0.7018,0.1987732291947212,-694.2,-732.7307715150952,-737.2506313247791,3,(Sn0.67Bi0.33)1-xInx,synthetic_only,3
EXP_0076,(Sn0.67Bi0.33)1-xInx,767,0.0689852410449771,0.7931,0.1379147589550228,-545.3,-588.4773832772142,-601.0820878525108,3,(Sn0.67Bi0.33)1-xInx,synthetic_only,3
EXP_0077,(Sn0.67Bi0.33)1-xInx,767,0.0528809049286291,0.8414,0.1057190950713708,-450.5,-480.13862032970763,-485.74986272312003,3,(Sn0.67Bi0.33)1-xInx,synthetic_only,3
EXP_0078,(Sn0.67Bi0.33)1-xInx,767,0.0426448155130622,0.8721,0.0852551844869378,-383.7,-400.83650433778644,-395.6790163756044,3,(Sn0.67Bi0.33)1-xInx,synthetic_only,3
EXP_0079,(Sn0.67Bi0.33)1-xInx,767,0.0359430110422838,0.8922,0.0718569889577161,-338.4,-344.87509750216185,-329.3576685132697,3,(Sn0.67Bi0.33)1-xInx,synthetic_only,3
EXP_0080,(Sn0.67Bi0.33)1-xInx,767,0.0309083221115001,0.9073,0.0617916778884998,-290.4,-300.87305000290144,-275.6071838298478,3,(Sn0.67Bi0.33)1-xInx,synthetic_only,3
EXP_0081,(Sn0.67Bi0.33)1-xInx,813,0.2980135739294371,0.1062,0.5957864260705629,-92.74,-33.67145141118169,133.91536906233534,3,(Sn0.67Bi0.33)1-xInx,synthetic_only,3
EXP_0082,(Sn0.67Bi0.33)1-xInx,813,0.2613036897387557,0.2163,0.5223963102612443,-283.3,-255.07904586156064,-168.08229131921723,3,(Sn0.67Bi0.33)1-xInx,synthetic_only,3
EXP_0083,(Sn0.67Bi0.33)1-xInx,813,0.2319957985456504,0.3042,0.4638042014543495,-434.5,-445.2139695495892,-383.2502327298681,3,(Sn0.67Bi0.33)1-xInx,synthetic_only,3
EXP_0084,(Sn0.67Bi0.33)1-xInx,813,0.1966196067869647,0.4103,0.3930803932130353,-615.8,-642.668790691529,-594.2415874383485,3,(Sn0.67Bi0.33)1-xInx,synthetic_only,3
EXP_0085,(Sn0.67Bi0.33)1-xInx,813,0.1671783463506598,0.4986,0.3342216536493402,-747.8,-752.1982942509997,-715.222624372677,3,(Sn0.67Bi0.33)1-xInx,synthetic_only,3
EXP_0086,(Sn0.67Bi0.33)1-xInx,813,0.1329357931591704,0.6013,0.2657642068408296,-748.3,-793.8051005951594,-776.715999636104,3,(Sn0.67Bi0.33)1-xInx,synthetic_only,3
EXP_0087,(Sn0.67Bi0.33)1-xInx,813,0.0986598976568812,0.7041,0.1972401023431188,-669.1,-730.1201027433362,-735.0536608005493,3,(Sn0.67Bi0.33)1-xInx,synthetic_only,3
EXP_0088,(Sn0.67Bi0.33)1-xInx,813,0.0701522219229733,0.7896,0.1402477780770266,-521.1,-595.5022703883749,-608.2294326435014,3,(Sn0.67Bi0.33)1-xInx,synthetic_only,3
EXP_0089,(Sn0.67Bi0.33)1-xInx,813,0.0542812819822245,0.8372,0.1085187180177753,-433.1,-490.3777612363586,-497.0404070003864,3,(Sn0.67Bi0.33)1-xInx,synthetic_only,3
EXP_0090,(Sn0.67Bi0.33)1-xInx,813,0.0436450848370589,0.8691,0.087254915162941,-360.5,-408.9221570923217,-405.07335696880557,3,(Sn0.67Bi0.33)1-xInx,synthetic_only,3
EXP_0091,(Sn0.67Bi0.33)1-xInx,813,0.0366098572582817,0.8902,0.0731901427417183,-308.9,-350.5796300705834,-336.22247562196037,3,(Sn0.67Bi0.33)1-xInx,synthetic_only,3
EXP_0092,(Sn0.67Bi0.33)1-xInx,813,0.0315751683274979,0.9053,0.063124831672502,-263.3,-306.794031959745,-282.92253340657857,3,(Sn0.67Bi0.33)1-xInx,synthetic_only,3
EXP_0093,(Sn0.67Bi0.33)1-xInx,855,0.2985137085914354,0.1047,0.5967862914085644,-64.32,-31.087159011766545,138.18292218083593,3,(Sn0.67Bi0.33)1-xInx,synthetic_only,3
EXP_0094,(Sn0.67Bi0.33)1-xInx,855,0.2625706975491516,0.2125,0.5249293024508483,-251.5,-246.80920919587095,-158.15425269945524,3,(Sn0.67Bi0.33)1-xInx,synthetic_only,3
EXP_0095,(Sn0.67Bi0.33)1-xInx,855,0.2332628063560463,0.3004,0.4663371936439536,-409.6,-437.2554988659731,-374.6035734921852,3,(Sn0.67Bi0.33)1-xInx,synthetic_only,3
EXP_0096,(Sn0.67Bi0.33)1-xInx,855,0.2012875302989496,0.3963,0.4024124697010504,-575.1,-620.0786937552448,-570.1229225617524,3,(Sn0.67Bi0.33)1-xInx,synthetic_only,3
EXP_0097,(Sn0.67Bi0.33)1-xInx,855,0.1632439536762725,0.5104,0.3263560463237274,-733.7,-761.9918674859347,-726.9294910562184,3,(Sn0.67Bi0.33)1-xInx,synthetic_only,3
EXP_0098,(Sn0.67Bi0.33)1-xInx,855,0.1314353891731753,0.6058,0.2627646108268247,-731.7,-793.2780223093378,-777.1902862775175,3,(Sn0.67Bi0.33)1-xInx,synthetic_only,3
EXP_0099,(Sn0.67Bi0.33)1-xInx,855,0.0979597091300834,0.7062,0.1958402908699164,-644.2,-727.6893108147347,-732.9943749427312,3,(Sn0.67Bi0.33)1-xInx,synthetic_only,3
EXP_0100,(Sn0.67Bi0.33)1-xInx,855,0.0682850525181793,0.7952,0.1365149474818206,-485.3,-584.2074424524316,-596.716757456311,3,(Sn0.67Bi0.33)1-xInx,synthetic_only,3
EXP_0101,(Sn0.67Bi0.33)1-xInx,855,0.0524141125774306,0.8428,0.1047858874225693,-395.4,-476.69214567530224,-481.9318207351728,3,(Sn0.67Bi0.33)1-xInx,synthetic_only,3
EXP_0102,(Sn0.67Bi0.33)1-xInx,855,0.0429782386210611,0.8711,0.0859217613789388,-328.5,-403.53959088972755,-398.82489760151225,3,(Sn0.67Bi0.33)1-xInx,synthetic_only,3
EXP_0103,(Sn0.67Bi0.33)1-xInx,855,0.035876326420684,0.8924,0.0717236735793159,-267.3,-344.3030259777863,-328.667932926373,3,(Sn0.67Bi0.33)1-xInx,synthetic_only,3
EXP_0104,(Sn0.67Bi0.33)1-xInx,855,0.0309083221115001,0.9073,0.0617916778884998,-218.0,-300.87305000290144,-275.6071838298478,3,(Sn0.67Bi0.33)1-xInx,synthetic_only,3
EXP_0001,(Sn0.33Bi0.67)1-xInx,767,0.6021023017902813,0.098,0.2998976982097187,-380.4,-319.3582266540738,-253.48706804725776,1,(Sn0.33Bi0.67)1-xInx,combined,3
EXP_0002,(Sn0.33Bi0.67)1-xInx,767,0.5251373401534527,0.2133,0.2615626598465473,-841.6,-779.3981338969363,-750.1980569159833,1,(Sn0.33Bi0.67)1-xInx,combined,3
EXP_0003,(Sn0.33Bi0.67)1-xInx,767,0.4618565217391304,0.3081,0.2300434782608695,-1142.0,-1067.1245349076441,-1037.3156444807146,1,(Sn0.33Bi0.67)1-xInx,combined,3
EXP_0004,(Sn0.33Bi0.67)1-xInx,767,0.3936360613810742,0.4103,0.1960639386189258,-1346.0,-1259.8994805704758,-1224.8512884149418,1,(Sn0.33Bi0.67)1-xInx,combined,3
EXP_0005,(Sn0.33Bi0.67)1-xInx,767,0.3376312020460358,0.4942,0.1681687979539642,-1413.0,-1317.01093745515,-1284.616979555422,1,(Sn0.33Bi0.67)1-xInx,combined,3
EXP_0006,(Sn0.33Bi0.67)1-xInx,767,0.2652721227621483,0.6026,0.1321278772378516,-1389.0,-1252.6185423470095,-1236.672509064773,1,(Sn0.33Bi0.67)1-xInx,combined,3
EXP_0007,(Sn0.33Bi0.67)1-xInx,767,0.1933803069053708,0.7103,0.0963196930946291,-1227.0,-1043.68023917639,-1049.9592287598498,1,(Sn0.33Bi0.67)1-xInx,combined,3
EXP_0008,(Sn0.33Bi0.67)1-xInx,767,0.1284974424552429,0.8075,0.064002557544757,-959.0,-750.7731052453768,-763.0311122965734,1,(Sn0.33Bi0.67)1-xInx,combined,3
EXP_0009,(Sn0.33Bi0.67)1-xInx,767,0.0966567774936061,0.8552,0.0481432225063938,-792.5,-579.2308365652174,-581.2947752385901,1,(Sn0.33Bi0.67)1-xInx,combined,3
EXP_0010,(Sn0.33Bi0.67)1-xInx,767,0.0771652173913043,0.8844,0.0384347826086956,-656.3,-467.5764374779218,-456.7835038250588,1,(Sn0.33Bi0.67)1-xInx,combined,3
EXP_0011,(Sn0.33Bi0.67)1-xInx,767,0.0642820971867008,0.9037,0.0320179028132992,-565.5,-391.63835530383426,-368.9678435929621,1,(Sn0.33Bi0.67)1-xInx,combined,3
EXP_0012,(Sn0.33Bi0.67)1-xInx,813,0.5984309462915601,0.1035,0.2980690537084399,-343.5,-343.3641489715695,-280.87000912486593,1,(Sn0.33Bi0.67)1-xInx,combined,3
EXP_0013,(Sn0.33Bi0.67)1-xInx,813,0.527406905370844,0.2099,0.262693094629156,-758.4,-767.3730813353966,-737.8711270827436,1,(Sn0.33Bi0.67)1-xInx,combined,3
EXP_0014,(Sn0.33Bi0.67)1-xInx,813,0.4685984654731457,0.298,0.2334015345268542,-1050.0,-1041.151336327319,-1011.9188244187519,1,(Sn0.33Bi0.67)1-xInx,combined,3
EXP_0015,(Sn0.33Bi0.67)1-xInx,813,0.3874948849104859,0.4195,0.193005115089514,-1304.0,-1270.717521110849,-1235.5433003846576,1,(Sn0.33Bi0.67)1-xInx,combined,3
EXP_0016,(Sn0.33Bi0.67)1-xInx,813,0.3333590792838874,0.5006,0.1660409207161125,-1366.0,-1317.514604332184,-1285.7003211782335,1,(Sn0.33Bi0.67)1-xInx,combined,3
EXP_0017,(Sn0.33Bi0.67)1-xInx,813,0.2529230179028133,0.6211,0.1259769820971867,-1307.0,-1226.5245309524773,-1214.4412424527072,1,(Sn0.33Bi0.67)1-xInx,combined,3
EXP_0018,(Sn0.33Bi0.67)1-xInx,813,0.1969181585677749,0.705,0.098081841432225,-1173.0,-1057.0350576359806,-1062.3797453732145,1,(Sn0.33Bi0.67)1-xInx,combined,3
EXP_0019,(Sn0.33Bi0.67)1-xInx,813,0.1327028132992327,0.8012,0.0660971867007672,-926.4,-772.2383975448727,-785.0224234021722,1,(Sn0.33Bi0.67)1-xInx,combined,3
EXP_0020,(Sn0.33Bi0.67)1-xInx,813,0.0991265984654731,0.8515,0.0493734015345268,-737.7,-593.0548894778041,-596.3535777529004,1,(Sn0.33Bi0.67)1-xInx,combined,3
EXP_0021,(Sn0.33Bi0.67)1-xInx,813,0.0787005115089514,0.8821,0.0391994884910485,-606.6,-476.52233197742123,-466.95580340712587,1,(Sn0.33Bi0.67)1-xInx,combined,3
EXP_0022,(Sn0.33Bi0.67)1-xInx,813,0.0653501278772378,0.9021,0.0325498721227621,-518.0,-397.9885869420851,-376.41474247827136,1,(Sn0.33Bi0.67)1-xInx,combined,3
EXP_0023,(Sn0.33Bi0.67)1-xInx,855,0.6008340153452686,0.0999,0.2992659846547315,-295.1,-327.6694967071145,-262.98848667432503,1,(Sn0.33Bi0.67)1-xInx,combined,3
EXP_0024,(Sn0.33Bi0.67)1-xInx,855,0.5344158567774936,0.1994,0.2661841432225064,-658.9,-729.5638395364317,-698.9140068368745,1,(Sn0.33Bi0.67)1-xInx,combined,3
EXP_0025,(Sn0.33Bi0.67)1-xInx,855,0.4603212276214834,0.3104,0.2292787723785166,-1014.0,-1072.8730219980275,-1042.9262264583274,1,(Sn0.33Bi0.67)1-xInx,combined,3
EXP_0026,(Sn0.33Bi0.67)1-xInx,855,0.3861598465473146,0.4215,0.1923401534526854,-1221.0,-1272.9221417605013,-1237.73260628785,1,(Sn0.33Bi0.67)1-xInx,combined,3
EXP_0027,(Sn0.33Bi0.67)1-xInx,855,0.3267506393861893,0.5105,0.1627493606138107,-1295.0,-1317.2170635260377,-1286.4071655496464,1,(Sn0.33Bi0.67)1-xInx,combined,3
EXP_0028,(Sn0.33Bi0.67)1-xInx,855,0.26146726342711,0.6083,0.13023273657289,-1253.0,-1245.0329126207093,-1230.2586896598891,1,(Sn0.33Bi0.67)1-xInx,combined,3
EXP_0029,(Sn0.33Bi0.67)1-xInx,855,0.1933803069053708,0.7103,0.0963196930946291,-1094.0,-1043.68023917639,-1049.9592287598498,1,(Sn0.33Bi0.67)1-xInx,combined,3
EXP_0030,(Sn0.33Bi0.67)1-xInx,855,0.1365744245524296,0.7954,0.0680255754475703,-871.9,-791.7286753438465,-804.853017576811,1,(Sn0.33Bi0.67)1-xInx,combined,3
EXP_0031,(Sn0.33Bi0.67)1-xInx,855,0.1047337595907928,0.8431,0.0521662404092071,-716.4,-624.1396949400765,-629.9409660750418,1,(Sn0.33Bi0.67)1-xInx,combined,3
EXP_0032,(Sn0.33Bi0.67)1-xInx,855,0.0873115089514066,0.8692,0.0434884910485933,-603.6,-526.2376649151946,-522.8529318727742,1,(Sn0.33Bi0.67)1-xInx,combined,3
EXP_0033,(Sn0.33Bi0.67)1-xInx,855,0.0740946291560102,0.889,0.0369053708439897,-524.9,-449.614884582801,-436.25180679989256,1,(Sn0.33Bi0.67)1-xInx,combined,3
EXP_0034,(Sn0.33Bi0.67)1-xInx,855,0.064549104859335,0.9033,0.0321508951406649,-449.5,-393.22677338615034,-370.8323953150753,1,(Sn0.33Bi0.67)1-xInx,combined,3
EXP_0035,(Sn0.50Bi0.50)1-xInx,767,0.44675,0.1065,0.44675,-250.0,-177.68127661798496,-219.16097952378556,2,(Sn0.50Bi0.50)1-xInx,combined,3
EXP_0036,(Sn0.50Bi0.50)1-xInx,767,0.40015,0.1997,0.40015,-490.0,-459.4003160607007,-517.4761675498015,2,(Sn0.50Bi0.50)1-xInx,combined,3
EXP_0037,(Sn0.50Bi0.50)1-xInx,767,0.34925,0.3015,0.34925,-725.3,-732.5779277217148,-773.8026703420267,2,(Sn0.50Bi0.50)1-xInx,combined,3
EXP_0038,(Sn0.50Bi0.50)1-xInx,767,0.28945,0.4211,0.28945,-978.1,-957.4354982094574,-970.479792887669,2,(Sn0.50Bi0.50)1-xInx,combined,3
EXP_0039,(Sn0.50Bi0.50)1-xInx,767,0.2435,0.513,0.2435,-1063.0,-1034.803545342359,-1036.3388295048649,2,(Sn0.50Bi0.50)1-xInx,combined,3
EXP_0040,(Sn0.50Bi0.50)1-xInx,767,0.1955,0.609,0.1955,-1091.0,-1015.126981652759,-1018.1864080781884,2,(Sn0.50Bi0.50)1-xInx,combined,3
EXP_0041,(Sn0.50Bi0.50)1-xInx,767,0.1503499999999999,0.6993,0.1503499999999999,-984.0,-901.5973965990419,-913.4248504245687,2,(Sn0.50Bi0.50)1-xInx,combined,3
EXP_0042,(Sn0.50Bi0.50)1-xInx,767,0.1014499999999999,0.7971,0.1014499999999999,-781.9,-682.555710823105,-696.7084789946518,2,(Sn0.50Bi0.50)1-xInx,combined,3
EXP_0043,(Sn0.50Bi0.50)1-xInx,767,0.0769,0.8462,0.0769,-638.5,-540.1664285223325,-545.0119533329216,2,(Sn0.50Bi0.50)1-xInx,combined,3
EXP_0044,(Sn0.50Bi0.50)1-xInx,767,0.06175,0.8765,0.06175,-521.9,-443.32979257888985,-436.49032159496426,2,(Sn0.50Bi0.50)1-xInx,combined,3
EXP_0045,(Sn0.50Bi0.50)1-xInx,767,0.0524,0.8952,0.0524,-447.2,-380.62314556403675,-363.71006068184215,2,(Sn0.50Bi0.50)1-xInx,combined,3
EXP_0046,(Sn0.50Bi0.50)1-xInx,767,0.0464499999999999,0.9071,0.0464499999999999,-398.7,-339.6775238628549,-315.0572252143451,2,(Sn0.50Bi0.50)1-xInx,combined,3
EXP_0047,(Sn0.50Bi0.50)1-xInx,813,0.45235,0.0953,0.45235,-183.7,-143.6106112349837,-179.55709962481308,2,(Sn0.50Bi0.50)1-xInx,combined,3
EXP_0048,(Sn0.50Bi0.50)1-xInx,813,0.39685,0.2063,0.39685,-454.8,-478.64445535628374,-536.3832606459302,2,(Sn0.50Bi0.50)1-xInx,combined,3
EXP_0049,(Sn0.50Bi0.50)1-xInx,813,0.3443,0.3114,0.3443,-709.4,-755.7426507966974,-794.538467946765,2,(Sn0.50Bi0.50)1-xInx,combined,3
EXP_0050,(Sn0.50Bi0.50)1-xInx,813,0.2981,0.4038,0.2981,-906.3,-932.9941406480763,-949.522098015564,2,(Sn0.50Bi0.50)1-xInx,combined,3
EXP_0051,(Sn0.50Bi0.50)1-xInx,813,0.2509,0.4982,0.2509,-1017.0,-1028.5460520368104,-1031.05468506952,2,(Sn0.50Bi0.50)1-xInx,combined,3
EXP_0052,(Sn0.50Bi0.50)1-xInx,813,0.1977999999999999,0.6044,0.1977999999999999,-1066.0,-1018.4680591379805,-1021.1914596217837,2,(Sn0.50Bi0.50)1-xInx,combined,3
EXP_0053,(Sn0.50Bi0.50)1-xInx,813,0.1434,0.7132,0.1434,-911.9,-876.2600408819123,-889.3406000986628,2,(Sn0.50Bi0.50)1-xInx,combined,3
EXP_0054,(Sn0.50Bi0.50)1-xInx,813,0.0977,0.8046,0.0977,-729.4,-662.0770451503564,-675.4387109701438,2,(Sn0.50Bi0.50)1-xInx,combined,3
EXP_0055,(Sn0.50Bi0.50)1-xInx,813,0.0742499999999999,0.8515,0.0742499999999999,-565.3,-523.6854653340391,-526.8608632644836,2,(Sn0.50Bi0.50)1-xInx,combined,3
EXP_0056,(Sn0.50Bi0.50)1-xInx,813,0.05885,0.8823,0.05885,-457.4,-424.10568002824493,-414.39456480324276,2,(Sn0.50Bi0.50)1-xInx,combined,3
EXP_0057,(Sn0.50Bi0.50)1-xInx,813,0.0500499999999999,0.8999,0.0500499999999999,-383.4,-364.5433492692703,-344.7126358551555,2,(Sn0.50Bi0.50)1-xInx,combined,3
EXP_0058,(Sn0.50Bi0.50)1-xInx,855,0.44935,0.1013,0.44935,-168.2,-161.84246382191213,-200.8693276232902,2,(Sn0.50Bi0.50)1-xInx,combined,3
EXP_0059,(Sn0.50Bi0.50)1-xInx,855,0.3991,0.2018,0.3991,-409.9,-465.5403228352165,-523.5251548119395,2,(Sn0.50Bi0.50)1-xInx,combined,3
EXP_0060,(Sn0.50Bi0.50)1-xInx,855,0.3506,0.2988,0.3506,-632.3,-726.1366984192189,-768.0137427183838,2,(Sn0.50Bi0.50)1-xInx,combined,3
EXP_0061,(Sn0.50Bi0.50)1-xInx,855,0.29845,0.4031,0.29845,-871.9,-931.9429684127072,-948.6189594153523,2,(Sn0.50Bi0.50)1-xInx,combined,3
EXP_0062,(Sn0.50Bi0.50)1-xInx,855,0.23935,0.5213,0.23935,-1001.4,-1037.2391821872163,-1038.380911930472,2,(Sn0.50Bi0.50)1-xInx,combined,3
EXP_0063,(Sn0.50Bi0.50)1-xInx,855,0.1934,0.6132,0.1934,-1009.0,-1011.8662806335154,-1015.2497404975594,2,(Sn0.50Bi0.50)1-xInx,combined,3
EXP_0064,(Sn0.50Bi0.50)1-xInx,855,0.12075,0.7585,0.12075,-795.7,-780.0355943614749,-795.5501236591632,2,(Sn0.50Bi0.50)1-xInx,combined,3
EXP_0065,(Sn0.50Bi0.50)1-xInx,855,0.0867999999999999,0.8264,0.0867999999999999,-596.2,-599.8918030492457,-609.7389645482594,2,(Sn0.50Bi0.50)1-xInx,combined,3
EXP_0066,(Sn0.50Bi0.50)1-xInx,855,0.0679,0.8642,0.0679,-480.0,-483.389010705209,-481.9365778561994,2,(Sn0.50Bi0.50)1-xInx,combined,3
EXP_0067,(Sn0.50Bi0.50)1-xInx,855,0.0554999999999999,0.889,0.0554999999999999,-402.2,-401.64360919947825,-388.3360609487289,2,(Sn0.50Bi0.50)1-xInx,combined,3
EXP_0068,(Sn0.50Bi0.50)1-xInx,855,0.0469499999999999,0.9061,0.0469499999999999,-346.6,-343.147550354593,-319.21614185506417,2,(Sn0.50Bi0.50)1-xInx,combined,3
EXP_0069,(Sn0.67Bi0.33)1-xInx,767,0.3012811203878265,0.0964,0.6023188796121735,-105.2,-17.095611218073884,161.87065500498,3,(Sn0.67Bi0.33)1-xInx,combined,3
EXP_0070,(Sn0.67Bi0.33)1-xInx,767,0.2647046054403447,0.2061,0.5291953945596553,-294.9,-232.92360062365114,-141.71252401225888,3,(Sn0.67Bi0.33)1-xInx,combined,3
EXP_0071,(Sn0.67Bi0.33)1-xInx,767,0.2286615674656611,0.3142,0.4571384325343388,-479.9,-465.9474604055292,-405.7098441881594,3,(Sn0.67Bi0.33)1-xInx,combined,3
EXP_0072,(Sn0.67Bi0.33)1-xInx,767,0.198986910853757,0.4032,0.3978130891462429,-631.6,-631.3701659050728,-581.6316721183807,3,(Sn0.67Bi0.33)1-xInx,combined,3
EXP_0073,(Sn0.67Bi0.33)1-xInx,767,0.1634440075410718,0.5098,0.326755992458928,-771.0,-761.5237399959877,-725.1706782268936,3,(Sn0.67Bi0.33)1-xInx,combined,3
EXP_0074,(Sn0.67Bi0.33)1-xInx,767,0.1288346889307837,0.6136,0.2575653110692162,-767.4,-791.8794791632954,-776.0725613188517,3,(Sn0.67Bi0.33)1-xInx,combined,3
EXP_0075,(Sn0.67Bi0.33)1-xInx,767,0.0994267708052787,0.7018,0.1987732291947212,-694.2,-732.7307715150952,-736.1023361048633,3,(Sn0.67Bi0.33)1-xInx,combined,3
EXP_0076,(Sn0.67Bi0.33)1-xInx,767,0.0689852410449771,0.7931,0.1379147589550228,-545.3,-588.4773832772142,-601.0454390761581,3,(Sn0.67Bi0.33)1-xInx,combined,3
EXP_0077,(Sn0.67Bi0.33)1-xInx,767,0.0528809049286291,0.8414,0.1057190950713708,-450.5,-480.13862032970763,-486.7051421334425,3,(Sn0.67Bi0.33)1-xInx,combined,3
EXP_0078,(Sn0.67Bi0.33)1-xInx,767,0.0426448155130622,0.8721,0.0852551844869378,-383.7,-400.83650433778644,-397.432077302542,3,(Sn0.67Bi0.33)1-xInx,combined,3
EXP_0079,(Sn0.67Bi0.33)1-xInx,767,0.0359430110422838,0.8922,0.0718569889577161,-338.4,-344.87509750216185,-331.7088916039687,3,(Sn0.67Bi0.33)1-xInx,combined,3
EXP_0080,(Sn0.67Bi0.33)1-xInx,767,0.0309083221115001,0.9073,0.0617916778884998,-290.4,-300.87305000290144,-278.4491181564028,3,(Sn0.67Bi0.33)1-xInx,combined,3
EXP_0081,(Sn0.67Bi0.33)1-xInx,813,0.2980135739294371,0.1062,0.5957864260705629,-92.74,-33.67145141118169,133.86470574417137,3,(Sn0.67Bi0.33)1-xInx,combined,3
EXP_0082,(Sn0.67Bi0.33)1-xInx,813,0.2613036897387557,0.2163,0.5223963102612443,-283.3,-255.07904586156064,-168.452636911436,3,(Sn0.67Bi0.33)1-xInx,combined,3
EXP_0083,(Sn0.67Bi0.33)1-xInx,813,0.2319957985456504,0.3042,0.4638042014543495,-434.5,-445.2139695495892,-383.3302444944944,3,(Sn0.67Bi0.33)1-xInx,combined,3
EXP_0084,(Sn0.67Bi0.33)1-xInx,813,0.1966196067869647,0.4103,0.3930803932130353,-615.8,-642.668790691529,-593.6599948163605,3,(Sn0.67Bi0.33)1-xInx,combined,3
EXP_0085,(Sn0.67Bi0.33)1-xInx,813,0.1671783463506598,0.4986,0.3342216536493402,-747.8,-752.1982942509997,-714.0895497027175,3,(Sn0.67Bi0.33)1-xInx,combined,3
EXP_0086,(Sn0.67Bi0.33)1-xInx,813,0.1329357931591704,0.6013,0.2657642068408296,-748.3,-793.8051005951594,-775.2515337841005,3,(Sn0.67Bi0.33)1-xInx,combined,3
EXP_0087,(Sn0.67Bi0.33)1-xInx,813,0.0986598976568812,0.7041,0.1972401023431188,-669.1,-730.1201027433362,-733.9226096700793,3,(Sn0.67Bi0.33)1-xInx,combined,3
EXP_0088,(Sn0.67Bi0.33)1-xInx,813,0.0701522219229733,0.7896,0.1402477780770266,-521.1,-595.5022703883749,-608.1326131424469,3,(Sn0.67Bi0.33)1-xInx,combined,3
EXP_0089,(Sn0.67Bi0.33)1-xInx,813,0.0542812819822245,0.8372,0.1085187180177753,-433.1,-490.3777612363586,-497.8969999832742,3,(Sn0.67Bi0.33)1-xInx,combined,3
EXP_0090,(Sn0.67Bi0.33)1-xInx,813,0.0436450848370589,0.8691,0.087254915162941,-360.5,-408.9221570923217,-406.74238935594485,3,(Sn0.67Bi0.33)1-xInx,combined,3
EXP_0091,(Sn0.67Bi0.33)1-xInx,813,0.0366098572582817,0.8902,0.0731901427417183,-308.9,-350.5796300705834,-338.51139721699894,3,(Sn0.67Bi0.33)1-xInx,combined,3
EXP_0092,(Sn0.67Bi0.33)1-xInx,813,0.0315751683274979,0.9053,0.063124831672502,-263.3,-306.794031959745,-285.6973884117576,3,(Sn0.67Bi0.33)1-xInx,combined,3
EXP_0093,(Sn0.67Bi0.33)1-xInx,855,0.2985137085914354,0.1047,0.5967862914085644,-64.32,-31.087159011766545,138.14364389483637,3,(Sn0.67Bi0.33)1-xInx,combined,3
EXP_0094,(Sn0.67Bi0.33)1-xInx,855,0.2625706975491516,0.2125,0.5249293024508483,-251.5,-246.80920919587095,-158.52820361977263,3,(Sn0.67Bi0.33)1-xInx,combined,3
EXP_0095,(Sn0.67Bi0.33)1-xInx,855,0.2332628063560463,0.3004,0.4663371936439536,-409.6,-437.2554988659731,-374.7028421114296,3,(Sn0.67Bi0.33)1-xInx,combined,3
EXP_0096,(Sn0.67Bi0.33)1-xInx,855,0.2012875302989496,0.3963,0.4024124697010504,-575.1,-620.0786937552448,-569.6357344778623,3,(Sn0.67Bi0.33)1-xInx,combined,3
EXP_0097,(Sn0.67Bi0.33)1-xInx,855,0.1632439536762725,0.5104,0.3263560463237274,-733.7,-761.9918674859347,-725.7356573206964,3,(Sn0.67Bi0.33)1-xInx,combined,3
EXP_0098,(Sn0.67Bi0.33)1-xInx,855,0.1314353891731753,0.6058,0.2627646108268247,-731.7,-793.2780223093378,-775.723957391959,3,(Sn0.67Bi0.33)1-xInx,combined,3
EXP_0099,(Sn0.67Bi0.33)1-xInx,855,0.0979597091300834,0.7062,0.1958402908699164,-644.2,-727.6893108147347,-731.8795112676314,3,(Sn0.67Bi0.33)1-xInx,combined,3
EXP_0100,(Sn0.67Bi0.33)1-xInx,855,0.0682850525181793,0.7952,0.1365149474818206,-485.3,-584.2074424524316,-596.7169415651126,3,(Sn0.67Bi0.33)1-xInx,combined,3
EXP_0101,(Sn0.67Bi0.33)1-xInx,855,0.0524141125774306,0.8428,0.1047858874225693,-395.4,-476.69214567530224,-482.92054263020805,3,(Sn0.67Bi0.33)1-xInx,combined,3
EXP_0102,(Sn0.67Bi0.33)1-xInx,855,0.0429782386210611,0.8711,0.0859217613789388,-328.5,-403.53959088972755,-400.54979976965285,3,(Sn0.67Bi0.33)1-xInx,combined,3
EXP_0103,(Sn0.67Bi0.33)1-xInx,855,0.035876326420684,0.8924,0.0717236735793159,-267.3,-344.3030259777863,-331.0254204682965,3,(Sn0.67Bi0.33)1-xInx,combined,3
EXP_0104,(Sn0.67Bi0.33)1-xInx,855,0.0309083221115001,0.9073,0.0617916778884998,-218.0,-300.87305000290144,-278.4491181564028,3,(Sn0.67Bi0.33)1-xInx,combined,3
