experiment_id,cross_section,section,temperature_K,xBi,xIn,xSn,bi_sn_fraction,experimental_delta_mixH,rkm_prediction,residual,predicted_residual_A,hybrid_prediction_A,predicted_residual_B,hybrid_prediction_B,fold,held_out_section,rkm_error,hybrid_error_A,hybrid_error_B
EXP_0001,(Sn0.33Bi0.67)1-xInx,Bi-rich,767,0.6021023017902813,0.098,0.2998976982097187,0.6675191815856778,-380.4,-319.3582266540738,-61.041773345926174,80.63823380883044,-238.71999284524338,-45.50527811217893,-364.86350476625273,1,(Sn0.33Bi0.67)1-xInx,-61.041773345926174,-141.6800071547566,-15.536495233747246
EXP_0002,(Sn0.33Bi0.67)1-xInx,Bi-rich,767,0.5251373401534527,0.2133,0.2615626598465473,0.6675191815856778,-841.6,-779.3981338969363,-62.20186610306371,-1.7663531697938026,-781.1644870667301,-63.34478287404903,-842.7429167709854,1,(Sn0.33Bi0.67)1-xInx,-62.20186610306371,-60.43551293326993,1.14291677098538
EXP_0003,(Sn0.33Bi0.67)1-xInx,Bi-rich,767,0.4618565217391304,0.3081,0.2300434782608695,0.6675191815856778,-1142.0,-1067.1245349076441,-74.87546509235585,-55.08746964466491,-1122.212004552309,-80.49095938176237,-1147.6154942894066,1,(Sn0.33Bi0.67)1-xInx,-74.87546509235585,-19.787995447690946,5.61549428940657
EXP_0004,(Sn0.33Bi0.67)1-xInx,Bi-rich,767,0.3936360613810742,0.4103,0.1960639386189258,0.6675191815856778,-1346.0,-1259.8994805704758,-86.10051942952418,-97.98214971148883,-1357.8816302819646,-101.48090216133454,-1361.3803827318104,1,(Sn0.33Bi0.67)1-xInx,-86.10051942952418,11.88163028196459,15.380382731810414
EXP_0005,(Sn0.33Bi0.67)1-xInx,Bi-rich,767,0.3376312020460358,0.4942,0.1681687979539642,0.6675191815856777,-1413.0,-1317.01093745515,-95.98906254484996,-121.8823495973686,-1438.8932870525186,-120.65531412265545,-1437.6662515778055,1,(Sn0.33Bi0.67)1-xInx,-95.98906254484996,25.893287052518644,24.666251577805497
EXP_0006,(Sn0.33Bi0.67)1-xInx,Bi-rich,767,0.2652721227621483,0.6026,0.1321278772378516,0.6675191815856778,-1389.0,-1252.6185423470095,-136.38145765299055,-137.65726019601277,-1390.275802543022,-148.02286987795486,-1400.6414122249644,1,(Sn0.33Bi0.67)1-xInx,-136.38145765299055,1.2758025430221096,11.64141222496437
EXP_0007,(Sn0.33Bi0.67)1-xInx,Bi-rich,767,0.1933803069053708,0.7103,0.0963196930946291,0.6675191815856778,-1227.0,-1043.68023917639,-183.31976082361007,-136.46601743147755,-1180.1462566078676,-178.10985446723242,-1221.7900936436224,1,(Sn0.33Bi0.67)1-xInx,-183.31976082361007,-46.8537433921324,-5.209906356377587
EXP_0008,(Sn0.33Bi0.67)1-xInx,Bi-rich,767,0.1284974424552429,0.8075,0.064002557544757,0.6675191815856777,-959.0,-750.7731052453768,-208.22689475462323,-120.95960412322961,-871.7327093686064,-207.74190134019807,-958.5150065855748,1,(Sn0.33Bi0.67)1-xInx,-208.22689475462323,-87.26729063139362,-0.484993414425162
EXP_0009,(Sn0.33Bi0.67)1-xInx,Bi-rich,767,0.0966567774936061,0.8552,0.0481432225063938,0.6675191815856779,-792.5,-579.2308365652174,-213.26916343478263,-108.34174555360505,-687.5725821188224,-223.14363295347238,-802.3744695186897,1,(Sn0.33Bi0.67)1-xInx,-213.26916343478263,-104.92741788117758,9.874469518689693
EXP_0010,(Sn0.33Bi0.67)1-xInx,Bi-rich,767,0.0771652173913043,0.8844,0.0384347826086956,0.6675191815856779,-656.3,-467.5764374779218,-188.72356252207817,-98.990534073248,-566.5669715511698,-232.85136875115717,-700.4278062290789,1,(Sn0.33Bi0.67)1-xInx,-188.72356252207817,-89.73302844883017,44.12780622907894
EXP_0011,(Sn0.33Bi0.67)1-xInx,Bi-rich,767,0.0642820971867008,0.9037,0.0320179028132992,0.6675191815856781,-565.5,-391.63835530383426,-173.86164469616574,-92.13150707037767,-483.7698623742119,-239.38426296570913,-631.0226182695434,1,(Sn0.33Bi0.67)1-xInx,-173.86164469616574,-81.73013762578807,65.52261826954339
EXP_0012,(Sn0.33Bi0.67)1-xInx,Bi-rich,813,0.5984309462915601,0.1035,0.2980690537084399,0.6675191815856777,-343.5,-343.3641489715695,-0.13585102843052255,143.92943248681047,-199.434716484759,13.744646632252852,-329.6195023393166,1,(Sn0.33Bi0.67)1-xInx,-0.13585102843052255,-144.065283515241,-13.880497660683375
EXP_0013,(Sn0.33Bi0.67)1-xInx,Bi-rich,813,0.527406905370844,0.2099,0.262693094629156,0.6675191815856778,-758.4,-767.3730813353966,8.973081335396614,64.41317557259885,-702.9599057627977,-3.956423524026036,-771.3295048594226,1,(Sn0.33Bi0.67)1-xInx,8.973081335396614,-55.44009423720229,12.92950485942265
EXP_0014,(Sn0.33Bi0.67)1-xInx,Bi-rich,813,0.4685984654731457,0.298,0.2334015345268542,0.6675191815856777,-1050.0,-1041.151336327319,-8.848663672680914,10.989439900075183,-1030.1618964272438,-20.745336699733343,-1061.8966730270524,1,(Sn0.33Bi0.67)1-xInx,-8.848663672680914,-19.838103572756154,11.89667302705243
EXP_0015,(Sn0.33Bi0.67)1-xInx,Bi-rich,813,0.3874948849104859,0.4195,0.193005115089514,0.6675191815856778,-1304.0,-1270.717521110849,-33.28247888915098,-44.23509867310594,-1314.952619783955,-47.0681499756289,-1317.785671086478,1,(Sn0.33Bi0.67)1-xInx,-33.28247888915098,10.952619783955015,13.785671086478033
EXP_0016,(Sn0.33Bi0.67)1-xInx,Bi-rich,813,0.3333590792838874,0.5006,0.1660409207161125,0.6675191815856777,-1366.0,-1317.514604332184,-48.485395667815965,-69.19113201891878,-1386.7057363511028,-66.682973544829,-1384.197577877013,1,(Sn0.33Bi0.67)1-xInx,-48.485395667815965,20.705736351102814,18.197577877012918
EXP_0017,(Sn0.33Bi0.67)1-xInx,Bi-rich,813,0.2529230179028133,0.6211,0.1259769820971867,0.6675191815856777,-1307.0,-1226.5245309524773,-80.47546904752267,-88.66877622799666,-1315.193307180474,-98.85000755276121,-1325.3745385052384,1,(Sn0.33Bi0.67)1-xInx,-80.47546904752267,8.193307180473994,18.374538505238434
EXP_0018,(Sn0.33Bi0.67)1-xInx,Bi-rich,813,0.1969181585677749,0.705,0.098081841432225,0.6675191815856779,-1173.0,-1057.0350576359806,-115.96494236401941,-89.80413191823027,-1146.8391895542109,-123.38080554000226,-1180.4158631759828,1,(Sn0.33Bi0.67)1-xInx,-115.96494236401941,-26.16081044578914,7.4158631759828495
EXP_0019,(Sn0.33Bi0.67)1-xInx,Bi-rich,813,0.1327028132992327,0.8012,0.0660971867007672,0.6675191815856779,-926.4,-772.2383975448727,-154.1616024551273,-78.55181443802906,-850.7902119829017,-153.66385282220108,-925.9022503670737,1,(Sn0.33Bi0.67)1-xInx,-154.1616024551273,-75.60978801709825,-0.4977496329262294
EXP_0020,(Sn0.33Bi0.67)1-xInx,Bi-rich,813,0.0991265984654731,0.8515,0.0493734015345268,0.6675191815856778,-737.7,-593.0548894778041,-144.64511052219598,-67.32879540805334,-660.3836848858574,-170.41489449738253,-763.4697839751866,1,(Sn0.33Bi0.67)1-xInx,-144.64511052219598,-77.31631511414264,25.769783975186556
EXP_0021,(Sn0.33Bi0.67)1-xInx,Bi-rich,813,0.0787005115089514,0.8821,0.0391994884910485,0.6675191815856782,-606.6,-476.52233197742123,-130.0776680225788,-58.707500101840196,-535.2298320792614,-180.91343925159993,-657.4357712290212,1,(Sn0.33Bi0.67)1-xInx,-130.0776680225788,-71.3701679207386,50.835771229021134
EXP_0022,(Sn0.33Bi0.67)1-xInx,Bi-rich,813,0.0653501278772378,0.9021,0.0325498721227621,0.6675191815856779,-518.0,-397.9885869420851,-120.01141305791492,-52.339372794695464,-450.32795973678054,-187.9011640434228,-585.8897509855078,1,(Sn0.33Bi0.67)1-xInx,-120.01141305791492,-67.67204026321946,67.88975098550782
EXP_0023,(Sn0.33Bi0.67)1-xInx,Bi-rich,855,0.6008340153452686,0.0999,0.2992659846547315,0.6675191815856777,-295.1,-327.6694967071145,32.56949670711447,208.22419964917984,-119.44529705793465,70.04548115306932,-257.6240155540452,1,(Sn0.33Bi0.67)1-xInx,32.56949670711447,-175.65470294206537,-37.47598444595485
EXP_0024,(Sn0.33Bi0.67)1-xInx,Bi-rich,855,0.5344158567774936,0.1994,0.2661841432225064,0.6675191815856778,-658.9,-729.5638395364317,70.66383953643174,129.74481369454875,-599.819025841883,52.633084897374374,-676.9307546390573,1,(Sn0.33Bi0.67)1-xInx,70.66383953643174,-59.08097415811699,18.030754639057363
EXP_0025,(Sn0.33Bi0.67)1-xInx,Bi-rich,855,0.4603212276214834,0.3104,0.2292787723785166,0.6675191815856778,-1014.0,-1072.8730219980275,58.873021998027525,59.125554314476744,-1013.7474676835508,30.30065426763474,-1042.5723677303927,1,(Sn0.33Bi0.67)1-xInx,58.873021998027525,-0.25253231644921925,28.57236773039267
EXP_0026,(Sn0.33Bi0.67)1-xInx,Bi-rich,855,0.3861598465473146,0.4215,0.1923401534526854,0.6675191815856778,-1221.0,-1272.9221417605013,51.92214176050129,6.322368828251399,-1266.5997729322498,4.877568374774569,-1268.0445733857268,1,(Sn0.33Bi0.67)1-xInx,51.92214176050129,45.599772932249834,47.044573385726835
EXP_0027,(Sn0.33Bi0.67)1-xInx,Bi-rich,855,0.3267506393861893,0.5105,0.1627493606138107,0.6675191815856778,-1295.0,-1317.2170635260377,22.21706352603769,-23.072908864502438,-1340.2899723905402,-17.704456504620566,-1334.9215200306583,1,(Sn0.33Bi0.67)1-xInx,22.21706352603769,45.28997239054024,39.92152003065826
EXP_0028,(Sn0.33Bi0.67)1-xInx,Bi-rich,855,0.26146726342711,0.6083,0.13023273657289,0.6675191815856778,-1253.0,-1245.0329126207093,-7.9670873792906605,-42.136965289292675,-1287.169877910002,-44.7926660064835,-1289.825578627193,1,(Sn0.33Bi0.67)1-xInx,-7.9670873792906605,34.169877910002015,36.825578627192954
EXP_0029,(Sn0.33Bi0.67)1-xInx,Bi-rich,855,0.1933803069053708,0.7103,0.0963196930946291,0.6675191815856778,-1094.0,-1043.68023917639,-50.31976082361007,-47.25269408705299,-1090.932933263443,-75.58016103200112,-1119.260400208391,1,(Sn0.33Bi0.67)1-xInx,-50.31976082361007,-3.0670667365570807,25.260400208391047
EXP_0030,(Sn0.33Bi0.67)1-xInx,Bi-rich,855,0.1365744245524296,0.7954,0.0680255754475703,0.6675191815856778,-871.9,-791.7286753438465,-80.1713246561535,-39.98360591391429,-831.7122812577608,-103.24791204662131,-894.9765873904678,1,(Sn0.33Bi0.67)1-xInx,-80.1713246561535,-40.18771874223921,23.076587390467807
EXP_0031,(Sn0.33Bi0.67)1-xInx,Bi-rich,855,0.1047337595907928,0.8431,0.0521662404092071,0.6675191815856779,-716.4,-624.1396949400765,-92.26030505992344,-31.31914488851612,-655.4588398285927,-119.54441525590164,-743.6841101959782,1,(Sn0.33Bi0.67)1-xInx,-92.26030505992344,-60.94116017140732,27.2841101959782
EXP_0032,(Sn0.33Bi0.67)1-xInx,Bi-rich,855,0.0873115089514066,0.8692,0.0434884910485933,0.6675191815856778,-603.6,-526.2376649151946,-77.36233508480541,-25.182506070840645,-551.4201709860353,-128.70105902730154,-654.9387239424962,1,(Sn0.33Bi0.67)1-xInx,-77.36233508480541,-52.17982901396476,51.33872394249613
EXP_0033,(Sn0.33Bi0.67)1-xInx,Bi-rich,855,0.0740946291560102,0.889,0.0369053708439897,0.667519181585678,-524.9,-449.614884582801,-75.285115417199,-19.86859520771577,-469.48347979051675,-135.7605698050089,-585.3754543878099,1,(Sn0.33Bi0.67)1-xInx,-75.285115417199,-55.416520209483224,60.47545438780992
EXP_0034,(Sn0.33Bi0.67)1-xInx,Bi-rich,855,0.064549104859335,0.9033,0.0321508951406649,0.6675191815856781,-449.5,-393.22677338615034,-56.27322661384966,-15.67743468473168,-408.904208070882,-140.91978486568178,-534.1465582518322,1,(Sn0.33Bi0.67)1-xInx,-56.27322661384966,-40.59579192911798,84.64655825183218
EXP_0035,(Sn0.50Bi0.50)1-xInx,Equiatomic,767,0.44675,0.1065,0.44675,0.5,-250.0,-177.68127661798496,-72.31872338201504,-76.06316322014322,-253.7444398381282,-40.620637898608265,-218.30191451659323,2,(Sn0.50Bi0.50)1-xInx,-72.31872338201504,3.744439838128187,-31.69808548340677
EXP_0036,(Sn0.50Bi0.50)1-xInx,Equiatomic,767,0.40015,0.1997,0.40015,0.5,-490.0,-459.4003160607007,-30.599683939299325,-65.67939234575954,-525.0797084064602,-31.198030149931583,-490.59834621063226,2,(Sn0.50Bi0.50)1-xInx,-30.599683939299325,35.07970840646021,0.5983462106322577
EXP_0037,(Sn0.50Bi0.50)1-xInx,Equiatomic,767,0.34925,0.3015,0.34925,0.5,-725.3,-732.5779277217148,7.277927721714832,-57.90785111120613,-790.4857788329209,-24.703322610088435,-757.2812503318032,2,(Sn0.50Bi0.50)1-xInx,7.277927721714832,65.18577883292096,31.981250331803267
EXP_0038,(Sn0.50Bi0.50)1-xInx,Equiatomic,767,0.28945,0.4211,0.28945,0.5,-978.1,-957.4354982094574,-20.66450179054266,-53.54001121087231,-1010.9755094203297,-22.138344370579034,-979.5738425800364,2,(Sn0.50Bi0.50)1-xInx,-20.66450179054266,32.87550942032965,1.4738425800363757
EXP_0039,(Sn0.50Bi0.50)1-xInx,Equiatomic,767,0.2435,0.513,0.2435,0.5,-1063.0,-1034.803545342359,-28.19645465764097,-53.67968639291121,-1088.4832317352702,-23.885572898123883,-1058.689118240483,2,(Sn0.50Bi0.50)1-xInx,-28.19645465764097,25.483231735270238,-4.310881759517088
EXP_0040,(Sn0.50Bi0.50)1-xInx,Equiatomic,767,0.1955,0.609,0.1955,0.5,-1091.0,-1015.126981652759,-75.87301834724099,-57.069968627267144,-1072.1969502800262,-29.161381386467156,-1044.2883630392262,2,(Sn0.50Bi0.50)1-xInx,-75.87301834724099,-18.803049719973842,-46.71163696077383
EXP_0041,(Sn0.50Bi0.50)1-xInx,Equiatomic,767,0.1503499999999999,0.6993,0.1503499999999999,0.5,-984.0,-901.5973965990419,-82.40260340095813,-63.284707590751395,-964.8821041897933,-37.34204913311078,-938.9394457321526,2,(Sn0.50Bi0.50)1-xInx,-82.40260340095813,-19.117895810206733,-45.06055426784735
EXP_0042,(Sn0.50Bi0.50)1-xInx,Equiatomic,767,0.1014499999999999,0.7971,0.1014499999999999,0.5,-781.9,-682.555710823105,-99.34428917689502,-73.32434660355057,-755.8800574266555,-49.72124495391654,-732.2769557770215,2,(Sn0.50Bi0.50)1-xInx,-99.34428917689502,-26.01994257334445,-49.62304422297848
EXP_0043,(Sn0.50Bi0.50)1-xInx,Equiatomic,767,0.0769,0.8462,0.0769,0.5,-638.5,-540.1664285223325,-98.33357147766753,-79.66198508011348,-619.828413602446,-57.3159184139663,-597.4823469362988,2,(Sn0.50Bi0.50)1-xInx,-98.33357147766753,-18.67158639755405,-41.01765306370123
EXP_0044,(Sn0.50Bi0.50)1-xInx,Equiatomic,767,0.06175,0.8765,0.06175,0.5,-521.9,-443.32979257888985,-78.57020742111013,-84.00570144182439,-527.3354940207142,-62.46286958433916,-505.792662163229,2,(Sn0.50Bi0.50)1-xInx,-78.57020742111013,5.435494020714259,-16.107337836770967
EXP_0045,(Sn0.50Bi0.50)1-xInx,Equiatomic,767,0.0524,0.8952,0.0524,0.5,-447.2,-380.62314556403675,-66.57685443596324,-86.8512820454207,-467.47442760945745,-65.81465308362976,-446.4377986476665,2,(Sn0.50Bi0.50)1-xInx,-66.57685443596324,20.27442760945746,-0.7622013523334772
EXP_0046,(Sn0.50Bi0.50)1-xInx,Equiatomic,767,0.0464499999999999,0.9071,0.0464499999999999,0.5,-398.7,-339.6775238628549,-59.02247613714508,-88.72760006423823,-428.40512392709314,-68.01726385365987,-407.6947877165148,2,(Sn0.50Bi0.50)1-xInx,-59.02247613714508,29.705123927093155,8.994787716514793
EXP_0047,(Sn0.50Bi0.50)1-xInx,Equiatomic,813,0.45235,0.0953,0.45235,0.5,-183.7,-143.6106112349837,-40.08938876501628,-35.93034869827386,-179.54095993325757,-1.061735437564721,-144.67234667254843,2,(Sn0.50Bi0.50)1-xInx,-40.08938876501628,-4.1590400667424205,-39.02765332745156
EXP_0048,(Sn0.50Bi0.50)1-xInx,Equiatomic,813,0.39685,0.2063,0.39685,0.5,-454.8,-478.64445535628374,23.84445535628373,-23.24215200887386,-501.8866073651576,10.847387702423248,-467.7970676538605,2,(Sn0.50Bi0.50)1-xInx,23.84445535628373,47.08660736515759,12.997067653860483
EXP_0049,(Sn0.50Bi0.50)1-xInx,Equiatomic,813,0.3443,0.3114,0.3443,0.5,-709.4,-755.7426507966974,46.3426507966974,-15.313359236086399,-771.0560100327838,17.778823195124687,-737.9638276015727,2,(Sn0.50Bi0.50)1-xInx,46.3426507966974,61.6560100327838,28.56382760157271
EXP_0050,(Sn0.50Bi0.50)1-xInx,Equiatomic,813,0.2981,0.4038,0.2981,0.5,-906.3,-932.9941406480763,26.694140648076313,-11.624914368621376,-944.6190550166976,20.381766717830715,-912.6123739302456,2,(Sn0.50Bi0.50)1-xInx,26.694140648076313,38.31905501669769,6.312373930245599
EXP_0051,(Sn0.50Bi0.50)1-xInx,Equiatomic,813,0.2509,0.4982,0.2509,0.5,-1017.0,-1028.5460520368104,11.546052036810352,-11.028259130189554,-1039.574311167,19.66779581244532,-1008.878256224365,2,(Sn0.50Bi0.50)1-xInx,11.546052036810352,22.574311166999905,-8.121743775634968
EXP_0052,(Sn0.50Bi0.50)1-xInx,Equiatomic,813,0.1977999999999999,0.6044,0.1977999999999999,0.5,-1066.0,-1018.4680591379805,-47.531940862019496,-14.18869607513443,-1032.656755213115,14.789314268840144,-1003.6787448691404,2,(Sn0.50Bi0.50)1-xInx,-47.531940862019496,-33.34324478688495,-62.32125513085964
EXP_0053,(Sn0.50Bi0.50)1-xInx,Equiatomic,813,0.1434,0.7132,0.1434,0.5,-911.9,-876.2600408819123,-35.63995911808763,-21.633778038119317,-897.8938189200317,5.316658432869417,-870.9433824490429,2,(Sn0.50Bi0.50)1-xInx,-35.63995911808763,-14.006181079968314,-40.95661755095705
EXP_0054,(Sn0.50Bi0.50)1-xInx,Equiatomic,813,0.0977,0.8046,0.0977,0.5,-729.4,-662.0770451503564,-67.32295484964357,-31.179311802022312,-693.2563569523787,-6.14141196951482,-668.2184571198712,2,(Sn0.50Bi0.50)1-xInx,-67.32295484964357,-36.143643047621254,-61.181542880128745
EXP_0055,(Sn0.50Bi0.50)1-xInx,Equiatomic,813,0.0742499999999999,0.8515,0.0742499999999999,0.5,-565.3,-523.6854653340391,-41.61453466596083,-37.24401954533732,-560.9294848793764,-13.261662984605891,-536.947128318645,2,(Sn0.50Bi0.50)1-xInx,-41.61453466596083,-4.370515120623509,-28.35287168135494
EXP_0056,(Sn0.50Bi0.50)1-xInx,Equiatomic,813,0.05885,0.8823,0.05885,0.5,-457.4,-424.10568002824493,-33.294319971755044,-41.6572449884502,-465.76292501669514,-18.395444803374403,-442.50112483161934,2,(Sn0.50Bi0.50)1-xInx,-33.294319971755044,8.362925016695158,-14.898875168380641
EXP_0057,(Sn0.50Bi0.50)1-xInx,Equiatomic,813,0.0500499999999999,0.8999,0.0500499999999999,0.5,-383.4,-364.5433492692703,-18.856650730729655,-44.332299521747245,-408.87564879101757,-21.491985913652343,-386.03533518292267,2,(Sn0.50Bi0.50)1-xInx,-18.856650730729655,25.47564879101759,2.635335182922688
EXP_0058,(Sn0.50Bi0.50)1-xInx,Equiatomic,855,0.44935,0.1013,0.44935,0.5,-168.2,-161.84246382191213,-6.357536178087855,6.432815490781195,-155.40964833113094,41.49651412491403,-120.3459496969981,2,(Sn0.50Bi0.50)1-xInx,-6.357536178087855,-12.79035166886905,-47.854050303001884
EXP_0059,(Sn0.50Bi0.50)1-xInx,Equiatomic,855,0.3991,0.2018,0.3991,0.5,-409.9,-465.5403228352165,55.64032283521652,18.083321756947043,-447.45700107826946,52.737374195507755,-412.80294863970875,2,(Sn0.50Bi0.50)1-xInx,55.64032283521652,37.55700107826948,2.902948639708768
EXP_0060,(Sn0.50Bi0.50)1-xInx,Equiatomic,855,0.3506,0.2988,0.3506,0.5,-632.3,-726.1366984192189,93.83669841921892,25.882432731172912,-700.254265688046,59.92205529999933,-666.2146431192195,2,(Sn0.50Bi0.50)1-xInx,93.83669841921892,67.95426568804601,33.91464311921959
EXP_0061,(Sn0.50Bi0.50)1-xInx,Equiatomic,855,0.29845,0.4031,0.29845,0.5,-871.9,-931.9429684127072,60.04296841270718,30.492233094334097,-901.4507353183731,63.63111821647112,-868.311850196236,2,(Sn0.50Bi0.50)1-xInx,60.04296841270718,29.550735318373086,-3.5881498037639403
EXP_0062,(Sn0.50Bi0.50)1-xInx,Equiatomic,855,0.23935,0.5213,0.23935,0.5,-1001.4,-1037.2391821872163,35.83918218721635,30.986166823295207,-1006.2530153639211,62.803561001039725,-974.4356211861766,2,(Sn0.50Bi0.50)1-xInx,35.83918218721635,4.853015363921145,-26.964378813823373
EXP_0063,(Sn0.50Bi0.50)1-xInx,Equiatomic,855,0.1934,0.6132,0.1934,0.5,-1009.0,-1011.8662806335154,2.86628063351543,27.89743892890874,-983.9688417046067,58.4666065139927,-953.3996741195227,2,(Sn0.50Bi0.50)1-xInx,2.86628063351543,-25.03115829539331,-55.60032588047727
EXP_0064,(Sn0.50Bi0.50)1-xInx,Equiatomic,855,0.12075,0.7585,0.12075,0.5,-795.7,-780.0355943614749,-15.664405638525182,16.815072448221144,-763.2205219132537,45.01663071269013,-735.0189636487847,2,(Sn0.50Bi0.50)1-xInx,-15.664405638525182,-32.479478086746326,-60.68103635121531
EXP_0065,(Sn0.50Bi0.50)1-xInx,Equiatomic,855,0.0867999999999999,0.8264,0.0867999999999999,0.5,-596.2,-599.8918030492457,3.6918030492456637,9.03248778191437,-590.8593152673313,35.962116733415996,-563.9296863158297,2,(Sn0.50Bi0.50)1-xInx,3.6918030492456637,-5.340684732668706,-32.27031368417033
EXP_0066,(Sn0.50Bi0.50)1-xInx,Equiatomic,855,0.0679,0.8642,0.0679,0.5,-480.0,-483.389010705209,3.389010705208989,3.981293875731808,-479.4077168294772,30.157153730311393,-453.2318569748976,2,(Sn0.50Bi0.50)1-xInx,3.389010705208989,-0.5922831705228191,-26.768143025102404
EXP_0067,(Sn0.50Bi0.50)1-xInx,Equiatomic,855,0.0554999999999999,0.889,0.0554999999999999,0.5,-402.2,-401.64360919947825,-0.55639080052174,0.38805495288033853,-401.2555542465979,26.05162716083055,-375.5919820386477,2,(Sn0.50Bi0.50)1-xInx,-0.55639080052174,-0.9444457534020785,-26.60801796135229
EXP_0068,(Sn0.50Bi0.50)1-xInx,Equiatomic,855,0.0469499999999999,0.9061,0.0469499999999999,0.5,-346.6,-343.147550354593,-3.4524496454070004,-2.218408694376649,-345.36595904896967,23.083740455747602,-320.0638098988454,2,(Sn0.50Bi0.50)1-xInx,-3.4524496454070004,-1.2340409510303516,-26.536190101154602
EXP_0069,(Sn0.67Bi0.33)1-xInx,Sn-rich,767,0.3012811203878265,0.0964,0.6023188796121735,0.33342310799892266,-105.2,-17.095611218073884,-88.10438878192612,-71.36106889669259,-88.45668011476647,-99.02196408506006,-116.11757530313395,3,(Sn0.67Bi0.33)1-xInx,-88.10438878192612,-16.743319885233532,10.917575303133944
EXP_0070,(Sn0.67Bi0.33)1-xInx,Sn-rich,767,0.2647046054403447,0.2061,0.5291953945596553,0.33342310799892266,-294.9,-232.92360062365114,-61.97639937634884,-0.020894862301020112,-232.94449548595216,-73.28930219774566,-306.2129028213968,3,(Sn0.67Bi0.33)1-xInx,-61.97639937634884,-61.95550451404782,11.312902821396847
EXP_0071,(Sn0.67Bi0.33)1-xInx,Sn-rich,767,0.2286615674656611,0.3142,0.4571384325343388,0.33342310799892266,-479.9,-465.9474604055292,-13.95253959447075,47.6762416526451,-418.2712187528841,-53.49078895328603,-519.4382493588153,3,(Sn0.67Bi0.33)1-xInx,-13.95253959447075,-61.62878124711585,39.53824935881528
EXP_0072,(Sn0.67Bi0.33)1-xInx,Sn-rich,767,0.198986910853757,0.4032,0.3978130891462429,0.33342310799892266,-631.6,-631.3701659050728,-0.2298340949272415,70.10554728749844,-561.2646186175743,-41.33212090461893,-672.7022868096917,3,(Sn0.67Bi0.33)1-xInx,-0.2298340949272415,-70.33538138242568,41.10228680969169
EXP_0073,(Sn0.67Bi0.33)1-xInx,Sn-rich,767,0.1634440075410718,0.5098,0.326755992458928,0.3334231079989226,-771.0,-761.5237399959877,-9.47626000401226,76.95329059447431,-684.5704494015134,-31.69199882011526,-793.215738816103,3,(Sn0.67Bi0.33)1-xInx,-9.47626000401226,-86.42955059848657,22.215738816103
EXP_0074,(Sn0.67Bi0.33)1-xInx,Sn-rich,767,0.1288346889307837,0.6136,0.2575653110692162,0.3334231079989227,-767.4,-791.8794791632954,24.479479163295423,62.65512541284397,-729.2243537504514,-27.46144607456995,-819.3409252378653,3,(Sn0.67Bi0.33)1-xInx,24.479479163295423,-38.17564624954855,51.94092523786537
EXP_0075,(Sn0.67Bi0.33)1-xInx,Sn-rich,767,0.0994267708052787,0.7018,0.1987732291947212,0.33342310799892266,-694.2,-732.7307715150952,38.530771515095125,34.248713086190946,-698.4820584289042,-27.864947386854965,-760.5957189019501,3,(Sn0.67Bi0.33)1-xInx,38.530771515095125,4.282058428904179,66.39571890195009
EXP_0076,(Sn0.67Bi0.33)1-xInx,Sn-rich,767,0.0689852410449771,0.7931,0.1379147589550228,0.3334231079989228,-545.3,-588.4773832772142,43.17738327721429,-10.889004307448886,-599.3663875846631,-32.15195557568563,-620.6293388528999,3,(Sn0.67Bi0.33)1-xInx,43.17738327721429,54.066387584663175,75.32933885289992
EXP_0077,(Sn0.67Bi0.33)1-xInx,Sn-rich,767,0.0528809049286291,0.8414,0.1057190950713708,0.3334231079989226,-450.5,-480.13862032970763,29.638620329707635,-41.240998691956975,-521.3796190216647,-36.01185222647723,-516.1504725561849,3,(Sn0.67Bi0.33)1-xInx,29.638620329707635,70.87961902166467,65.65047255618492
EXP_0078,(Sn0.67Bi0.33)1-xInx,Sn-rich,767,0.0426448155130622,0.8721,0.0852551844869378,0.3334231079989226,-383.7,-400.83650433778644,17.136504337786448,-62.86135259977891,-463.69785693756535,-39.037862665712964,-439.8743670034994,3,(Sn0.67Bi0.33)1-xInx,17.136504337786448,79.99785693756536,56.17436700349941
EXP_0079,(Sn0.67Bi0.33)1-xInx,Sn-rich,767,0.0359430110422838,0.8922,0.0718569889577161,0.3334231079989224,-338.4,-344.87509750216185,6.475097502161873,-77.99693996212363,-422.8720374642855,-41.260140877948515,-386.13523838011037,3,(Sn0.67Bi0.33)1-xInx,6.475097502161873,84.4720374642855,47.73523838011039
EXP_0080,(Sn0.67Bi0.33)1-xInx,Sn-rich,767,0.0309083221115001,0.9073,0.0617916778884998,0.3334231079989227,-290.4,-300.87305000290144,10.47305000290146,-89.87771756292796,-390.7507675658294,-43.05510658560547,-343.9281565885069,3,(Sn0.67Bi0.33)1-xInx,10.47305000290146,100.35076756582941,53.52815658850693
EXP_0081,(Sn0.67Bi0.33)1-xInx,Sn-rich,813,0.2980135739294371,0.1062,0.5957864260705629,0.3334231079989227,-92.74,-33.67145141118169,-59.0685485888183,-64.07443725127632,-97.74588866245801,-79.8576588110127,-113.52911022219439,3,(Sn0.67Bi0.33)1-xInx,-59.0685485888183,5.00588866245802,20.789110222194395
EXP_0082,(Sn0.67Bi0.33)1-xInx,Sn-rich,813,0.2613036897387557,0.2163,0.5223963102612443,0.3334231079989226,-283.3,-255.07904586156064,-28.220954138439367,11.248169314796542,-243.8308765467641,-54.89197566128519,-309.97102152284583,3,(Sn0.67Bi0.33)1-xInx,-28.220954138439367,-39.46912345323591,26.67102152284582
EXP_0083,(Sn0.67Bi0.33)1-xInx,Sn-rich,813,0.2319957985456504,0.3042,0.4638042014543495,0.3334231079989227,-434.5,-445.2139695495892,10.713969549589194,54.674996772893564,-390.53897277669563,-39.069414210608784,-484.283383760198,3,(Sn0.67Bi0.33)1-xInx,10.713969549589194,-43.96102722330437,49.78338376019798
EXP_0084,(Sn0.67Bi0.33)1-xInx,Sn-rich,813,0.1966196067869647,0.4103,0.3930803932130353,0.33342310799892266,-615.8,-642.668790691529,26.868790691529057,87.33333788937716,-555.3354528021518,-24.830521739653932,-667.499312431183,3,(Sn0.67Bi0.33)1-xInx,26.868790691529057,-60.464547197848105,51.69931243118299
EXP_0085,(Sn0.67Bi0.33)1-xInx,Sn-rich,813,0.1671783463506598,0.4986,0.3342216536493402,0.3334231079989226,-747.8,-752.1982942509997,4.398294250999697,98.033730679771,-654.1645635712287,-17.033251354580216,-769.2315456055799,3,(Sn0.67Bi0.33)1-xInx,4.398294250999697,-93.6354364287713,21.431545605579913
EXP_0086,(Sn0.67Bi0.33)1-xInx,Sn-rich,813,0.1329357931591704,0.6013,0.2657642068408296,0.33342310799892255,-748.3,-793.8051005951594,45.50510059515943,91.64798282844959,-702.1571177667098,-12.595708104547839,-806.4008086997072,3,(Sn0.67Bi0.33)1-xInx,45.50510059515943,-46.14288223329015,58.10080869970727
EXP_0087,(Sn0.67Bi0.33)1-xInx,Sn-rich,813,0.0986598976568812,0.7041,0.1972401023431188,0.3334231079989226,-669.1,-730.1201027433362,61.020102743336224,64.9755328888109,-665.1445698545253,-13.141596576552047,-743.2616993198883,3,(Sn0.67Bi0.33)1-xInx,61.020102743336224,-3.955430145474679,74.16169931988827
EXP_0088,(Sn0.67Bi0.33)1-xInx,Sn-rich,813,0.0701522219229733,0.7896,0.1402477780770266,0.33342310799892266,-521.1,-595.5022703883749,74.40227038837486,27.335994164337535,-568.1662762240373,-17.396780766986467,-612.8990511553613,3,(Sn0.67Bi0.33)1-xInx,74.40227038837486,47.066276224037324,91.79905115536133
EXP_0089,(Sn0.67Bi0.33)1-xInx,Sn-rich,813,0.0542812819822245,0.8372,0.1085187180177753,0.33342310799892244,-433.1,-490.3777612363586,57.27776123635857,0.2989488080193041,-490.0788124283393,-21.26158821751801,-511.6393494538766,3,(Sn0.67Bi0.33)1-xInx,57.27776123635857,56.97881242833927,78.53934945387658
EXP_0090,(Sn0.67Bi0.33)1-xInx,Sn-rich,813,0.0436450848370589,0.8691,0.087254915162941,0.33342310799892233,-360.5,-408.9221570923217,48.4221570923217,-20.255035653442064,-429.17719274576376,-24.450425643395192,-433.3725827357169,3,(Sn0.67Bi0.33)1-xInx,48.4221570923217,68.67719274576376,72.87258273571689
EXP_0091,(Sn0.67Bi0.33)1-xInx,Sn-rich,813,0.0366098572582817,0.8902,0.0731901427417183,0.33342310799892255,-308.9,-350.5796300705834,41.679630070583414,-34.92387767788841,-385.5035077484718,-26.8236897151869,-377.4033197857703,3,(Sn0.67Bi0.33)1-xInx,41.679630070583414,76.60350774847183,68.50331978577032
EXP_0092,(Sn0.67Bi0.33)1-xInx,Sn-rich,813,0.0315751683274979,0.9053,0.063124831672502,0.3334231079989222,-263.3,-306.794031959745,43.49403195974497,-45.94624279670779,-352.7402747564528,-28.651150129108828,-335.4451820888538,3,(Sn0.67Bi0.33)1-xInx,43.49403195974497,89.44027475645277,72.1451820888538
EXP_0093,(Sn0.67Bi0.33)1-xInx,Sn-rich,855,0.2985137085914354,0.1047,0.5967862914085644,0.33342310799892266,-64.32,-31.087159011766545,-33.23284098823345,-58.737620268222145,-89.82477927998869,-59.65137919917129,-90.73853821093783,3,(Sn0.67Bi0.33)1-xInx,-33.23284098823345,25.504779279988696,26.41853821093784
EXP_0094,(Sn0.67Bi0.33)1-xInx,Sn-rich,855,0.2625706975491516,0.2125,0.5249293024508483,0.3334231079989227,-251.5,-246.80920919587095,-4.690790804129051,20.777396854752396,-226.03181234111855,-35.37710122412841,-282.18631041999936,3,(Sn0.67Bi0.33)1-xInx,-4.690790804129051,-25.468187658881448,30.68631041999936
EXP_0095,(Sn0.67Bi0.33)1-xInx,Sn-rich,855,0.2332628063560463,0.3004,0.4663371936439536,0.3334231079989227,-409.6,-437.2554988659731,27.655498865973072,69.09982289325671,-368.1556759727164,-19.645318449102433,-456.9008173150755,3,(Sn0.67Bi0.33)1-xInx,27.655498865973072,-41.44432402728364,47.300817315075506
EXP_0096,(Sn0.67Bi0.33)1-xInx,Sn-rich,855,0.2012875302989496,0.3963,0.4024124697010504,0.33342310799892266,-575.1,-620.0786937552448,44.97869375524476,104.89874759575105,-515.1799461594937,-6.643382431208693,-626.7220761864535,3,(Sn0.67Bi0.33)1-xInx,44.97869375524476,-59.920053840506284,51.622076186453455
EXP_0097,(Sn0.67Bi0.33)1-xInx,Sn-rich,855,0.1632439536762725,0.5104,0.3263560463237274,0.33342310799892266,-733.7,-761.9918674859347,28.29186748593463,124.48895513568095,-637.5029123502537,3.168830400259367,-758.8230370856753,3,(Sn0.67Bi0.33)1-xInx,28.29186748593463,-96.19708764974632,25.123037085675264
EXP_0098,(Sn0.67Bi0.33)1-xInx,Sn-rich,855,0.1314353891731753,0.6058,0.2627646108268247,0.3334231079989226,-731.7,-793.2780223093378,61.57802230933771,121.68155481747044,-671.5964674918673,6.654098055861368,-786.6239242534764,3,(Sn0.67Bi0.33)1-xInx,61.57802230933771,-60.10353250813273,54.92392425347634
EXP_0099,(Sn0.67Bi0.33)1-xInx,Sn-rich,855,0.0979597091300834,0.7062,0.1958402908699164,0.3334231079989226,-644.2,-727.6893108147347,83.48931081473461,99.85493565507022,-627.8343751596644,5.680659888631908,-722.0086509261027,3,(Sn0.67Bi0.33)1-xInx,83.48931081473461,-16.365624840335613,77.8086509261027
EXP_0100,(Sn0.67Bi0.33)1-xInx,Sn-rich,855,0.0682850525181793,0.7952,0.1365149474818206,0.3334231079989225,-485.3,-584.2074424524316,98.90744245243155,64.32422182113669,-519.8832206312949,0.8378718584078797,-583.3695705940237,3,(Sn0.67Bi0.33)1-xInx,98.90744245243155,34.583220631294864,98.06957059402367
EXP_0101,(Sn0.67Bi0.33)1-xInx,Sn-rich,855,0.0524141125774306,0.8428,0.1047858874225693,0.3334231079989226,-395.4,-476.69214567530224,81.29214567530227,39.079173795081715,-437.6129718802205,-3.287377567639851,-479.9795232429421,3,(Sn0.67Bi0.33)1-xInx,81.29214567530227,42.21297188022055,84.57952324294212
EXP_0102,(Sn0.67Bi0.33)1-xInx,Sn-rich,855,0.0429782386210611,0.8711,0.0859217613789388,0.33342310799892266,-328.5,-403.53959088972755,75.03959088972755,22.00797670854763,-381.5316141811799,-6.247134707986106,-409.78672559771366,3,(Sn0.67Bi0.33)1-xInx,75.03959088972755,53.03161418117992,81.28672559771366
EXP_0103,(Sn0.67Bi0.33)1-xInx,Sn-rich,855,0.035876326420684,0.8924,0.0717236735793159,0.3334231079989222,-267.3,-344.3030259777863,77.00302597778631,8.145111393117531,-336.1579145846688,-8.724233654123736,-353.02725963191006,3,(Sn0.67Bi0.33)1-xInx,77.00302597778631,68.85791458466878,85.72725963191004
EXP_0104,(Sn0.67Bi0.33)1-xInx,Sn-rich,855,0.0309083221115001,0.9073,0.0617916778884998,0.3334231079989227,-218.0,-300.87305000290144,82.87305000290144,-2.070193299131006,-302.94324330203244,-10.584388743012141,-311.4574387459136,3,(Sn0.67Bi0.33)1-xInx,82.87305000290144,84.94324330203244,93.45743874591358
