experiment_id,cross_section,temperature_K,xBi,xIn,xSn,experimental_delta_mixH,rkm_prediction,residual,predicted_residual,hybrid_prediction,fold,held_out_section
EXP_0001,(Sn0.33Bi0.67)1-xInx,767,0.6021023017902813,0.098,0.2998976982097187,-380.4,-319.3582266540738,-61.041773345926174,80.63823380883044,-238.71999284524338,1,(Sn0.33Bi0.67)1-xInx
EXP_0002,(Sn0.33Bi0.67)1-xInx,767,0.5251373401534527,0.2133,0.2615626598465473,-841.6,-779.3981338969363,-62.20186610306371,-1.7663531697938026,-781.1644870667301,1,(Sn0.33Bi0.67)1-xInx
EXP_0003,(Sn0.33Bi0.67)1-xInx,767,0.4618565217391304,0.3081,0.2300434782608695,-1142.0,-1067.1245349076441,-74.87546509235585,-55.08746964466491,-1122.212004552309,1,(Sn0.33Bi0.67)1-xInx
EXP_0004,(Sn0.33Bi0.67)1-xInx,767,0.3936360613810742,0.4103,0.1960639386189258,-1346.0,-1259.8994805704758,-86.10051942952418,-97.98214971148883,-1357.8816302819646,1,(Sn0.33Bi0.67)1-xInx
EXP_0005,(Sn0.33Bi0.67)1-xInx,767,0.3376312020460358,0.4942,0.1681687979539642,-1413.0,-1317.01093745515,-95.98906254484996,-121.8823495973686,-1438.8932870525186,1,(Sn0.33Bi0.67)1-xInx
EXP_0006,(Sn0.33Bi0.67)1-xInx,767,0.2652721227621483,0.6026,0.1321278772378516,-1389.0,-1252.6185423470095,-136.38145765299055,-137.65726019601277,-1390.275802543022,1,(Sn0.33Bi0.67)1-xInx
EXP_0007,(Sn0.33Bi0.67)1-xInx,767,0.1933803069053708,0.7103,0.0963196930946291,-1227.0,-1043.68023917639,-183.31976082361007,-136.46601743147755,-1180.1462566078676,1,(Sn0.33Bi0.67)1-xInx
EXP_0008,(Sn0.33Bi0.67)1-xInx,767,0.1284974424552429,0.8075,0.064002557544757,-959.0,-750.7731052453768,-208.22689475462323,-120.95960412322961,-871.7327093686064,1,(Sn0.33Bi0.67)1-xInx
EXP_0009,(Sn0.33Bi0.67)1-xInx,767,0.0966567774936061,0.8552,0.0481432225063938,-792.5,-579.2308365652174,-213.26916343478263,-108.34174555360505,-687.5725821188224,1,(Sn0.33Bi0.67)1-xInx
EXP_0010,(Sn0.33Bi0.67)1-xInx,767,0.0771652173913043,0.8844,0.0384347826086956,-656.3,-467.5764374779218,-188.72356252207817,-98.990534073248,-566.5669715511698,1,(Sn0.33Bi0.67)1-xInx
EXP_0011,(Sn0.33Bi0.67)1-xInx,767,0.0642820971867008,0.9037,0.0320179028132992,-565.5,-391.63835530383426,-173.86164469616574,-92.13150707037767,-483.7698623742119,1,(Sn0.33Bi0.67)1-xInx
EXP_0012,(Sn0.33Bi0.67)1-xInx,813,0.5984309462915601,0.1035,0.2980690537084399,-343.5,-343.3641489715695,-0.13585102843052255,143.92943248681047,-199.434716484759,1,(Sn0.33Bi0.67)1-xInx
EXP_0013,(Sn0.33Bi0.67)1-xInx,813,0.527406905370844,0.2099,0.262693094629156,-758.4,-767.3730813353966,8.973081335396614,64.41317557259885,-702.9599057627977,1,(Sn0.33Bi0.67)1-xInx
EXP_0014,(Sn0.33Bi0.67)1-xInx,813,0.4685984654731457,0.298,0.2334015345268542,-1050.0,-1041.151336327319,-8.848663672680914,10.989439900075183,-1030.1618964272438,1,(Sn0.33Bi0.67)1-xInx
EXP_0015,(Sn0.33Bi0.67)1-xInx,813,0.3874948849104859,0.4195,0.193005115089514,-1304.0,-1270.717521110849,-33.28247888915098,-44.23509867310594,-1314.952619783955,1,(Sn0.33Bi0.67)1-xInx
EXP_0016,(Sn0.33Bi0.67)1-xInx,813,0.3333590792838874,0.5006,0.1660409207161125,-1366.0,-1317.514604332184,-48.485395667815965,-69.19113201891878,-1386.7057363511028,1,(Sn0.33Bi0.67)1-xInx
EXP_0017,(Sn0.33Bi0.67)1-xInx,813,0.2529230179028133,0.6211,0.1259769820971867,-1307.0,-1226.5245309524773,-80.47546904752267,-88.66877622799666,-1315.193307180474,1,(Sn0.33Bi0.67)1-xInx
EXP_0018,(Sn0.33Bi0.67)1-xInx,813,0.1969181585677749,0.705,0.098081841432225,-1173.0,-1057.0350576359806,-115.96494236401941,-89.80413191823027,-1146.8391895542109,1,(Sn0.33Bi0.67)1-xInx
EXP_0019,(Sn0.33Bi0.67)1-xInx,813,0.1327028132992327,0.8012,0.0660971867007672,-926.4,-772.2383975448727,-154.1616024551273,-78.55181443802906,-850.7902119829017,1,(Sn0.33Bi0.67)1-xInx
EXP_0020,(Sn0.33Bi0.67)1-xInx,813,0.0991265984654731,0.8515,0.0493734015345268,-737.7,-593.0548894778041,-144.64511052219598,-67.32879540805334,-660.3836848858574,1,(Sn0.33Bi0.67)1-xInx
EXP_0021,(Sn0.33Bi0.67)1-xInx,813,0.0787005115089514,0.8821,0.0391994884910485,-606.6,-476.52233197742123,-130.0776680225788,-58.707500101840196,-535.2298320792614,1,(Sn0.33Bi0.67)1-xInx
EXP_0022,(Sn0.33Bi0.67)1-xInx,813,0.0653501278772378,0.9021,0.0325498721227621,-518.0,-397.9885869420851,-120.01141305791492,-52.339372794695464,-450.32795973678054,1,(Sn0.33Bi0.67)1-xInx
EXP_0023,(Sn0.33Bi0.67)1-xInx,855,0.6008340153452686,0.0999,0.2992659846547315,-295.1,-327.6694967071145,32.56949670711447,208.22419964917984,-119.44529705793465,1,(Sn0.33Bi0.67)1-xInx
EXP_0024,(Sn0.33Bi0.67)1-xInx,855,0.5344158567774936,0.1994,0.2661841432225064,-658.9,-729.5638395364317,70.66383953643174,129.74481369454875,-599.819025841883,1,(Sn0.33Bi0.67)1-xInx
EXP_0025,(Sn0.33Bi0.67)1-xInx,855,0.4603212276214834,0.3104,0.2292787723785166,-1014.0,-1072.8730219980275,58.873021998027525,59.125554314476744,-1013.7474676835508,1,(Sn0.33Bi0.67)1-xInx
EXP_0026,(Sn0.33Bi0.67)1-xInx,855,0.3861598465473146,0.4215,0.1923401534526854,-1221.0,-1272.9221417605013,51.92214176050129,6.322368828251399,-1266.5997729322498,1,(Sn0.33Bi0.67)1-xInx
EXP_0027,(Sn0.33Bi0.67)1-xInx,855,0.3267506393861893,0.5105,0.1627493606138107,-1295.0,-1317.2170635260377,22.21706352603769,-23.072908864502438,-1340.2899723905402,1,(Sn0.33Bi0.67)1-xInx
EXP_0028,(Sn0.33Bi0.67)1-xInx,855,0.26146726342711,0.6083,0.13023273657289,-1253.0,-1245.0329126207093,-7.9670873792906605,-42.136965289292675,-1287.169877910002,1,(Sn0.33Bi0.67)1-xInx
EXP_0029,(Sn0.33Bi0.67)1-xInx,855,0.1933803069053708,0.7103,0.0963196930946291,-1094.0,-1043.68023917639,-50.31976082361007,-47.25269408705299,-1090.932933263443,1,(Sn0.33Bi0.67)1-xInx
EXP_0030,(Sn0.33Bi0.67)1-xInx,855,0.1365744245524296,0.7954,0.0680255754475703,-871.9,-791.7286753438465,-80.1713246561535,-39.98360591391429,-831.7122812577608,1,(Sn0.33Bi0.67)1-xInx
EXP_0031,(Sn0.33Bi0.67)1-xInx,855,0.1047337595907928,0.8431,0.0521662404092071,-716.4,-624.1396949400765,-92.26030505992344,-31.31914488851612,-655.4588398285927,1,(Sn0.33Bi0.67)1-xInx
EXP_0032,(Sn0.33Bi0.67)1-xInx,855,0.0873115089514066,0.8692,0.0434884910485933,-603.6,-526.2376649151946,-77.36233508480541,-25.182506070840645,-551.4201709860353,1,(Sn0.33Bi0.67)1-xInx
EXP_0033,(Sn0.33Bi0.67)1-xInx,855,0.0740946291560102,0.889,0.0369053708439897,-524.9,-449.614884582801,-75.285115417199,-19.86859520771577,-469.48347979051675,1,(Sn0.33Bi0.67)1-xInx
EXP_0034,(Sn0.33Bi0.67)1-xInx,855,0.064549104859335,0.9033,0.0321508951406649,-449.5,-393.22677338615034,-56.27322661384966,-15.67743468473168,-408.904208070882,1,(Sn0.33Bi0.67)1-xInx
EXP_0035,(Sn0.50Bi0.50)1-xInx,767,0.44675,0.1065,0.44675,-250.0,-177.68127661798496,-72.31872338201504,-76.06316322014322,-253.7444398381282,2,(Sn0.50Bi0.50)1-xInx
EXP_0036,(Sn0.50Bi0.50)1-xInx,767,0.40015,0.1997,0.40015,-490.0,-459.4003160607007,-30.599683939299325,-65.67939234575954,-525.0797084064602,2,(Sn0.50Bi0.50)1-xInx
EXP_0037,(Sn0.50Bi0.50)1-xInx,767,0.34925,0.3015,0.34925,-725.3,-732.5779277217148,7.277927721714832,-57.90785111120613,-790.4857788329209,2,(Sn0.50Bi0.50)1-xInx
EXP_0038,(Sn0.50Bi0.50)1-xInx,767,0.28945,0.4211,0.28945,-978.1,-957.4354982094574,-20.66450179054266,-53.54001121087231,-1010.9755094203297,2,(Sn0.50Bi0.50)1-xInx
EXP_0039,(Sn0.50Bi0.50)1-xInx,767,0.2435,0.513,0.2435,-1063.0,-1034.803545342359,-28.19645465764097,-53.67968639291121,-1088.4832317352702,2,(Sn0.50Bi0.50)1-xInx
EXP_0040,(Sn0.50Bi0.50)1-xInx,767,0.1955,0.609,0.1955,-1091.0,-1015.126981652759,-75.87301834724099,-57.069968627267144,-1072.1969502800262,2,(Sn0.50Bi0.50)1-xInx
EXP_0041,(Sn0.50Bi0.50)1-xInx,767,0.1503499999999999,0.6993,0.1503499999999999,-984.0,-901.5973965990419,-82.40260340095813,-63.284707590751395,-964.8821041897933,2,(Sn0.50Bi0.50)1-xInx
EXP_0042,(Sn0.50Bi0.50)1-xInx,767,0.1014499999999999,0.7971,0.1014499999999999,-781.9,-682.555710823105,-99.34428917689502,-73.32434660355057,-755.8800574266555,2,(Sn0.50Bi0.50)1-xInx
EXP_0043,(Sn0.50Bi0.50)1-xInx,767,0.0769,0.8462,0.0769,-638.5,-540.1664285223325,-98.33357147766753,-79.66198508011348,-619.828413602446,2,(Sn0.50Bi0.50)1-xInx
EXP_0044,(Sn0.50Bi0.50)1-xInx,767,0.06175,0.8765,0.06175,-521.9,-443.32979257888985,-78.57020742111013,-84.00570144182439,-527.3354940207142,2,(Sn0.50Bi0.50)1-xInx
EXP_0045,(Sn0.50Bi0.50)1-xInx,767,0.0524,0.8952,0.0524,-447.2,-380.62314556403675,-66.57685443596324,-86.8512820454207,-467.47442760945745,2,(Sn0.50Bi0.50)1-xInx
EXP_0046,(Sn0.50Bi0.50)1-xInx,767,0.0464499999999999,0.9071,0.0464499999999999,-398.7,-339.6775238628549,-59.02247613714508,-88.72760006423823,-428.40512392709314,2,(Sn0.50Bi0.50)1-xInx
EXP_0047,(Sn0.50Bi0.50)1-xInx,813,0.45235,0.0953,0.45235,-183.7,-143.6106112349837,-40.08938876501628,-35.93034869827386,-179.54095993325757,2,(Sn0.50Bi0.50)1-xInx
EXP_0048,(Sn0.50Bi0.50)1-xInx,813,0.39685,0.2063,0.39685,-454.8,-478.64445535628374,23.84445535628373,-23.24215200887386,-501.8866073651576,2,(Sn0.50Bi0.50)1-xInx
EXP_0049,(Sn0.50Bi0.50)1-xInx,813,0.3443,0.3114,0.3443,-709.4,-755.7426507966974,46.3426507966974,-15.313359236086399,-771.0560100327838,2,(Sn0.50Bi0.50)1-xInx
EXP_0050,(Sn0.50Bi0.50)1-xInx,813,0.2981,0.4038,0.2981,-906.3,-932.9941406480763,26.694140648076313,-11.624914368621376,-944.6190550166976,2,(Sn0.50Bi0.50)1-xInx
EXP_0051,(Sn0.50Bi0.50)1-xInx,813,0.2509,0.4982,0.2509,-1017.0,-1028.5460520368104,11.546052036810352,-11.028259130189554,-1039.574311167,2,(Sn0.50Bi0.50)1-xInx
EXP_0052,(Sn0.50Bi0.50)1-xInx,813,0.1977999999999999,0.6044,0.1977999999999999,-1066.0,-1018.4680591379805,-47.531940862019496,-14.18869607513443,-1032.656755213115,2,(Sn0.50Bi0.50)1-xInx
EXP_0053,(Sn0.50Bi0.50)1-xInx,813,0.1434,0.7132,0.1434,-911.9,-876.2600408819123,-35.63995911808763,-21.633778038119317,-897.8938189200317,2,(Sn0.50Bi0.50)1-xInx
EXP_0054,(Sn0.50Bi0.50)1-xInx,813,0.0977,0.8046,0.0977,-729.4,-662.0770451503564,-67.32295484964357,-31.179311802022312,-693.2563569523787,2,(Sn0.50Bi0.50)1-xInx
EXP_0055,(Sn0.50Bi0.50)1-xInx,813,0.0742499999999999,0.8515,0.0742499999999999,-565.3,-523.6854653340391,-41.61453466596083,-37.24401954533732,-560.9294848793764,2,(Sn0.50Bi0.50)1-xInx
EXP_0056,(Sn0.50Bi0.50)1-xInx,813,0.05885,0.8823,0.05885,-457.4,-424.10568002824493,-33.294319971755044,-41.6572449884502,-465.76292501669514,2,(Sn0.50Bi0.50)1-xInx
EXP_0057,(Sn0.50Bi0.50)1-xInx,813,0.0500499999999999,0.8999,0.0500499999999999,-383.4,-364.5433492692703,-18.856650730729655,-44.332299521747245,-408.87564879101757,2,(Sn0.50Bi0.50)1-xInx
EXP_0058,(Sn0.50Bi0.50)1-xInx,855,0.44935,0.1013,0.44935,-168.2,-161.84246382191213,-6.357536178087855,6.432815490781195,-155.40964833113094,2,(Sn0.50Bi0.50)1-xInx
EXP_0059,(Sn0.50Bi0.50)1-xInx,855,0.3991,0.2018,0.3991,-409.9,-465.5403228352165,55.64032283521652,18.083321756947043,-447.45700107826946,2,(Sn0.50Bi0.50)1-xInx
EXP_0060,(Sn0.50Bi0.50)1-xInx,855,0.3506,0.2988,0.3506,-632.3,-726.1366984192189,93.83669841921892,25.882432731172912,-700.254265688046,2,(Sn0.50Bi0.50)1-xInx
EXP_0061,(Sn0.50Bi0.50)1-xInx,855,0.29845,0.4031,0.29845,-871.9,-931.9429684127072,60.04296841270718,30.492233094334097,-901.4507353183731,2,(Sn0.50Bi0.50)1-xInx
EXP_0062,(Sn0.50Bi0.50)1-xInx,855,0.23935,0.5213,0.23935,-1001.4,-1037.2391821872163,35.83918218721635,30.986166823295207,-1006.2530153639211,2,(Sn0.50Bi0.50)1-xInx
EXP_0063,(Sn0.50Bi0.50)1-xInx,855,0.1934,0.6132,0.1934,-1009.0,-1011.8662806335154,2.86628063351543,27.89743892890874,-983.9688417046067,2,(Sn0.50Bi0.50)1-xInx
EXP_0064,(Sn0.50Bi0.50)1-xInx,855,0.12075,0.7585,0.12075,-795.7,-780.0355943614749,-15.664405638525182,16.815072448221144,-763.2205219132537,2,(Sn0.50Bi0.50)1-xInx
EXP_0065,(Sn0.50Bi0.50)1-xInx,855,0.0867999999999999,0.8264,0.0867999999999999,-596.2,-599.8918030492457,3.6918030492456637,9.03248778191437,-590.8593152673313,2,(Sn0.50Bi0.50)1-xInx
EXP_0066,(Sn0.50Bi0.50)1-xInx,855,0.0679,0.8642,0.0679,-480.0,-483.389010705209,3.389010705208989,3.981293875731808,-479.4077168294772,2,(Sn0.50Bi0.50)1-xInx
EXP_0067,(Sn0.50Bi0.50)1-xInx,855,0.0554999999999999,0.889,0.0554999999999999,-402.2,-401.64360919947825,-0.55639080052174,0.38805495288033853,-401.2555542465979,2,(Sn0.50Bi0.50)1-xInx
EXP_0068,(Sn0.50Bi0.50)1-xInx,855,0.0469499999999999,0.9061,0.0469499999999999,-346.6,-343.147550354593,-3.4524496454070004,-2.218408694376649,-345.36595904896967,2,(Sn0.50Bi0.50)1-xInx
EXP_0069,(Sn0.67Bi0.33)1-xInx,767,0.3012811203878265,0.0964,0.6023188796121735,-105.2,-17.095611218073884,-88.10438878192612,-71.36106889669259,-88.45668011476647,3,(Sn0.67Bi0.33)1-xInx
EXP_0070,(Sn0.67Bi0.33)1-xInx,767,0.2647046054403447,0.2061,0.5291953945596553,-294.9,-232.92360062365114,-61.97639937634884,-0.020894862301020112,-232.94449548595216,3,(Sn0.67Bi0.33)1-xInx
EXP_0071,(Sn0.67Bi0.33)1-xInx,767,0.2286615674656611,0.3142,0.4571384325343388,-479.9,-465.9474604055292,-13.95253959447075,47.6762416526451,-418.2712187528841,3,(Sn0.67Bi0.33)1-xInx
EXP_0072,(Sn0.67Bi0.33)1-xInx,767,0.198986910853757,0.4032,0.3978130891462429,-631.6,-631.3701659050728,-0.2298340949272415,70.10554728749844,-561.2646186175743,3,(Sn0.67Bi0.33)1-xInx
EXP_0073,(Sn0.67Bi0.33)1-xInx,767,0.1634440075410718,0.5098,0.326755992458928,-771.0,-761.5237399959877,-9.47626000401226,76.95329059447431,-684.5704494015134,3,(Sn0.67Bi0.33)1-xInx
EXP_0074,(Sn0.67Bi0.33)1-xInx,767,0.1288346889307837,0.6136,0.2575653110692162,-767.4,-791.8794791632954,24.479479163295423,62.65512541284397,-729.2243537504514,3,(Sn0.67Bi0.33)1-xInx
EXP_0075,(Sn0.67Bi0.33)1-xInx,767,0.0994267708052787,0.7018,0.1987732291947212,-694.2,-732.7307715150952,38.530771515095125,34.248713086190946,-698.4820584289042,3,(Sn0.67Bi0.33)1-xInx
EXP_0076,(Sn0.67Bi0.33)1-xInx,767,0.0689852410449771,0.7931,0.1379147589550228,-545.3,-588.4773832772142,43.17738327721429,-10.889004307448886,-599.3663875846631,3,(Sn0.67Bi0.33)1-xInx
EXP_0077,(Sn0.67Bi0.33)1-xInx,767,0.0528809049286291,0.8414,0.1057190950713708,-450.5,-480.13862032970763,29.638620329707635,-41.240998691956975,-521.3796190216647,3,(Sn0.67Bi0.33)1-xInx
EXP_0078,(Sn0.67Bi0.33)1-xInx,767,0.0426448155130622,0.8721,0.0852551844869378,-383.7,-400.83650433778644,17.136504337786448,-62.86135259977891,-463.69785693756535,3,(Sn0.67Bi0.33)1-xInx
EXP_0079,(Sn0.67Bi0.33)1-xInx,767,0.0359430110422838,0.8922,0.0718569889577161,-338.4,-344.87509750216185,6.475097502161873,-77.99693996212363,-422.8720374642855,3,(Sn0.67Bi0.33)1-xInx
EXP_0080,(Sn0.67Bi0.33)1-xInx,767,0.0309083221115001,0.9073,0.0617916778884998,-290.4,-300.87305000290144,10.47305000290146,-89.87771756292796,-390.7507675658294,3,(Sn0.67Bi0.33)1-xInx
EXP_0081,(Sn0.67Bi0.33)1-xInx,813,0.2980135739294371,0.1062,0.5957864260705629,-92.74,-33.67145141118169,-59.0685485888183,-64.07443725127632,-97.74588866245801,3,(Sn0.67Bi0.33)1-xInx
EXP_0082,(Sn0.67Bi0.33)1-xInx,813,0.2613036897387557,0.2163,0.5223963102612443,-283.3,-255.07904586156064,-28.220954138439367,11.248169314796542,-243.8308765467641,3,(Sn0.67Bi0.33)1-xInx
EXP_0083,(Sn0.67Bi0.33)1-xInx,813,0.2319957985456504,0.3042,0.4638042014543495,-434.5,-445.2139695495892,10.713969549589194,54.674996772893564,-390.53897277669563,3,(Sn0.67Bi0.33)1-xInx
EXP_0084,(Sn0.67Bi0.33)1-xInx,813,0.1966196067869647,0.4103,0.3930803932130353,-615.8,-642.668790691529,26.868790691529057,87.33333788937716,-555.3354528021518,3,(Sn0.67Bi0.33)1-xInx
EXP_0085,(Sn0.67Bi0.33)1-xInx,813,0.1671783463506598,0.4986,0.3342216536493402,-747.8,-752.1982942509997,4.398294250999697,98.033730679771,-654.1645635712287,3,(Sn0.67Bi0.33)1-xInx
EXP_0086,(Sn0.67Bi0.33)1-xInx,813,0.1329357931591704,0.6013,0.2657642068408296,-748.3,-793.8051005951594,45.50510059515943,91.64798282844959,-702.1571177667098,3,(Sn0.67Bi0.33)1-xInx
EXP_0087,(Sn0.67Bi0.33)1-xInx,813,0.0986598976568812,0.7041,0.1972401023431188,-669.1,-730.1201027433362,61.020102743336224,64.9755328888109,-665.1445698545253,3,(Sn0.67Bi0.33)1-xInx
EXP_0088,(Sn0.67Bi0.33)1-xInx,813,0.0701522219229733,0.7896,0.1402477780770266,-521.1,-595.5022703883749,74.40227038837486,27.335994164337535,-568.1662762240373,3,(Sn0.67Bi0.33)1-xInx
EXP_0089,(Sn0.67Bi0.33)1-xInx,813,0.0542812819822245,0.8372,0.1085187180177753,-433.1,-490.3777612363586,57.27776123635857,0.2989488080193041,-490.0788124283393,3,(Sn0.67Bi0.33)1-xInx
EXP_0090,(Sn0.67Bi0.33)1-xInx,813,0.0436450848370589,0.8691,0.087254915162941,-360.5,-408.9221570923217,48.4221570923217,-20.255035653442064,-429.17719274576376,3,(Sn0.67Bi0.33)1-xInx
EXP_0091,(Sn0.67Bi0.33)1-xInx,813,0.0366098572582817,0.8902,0.0731901427417183,-308.9,-350.5796300705834,41.679630070583414,-34.92387767788841,-385.5035077484718,3,(Sn0.67Bi0.33)1-xInx
EXP_0092,(Sn0.67Bi0.33)1-xInx,813,0.0315751683274979,0.9053,0.063124831672502,-263.3,-306.794031959745,43.49403195974497,-45.94624279670779,-352.7402747564528,3,(Sn0.67Bi0.33)1-xInx
EXP_0093,(Sn0.67Bi0.33)1-xInx,855,0.2985137085914354,0.1047,0.5967862914085644,-64.32,-31.087159011766545,-33.23284098823345,-58.737620268222145,-89.82477927998869,3,(Sn0.67Bi0.33)1-xInx
EXP_0094,(Sn0.67Bi0.33)1-xInx,855,0.2625706975491516,0.2125,0.5249293024508483,-251.5,-246.80920919587095,-4.690790804129051,20.777396854752396,-226.03181234111855,3,(Sn0.67Bi0.33)1-xInx
EXP_0095,(Sn0.67Bi0.33)1-xInx,855,0.2332628063560463,0.3004,0.4663371936439536,-409.6,-437.2554988659731,27.655498865973072,69.09982289325671,-368.1556759727164,3,(Sn0.67Bi0.33)1-xInx
EXP_0096,(Sn0.67Bi0.33)1-xInx,855,0.2012875302989496,0.3963,0.4024124697010504,-575.1,-620.0786937552448,44.97869375524476,104.89874759575105,-515.1799461594937,3,(Sn0.67Bi0.33)1-xInx
EXP_0097,(Sn0.67Bi0.33)1-xInx,855,0.1632439536762725,0.5104,0.3263560463237274,-733.7,-761.9918674859347,28.29186748593463,124.48895513568095,-637.5029123502537,3,(Sn0.67Bi0.33)1-xInx
EXP_0098,(Sn0.67Bi0.33)1-xInx,855,0.1314353891731753,0.6058,0.2627646108268247,-731.7,-793.2780223093378,61.57802230933771,121.68155481747044,-671.5964674918673,3,(Sn0.67Bi0.33)1-xInx
EXP_0099,(Sn0.67Bi0.33)1-xInx,855,0.0979597091300834,0.7062,0.1958402908699164,-644.2,-727.6893108147347,83.48931081473461,99.85493565507022,-627.8343751596644,3,(Sn0.67Bi0.33)1-xInx
EXP_0100,(Sn0.67Bi0.33)1-xInx,855,0.0682850525181793,0.7952,0.1365149474818206,-485.3,-584.2074424524316,98.90744245243155,64.32422182113669,-519.8832206312949,3,(Sn0.67Bi0.33)1-xInx
EXP_0101,(Sn0.67Bi0.33)1-xInx,855,0.0524141125774306,0.8428,0.1047858874225693,-395.4,-476.69214567530224,81.29214567530227,39.079173795081715,-437.6129718802205,3,(Sn0.67Bi0.33)1-xInx
EXP_0102,(Sn0.67Bi0.33)1-xInx,855,0.0429782386210611,0.8711,0.0859217613789388,-328.5,-403.53959088972755,75.03959088972755,22.00797670854763,-381.5316141811799,3,(Sn0.67Bi0.33)1-xInx
EXP_0103,(Sn0.67Bi0.33)1-xInx,855,0.035876326420684,0.8924,0.0717236735793159,-267.3,-344.3030259777863,77.00302597778631,8.145111393117531,-336.1579145846688,3,(Sn0.67Bi0.33)1-xInx
EXP_0104,(Sn0.67Bi0.33)1-xInx,855,0.0309083221115001,0.9073,0.0617916778884998,-218.0,-300.87305000290144,82.87305000290144,-2.070193299131006,-302.94324330203244,3,(Sn0.67Bi0.33)1-xInx
