experiment,fold,model_data_regime,section,temperature_K,train_real_count,train_synthetic_count,test_count,MAE,RMSE,R2
benchmark,pooled,RKM (fixed),all,all,,,104,57.13448262044933,73.49030146253926,0.9510184815220255
benchmark,1,RKM (fixed),Bi-rich,all,0,0,34,88.38051661840439,105.90478263855415,0.9017527870685188
benchmark,2,RKM (fixed),Equiatomic,all,0,0,34,40.97924729982777,50.63292365922883,0.9655565606540853
benchmark,3,RKM (fixed),Sn-rich,all,0,0,36,42.88206164741219,50.87626505270902,0.9369218931891836
benchmark,pooled,RKM (fixed),all,767,,,35,72.76633743622888,93.73178836129833,0.9238925218715425
benchmark,pooled,RKM (fixed),all,813,,,34,51.144421622622616,64.55852250566572,0.9621262312486565
benchmark,pooled,RKM (fixed),all,855,,,35,47.32154420255862,56.69032599673481,0.9683462646310436
A,pooled,Real only,all,all,,,104,41.1032961807241,56.341493764658956,0.9712108461210771
A,1,Real only,Bi-rich,all,70,0,34,49.666351386132845,67.32422007357965,0.9602962292357361
A,2,Real only,Equiatomic,all,70,0,34,37.35367469891759,48.99595161304027,0.9677476848346326
A,3,Real only,Sn-rich,all,68,0,36,36.55727544176645,51.20943262189077,0.936093043404238
A,pooled,Real only,all,767,,,35,46.360874670757795,59.83685099023611,0.9689836288383433
A,pooled,Real only,all,813,,,34,41.261703807726214,55.33098815109597,0.9721792899035686
A,pooled,Real only,all,855,,,35,35.691835995888354,53.646067989172984,0.9716545830416924
B,pooled,Real + Dataset A,all,all,,,104,54.3230860367642,73.95336532573693,0.9503992697556759
B,1,Real + Dataset A,Bi-rich,all,70,4926,34,68.66777718864044,85.08104538020683,0.9365904417605924
B,2,Real + Dataset A,Equiatomic,all,70,4926,34,48.1693551266565,58.73187575982971,0.9536565625533522
B,3,Real + Dataset A,Sn-rich,all,68,4926,36,46.58717914176057,75.5327430510666,0.8609667350759852
B,pooled,Real + Dataset A,all,767,,,35,77.37023760264645,96.45512153882257,0.9194057403333655
B,pooled,Real + Dataset A,all,813,,,34,49.92495163270293,65.05485426213792,0.9615416387387421
B,pooled,Real + Dataset A,all,855,,,35,35.548407891970044,53.25630764532435,0.9720649685955658
D,pooled,Dataset A only,all,all,,,104,54.98612054792464,74.65363763329418,0.9494554731419164
D,1,Dataset A only,Bi-rich,all,0,4926,34,69.12685505051935,85.65248906872739,0.9357358054035677
D,2,Dataset A only,Equiatomic,all,0,4926,34,48.68909582305506,59.32069633247493,0.9527226656616228
D,3,Dataset A only,Sn-rich,all,0,4926,36,47.578172424517575,76.47244077599221,0.8574858091462656
D,pooled,Dataset A only,all,767,,,35,78.46652771914192,97.4583577889419,0.9177204887645911
D,pooled,Dataset A only,all,813,,,34,50.51367183049116,65.56387408118881,0.9609374515646594
D,pooled,Dataset A only,all,855,,,35,35.85037784507131,53.72455867254428,0.9715715768179721
C,not run,Real + Dataset B,all,all,,,,,,
