id,field,original_extracted_value,corrected_value,reason_for_correction,pdf_page_table_figure,confidence
EXP_0001,integral_mixing_enthalpy_J_per_mol,-380.4,-380.4,No numeric change. Minus sign taken from rendered Table III (PDF uses a minus/en-dash that text extraction maps to a replacement character).,"Table III, page 8100, Series 1",high
EXP_0001,xBi_xSn_reconstructed,xIn=0.098,"xBi=0.602102301790, xIn=0.098000000000, xSn=0.299897698210","xBi and xSn were not tabulated. Reconstructed from reported xIn and starting nBi, nSn so that xBi:xSn is the experimental bath ratio and xBi+xIn+xSn=1.","Table III header, Series 1",high
EXP_0002,integral_mixing_enthalpy_J_per_mol,-841.6,-841.6,No numeric change. Minus sign taken from rendered Table III (PDF uses a minus/en-dash that text extraction maps to a replacement character).,"Table III, page 8100, Series 1",high
EXP_0002,xBi_xSn_reconstructed,xIn=0.2133,"xBi=0.525137340153, xIn=0.213300000000, xSn=0.261562659847","xBi and xSn were not tabulated. Reconstructed from reported xIn and starting nBi, nSn so that xBi:xSn is the experimental bath ratio and xBi+xIn+xSn=1.","Table III header, Series 1",high
EXP_0003,integral_mixing_enthalpy_J_per_mol,-1142,-1142,No numeric change. Minus sign taken from rendered Table III (PDF uses a minus/en-dash that text extraction maps to a replacement character).,"Table III, page 8100, Series 1",high
EXP_0003,xBi_xSn_reconstructed,xIn=0.3081,"xBi=0.461856521739, xIn=0.308100000000, xSn=0.230043478261","xBi and xSn were not tabulated. Reconstructed from reported xIn and starting nBi, nSn so that xBi:xSn is the experimental bath ratio and xBi+xIn+xSn=1.","Table III header, Series 1",high
EXP_0004,integral_mixing_enthalpy_J_per_mol,-1346,-1346,No numeric change. Minus sign taken from rendered Table III (PDF uses a minus/en-dash that text extraction maps to a replacement character).,"Table III, page 8100, Series 1",high
EXP_0004,xBi_xSn_reconstructed,xIn=0.4103,"xBi=0.393636061381, xIn=0.410300000000, xSn=0.196063938619","xBi and xSn were not tabulated. Reconstructed from reported xIn and starting nBi, nSn so that xBi:xSn is the experimental bath ratio and xBi+xIn+xSn=1.","Table III header, Series 1",high
EXP_0005,integral_mixing_enthalpy_J_per_mol,-1413,-1413,No numeric change. Minus sign taken from rendered Table III (PDF uses a minus/en-dash that text extraction maps to a replacement character).,"Table III, page 8100, Series 1",high
EXP_0005,xBi_xSn_reconstructed,xIn=0.4942,"xBi=0.337631202046, xIn=0.494200000000, xSn=0.168168797954","xBi and xSn were not tabulated. Reconstructed from reported xIn and starting nBi, nSn so that xBi:xSn is the experimental bath ratio and xBi+xIn+xSn=1.","Table III header, Series 1",high
EXP_0006,integral_mixing_enthalpy_J_per_mol,-1389,-1389,No numeric change. Minus sign taken from rendered Table III (PDF uses a minus/en-dash that text extraction maps to a replacement character).,"Table III, page 8100, Series 1",high
EXP_0006,xBi_xSn_reconstructed,xIn=0.6026,"xBi=0.265272122762, xIn=0.602600000000, xSn=0.132127877238","xBi and xSn were not tabulated. Reconstructed from reported xIn and starting nBi, nSn so that xBi:xSn is the experimental bath ratio and xBi+xIn+xSn=1.","Table III header, Series 1",high
EXP_0007,integral_mixing_enthalpy_J_per_mol,-1227,-1227,No numeric change. Minus sign taken from rendered Table III (PDF uses a minus/en-dash that text extraction maps to a replacement character).,"Table III, page 8100, Series 1",high
EXP_0007,xBi_xSn_reconstructed,xIn=0.7103,"xBi=0.193380306905, xIn=0.710300000000, xSn=0.096319693095","xBi and xSn were not tabulated. Reconstructed from reported xIn and starting nBi, nSn so that xBi:xSn is the experimental bath ratio and xBi+xIn+xSn=1.","Table III header, Series 1",high
EXP_0008,integral_mixing_enthalpy_J_per_mol,-959.0,-959.0,No numeric change. Minus sign taken from rendered Table III (PDF uses a minus/en-dash that text extraction maps to a replacement character).,"Table III, page 8100, Series 1",high
EXP_0008,xBi_xSn_reconstructed,xIn=0.8075,"xBi=0.128497442455, xIn=0.807500000000, xSn=0.064002557545","xBi and xSn were not tabulated. Reconstructed from reported xIn and starting nBi, nSn so that xBi:xSn is the experimental bath ratio and xBi+xIn+xSn=1.","Table III header, Series 1",high
EXP_0009,integral_mixing_enthalpy_J_per_mol,-792.5,-792.5,No numeric change. Minus sign taken from rendered Table III (PDF uses a minus/en-dash that text extraction maps to a replacement character).,"Table III, page 8100, Series 1",high
EXP_0009,xBi_xSn_reconstructed,xIn=0.8552,"xBi=0.096656777494, xIn=0.855200000000, xSn=0.048143222506","xBi and xSn were not tabulated. Reconstructed from reported xIn and starting nBi, nSn so that xBi:xSn is the experimental bath ratio and xBi+xIn+xSn=1.","Table III header, Series 1",high
EXP_0010,integral_mixing_enthalpy_J_per_mol,-656.3,-656.3,No numeric change. Minus sign taken from rendered Table III (PDF uses a minus/en-dash that text extraction maps to a replacement character).,"Table III, page 8100, Series 1",high
EXP_0010,xBi_xSn_reconstructed,xIn=0.8844,"xBi=0.077165217391, xIn=0.884400000000, xSn=0.038434782609","xBi and xSn were not tabulated. Reconstructed from reported xIn and starting nBi, nSn so that xBi:xSn is the experimental bath ratio and xBi+xIn+xSn=1.","Table III header, Series 1",high
EXP_0011,integral_mixing_enthalpy_J_per_mol,-565.5,-565.5,No numeric change. Minus sign taken from rendered Table III (PDF uses a minus/en-dash that text extraction maps to a replacement character).,"Table III, page 8100, Series 1",high
EXP_0011,xBi_xSn_reconstructed,xIn=0.9037,"xBi=0.064282097187, xIn=0.903700000000, xSn=0.032017902813","xBi and xSn were not tabulated. Reconstructed from reported xIn and starting nBi, nSn so that xBi:xSn is the experimental bath ratio and xBi+xIn+xSn=1.","Table III header, Series 1",high
EXP_0012,integral_mixing_enthalpy_J_per_mol,-343.5,-343.5,No numeric change. Minus sign taken from rendered Table III (PDF uses a minus/en-dash that text extraction maps to a replacement character).,"Table III, page 8100, Series 2",high
EXP_0012,xBi_xSn_reconstructed,xIn=0.1035,"xBi=0.598430946292, xIn=0.103500000000, xSn=0.298069053708","xBi and xSn were not tabulated. Reconstructed from reported xIn and starting nBi, nSn so that xBi:xSn is the experimental bath ratio and xBi+xIn+xSn=1.","Table III header, Series 2",high
EXP_0013,integral_mixing_enthalpy_J_per_mol,-758.4,-758.4,No numeric change. Minus sign taken from rendered Table III (PDF uses a minus/en-dash that text extraction maps to a replacement character).,"Table III, page 8100, Series 2",high
EXP_0013,xBi_xSn_reconstructed,xIn=0.2099,"xBi=0.527406905371, xIn=0.209900000000, xSn=0.262693094629","xBi and xSn were not tabulated. Reconstructed from reported xIn and starting nBi, nSn so that xBi:xSn is the experimental bath ratio and xBi+xIn+xSn=1.","Table III header, Series 2",high
EXP_0014,integral_mixing_enthalpy_J_per_mol,-1050,-1050,No numeric change. Minus sign taken from rendered Table III (PDF uses a minus/en-dash that text extraction maps to a replacement character).,"Table III, page 8100, Series 2",high
EXP_0014,xBi_xSn_reconstructed,xIn=0.298,"xBi=0.468598465473, xIn=0.298000000000, xSn=0.233401534527","xBi and xSn were not tabulated. Reconstructed from reported xIn and starting nBi, nSn so that xBi:xSn is the experimental bath ratio and xBi+xIn+xSn=1.","Table III header, Series 2",high
EXP_0015,integral_mixing_enthalpy_J_per_mol,-1304,-1304,No numeric change. Minus sign taken from rendered Table III (PDF uses a minus/en-dash that text extraction maps to a replacement character).,"Table III, page 8100, Series 2",high
EXP_0015,xBi_xSn_reconstructed,xIn=0.4195,"xBi=0.387494884910, xIn=0.419500000000, xSn=0.193005115090","xBi and xSn were not tabulated. Reconstructed from reported xIn and starting nBi, nSn so that xBi:xSn is the experimental bath ratio and xBi+xIn+xSn=1.","Table III header, Series 2",high
EXP_0016,integral_mixing_enthalpy_J_per_mol,-1366,-1366,No numeric change. Minus sign taken from rendered Table III (PDF uses a minus/en-dash that text extraction maps to a replacement character).,"Table III, page 8100, Series 2",high
EXP_0016,xBi_xSn_reconstructed,xIn=0.5006,"xBi=0.333359079284, xIn=0.500600000000, xSn=0.166040920716","xBi and xSn were not tabulated. Reconstructed from reported xIn and starting nBi, nSn so that xBi:xSn is the experimental bath ratio and xBi+xIn+xSn=1.","Table III header, Series 2",high
EXP_0017,integral_mixing_enthalpy_J_per_mol,-1307,-1307,No numeric change. Minus sign taken from rendered Table III (PDF uses a minus/en-dash that text extraction maps to a replacement character).,"Table III, page 8100, Series 2",high
EXP_0017,xBi_xSn_reconstructed,xIn=0.6211,"xBi=0.252923017903, xIn=0.621100000000, xSn=0.125976982097","xBi and xSn were not tabulated. Reconstructed from reported xIn and starting nBi, nSn so that xBi:xSn is the experimental bath ratio and xBi+xIn+xSn=1.","Table III header, Series 2",high
EXP_0018,integral_mixing_enthalpy_J_per_mol,-1173,-1173,No numeric change. Minus sign taken from rendered Table III (PDF uses a minus/en-dash that text extraction maps to a replacement character).,"Table III, page 8100, Series 2",high
EXP_0018,xBi_xSn_reconstructed,xIn=0.705,"xBi=0.196918158568, xIn=0.705000000000, xSn=0.098081841432","xBi and xSn were not tabulated. Reconstructed from reported xIn and starting nBi, nSn so that xBi:xSn is the experimental bath ratio and xBi+xIn+xSn=1.","Table III header, Series 2",high
EXP_0019,integral_mixing_enthalpy_J_per_mol,-926.4,-926.4,No numeric change. Minus sign taken from rendered Table III (PDF uses a minus/en-dash that text extraction maps to a replacement character).,"Table III, page 8100, Series 2",high
EXP_0019,xBi_xSn_reconstructed,xIn=0.8012,"xBi=0.132702813299, xIn=0.801200000000, xSn=0.066097186701","xBi and xSn were not tabulated. Reconstructed from reported xIn and starting nBi, nSn so that xBi:xSn is the experimental bath ratio and xBi+xIn+xSn=1.","Table III header, Series 2",high
EXP_0020,integral_mixing_enthalpy_J_per_mol,-737.7,-737.7,No numeric change. Minus sign taken from rendered Table III (PDF uses a minus/en-dash that text extraction maps to a replacement character).,"Table III, page 8100, Series 2",high
EXP_0020,xBi_xSn_reconstructed,xIn=0.8515,"xBi=0.099126598465, xIn=0.851500000000, xSn=0.049373401535","xBi and xSn were not tabulated. Reconstructed from reported xIn and starting nBi, nSn so that xBi:xSn is the experimental bath ratio and xBi+xIn+xSn=1.","Table III header, Series 2",high
EXP_0021,integral_mixing_enthalpy_J_per_mol,-606.6,-606.6,No numeric change. Minus sign taken from rendered Table III (PDF uses a minus/en-dash that text extraction maps to a replacement character).,"Table III, page 8100, Series 2",high
EXP_0021,xBi_xSn_reconstructed,xIn=0.8821,"xBi=0.078700511509, xIn=0.882100000000, xSn=0.039199488491","xBi and xSn were not tabulated. Reconstructed from reported xIn and starting nBi, nSn so that xBi:xSn is the experimental bath ratio and xBi+xIn+xSn=1.","Table III header, Series 2",high
EXP_0022,integral_mixing_enthalpy_J_per_mol,-518.0,-518.0,No numeric change. Minus sign taken from rendered Table III (PDF uses a minus/en-dash that text extraction maps to a replacement character).,"Table III, page 8100, Series 2",high
EXP_0022,xBi_xSn_reconstructed,xIn=0.9021,"xBi=0.065350127877, xIn=0.902100000000, xSn=0.032549872123","xBi and xSn were not tabulated. Reconstructed from reported xIn and starting nBi, nSn so that xBi:xSn is the experimental bath ratio and xBi+xIn+xSn=1.","Table III header, Series 2",high
EXP_0023,integral_mixing_enthalpy_J_per_mol,-295.1,-295.1,No numeric change. Minus sign taken from rendered Table III (PDF uses a minus/en-dash that text extraction maps to a replacement character).,"Table III, page 8100, Series 3",high
EXP_0023,xBi_xSn_reconstructed,xIn=0.0999,"xBi=0.600834015345, xIn=0.099900000000, xSn=0.299265984655","xBi and xSn were not tabulated. Reconstructed from reported xIn and starting nBi, nSn so that xBi:xSn is the experimental bath ratio and xBi+xIn+xSn=1.","Table III header, Series 3",high
EXP_0024,integral_mixing_enthalpy_J_per_mol,-658.9,-658.9,No numeric change. Minus sign taken from rendered Table III (PDF uses a minus/en-dash that text extraction maps to a replacement character).,"Table III, page 8100, Series 3",high
EXP_0024,xBi_xSn_reconstructed,xIn=0.1994,"xBi=0.534415856777, xIn=0.199400000000, xSn=0.266184143223","xBi and xSn were not tabulated. Reconstructed from reported xIn and starting nBi, nSn so that xBi:xSn is the experimental bath ratio and xBi+xIn+xSn=1.","Table III header, Series 3",high
EXP_0025,integral_mixing_enthalpy_J_per_mol,-1014,-1014,No numeric change. Minus sign taken from rendered Table III (PDF uses a minus/en-dash that text extraction maps to a replacement character).,"Table III, page 8100, Series 3",high
EXP_0025,xBi_xSn_reconstructed,xIn=0.3104,"xBi=0.460321227621, xIn=0.310400000000, xSn=0.229278772379","xBi and xSn were not tabulated. Reconstructed from reported xIn and starting nBi, nSn so that xBi:xSn is the experimental bath ratio and xBi+xIn+xSn=1.","Table III header, Series 3",high
EXP_0026,integral_mixing_enthalpy_J_per_mol,-1221,-1221,No numeric change. Minus sign taken from rendered Table III (PDF uses a minus/en-dash that text extraction maps to a replacement character).,"Table III, page 8100, Series 3",high
EXP_0026,xBi_xSn_reconstructed,xIn=0.4215,"xBi=0.386159846547, xIn=0.421500000000, xSn=0.192340153453","xBi and xSn were not tabulated. Reconstructed from reported xIn and starting nBi, nSn so that xBi:xSn is the experimental bath ratio and xBi+xIn+xSn=1.","Table III header, Series 3",high
EXP_0027,integral_mixing_enthalpy_J_per_mol,-1295,-1295,No numeric change. Minus sign taken from rendered Table III (PDF uses a minus/en-dash that text extraction maps to a replacement character).,"Table III, page 8100, Series 3",high
EXP_0027,xBi_xSn_reconstructed,xIn=0.5105,"xBi=0.326750639386, xIn=0.510500000000, xSn=0.162749360614","xBi and xSn were not tabulated. Reconstructed from reported xIn and starting nBi, nSn so that xBi:xSn is the experimental bath ratio and xBi+xIn+xSn=1.","Table III header, Series 3",high
EXP_0028,integral_mixing_enthalpy_J_per_mol,-1253,-1253,No numeric change. Minus sign taken from rendered Table III (PDF uses a minus/en-dash that text extraction maps to a replacement character).,"Table III, page 8100, Series 3",high
EXP_0028,xBi_xSn_reconstructed,xIn=0.6083,"xBi=0.261467263427, xIn=0.608300000000, xSn=0.130232736573","xBi and xSn were not tabulated. Reconstructed from reported xIn and starting nBi, nSn so that xBi:xSn is the experimental bath ratio and xBi+xIn+xSn=1.","Table III header, Series 3",high
EXP_0029,integral_mixing_enthalpy_J_per_mol,-1094,-1094,No numeric change. Minus sign taken from rendered Table III (PDF uses a minus/en-dash that text extraction maps to a replacement character).,"Table III, page 8100, Series 3",high
EXP_0029,xBi_xSn_reconstructed,xIn=0.7103,"xBi=0.193380306905, xIn=0.710300000000, xSn=0.096319693095","xBi and xSn were not tabulated. Reconstructed from reported xIn and starting nBi, nSn so that xBi:xSn is the experimental bath ratio and xBi+xIn+xSn=1.","Table III header, Series 3",high
EXP_0030,integral_mixing_enthalpy_J_per_mol,-871.9,-871.9,No numeric change. Minus sign taken from rendered Table III (PDF uses a minus/en-dash that text extraction maps to a replacement character).,"Table III, page 8100, Series 3",high
EXP_0030,xBi_xSn_reconstructed,xIn=0.7954,"xBi=0.136574424552, xIn=0.795400000000, xSn=0.068025575448","xBi and xSn were not tabulated. Reconstructed from reported xIn and starting nBi, nSn so that xBi:xSn is the experimental bath ratio and xBi+xIn+xSn=1.","Table III header, Series 3",high
EXP_0031,integral_mixing_enthalpy_J_per_mol,-716.4,-716.4,No numeric change. Minus sign taken from rendered Table III (PDF uses a minus/en-dash that text extraction maps to a replacement character).,"Table III, page 8100, Series 3",high
EXP_0031,xBi_xSn_reconstructed,xIn=0.8431,"xBi=0.104733759591, xIn=0.843100000000, xSn=0.052166240409","xBi and xSn were not tabulated. Reconstructed from reported xIn and starting nBi, nSn so that xBi:xSn is the experimental bath ratio and xBi+xIn+xSn=1.","Table III header, Series 3",high
EXP_0032,integral_mixing_enthalpy_J_per_mol,-603.6,-603.6,No numeric change. Minus sign taken from rendered Table III (PDF uses a minus/en-dash that text extraction maps to a replacement character).,"Table III, page 8100, Series 3",high
EXP_0032,xBi_xSn_reconstructed,xIn=0.8692,"xBi=0.087311508951, xIn=0.869200000000, xSn=0.043488491049","xBi and xSn were not tabulated. Reconstructed from reported xIn and starting nBi, nSn so that xBi:xSn is the experimental bath ratio and xBi+xIn+xSn=1.","Table III header, Series 3",high
EXP_0033,integral_mixing_enthalpy_J_per_mol,-524.9,-524.9,No numeric change. Minus sign taken from rendered Table III (PDF uses a minus/en-dash that text extraction maps to a replacement character).,"Table III, page 8100, Series 3",high
EXP_0033,xBi_xSn_reconstructed,xIn=0.889,"xBi=0.074094629156, xIn=0.889000000000, xSn=0.036905370844","xBi and xSn were not tabulated. Reconstructed from reported xIn and starting nBi, nSn so that xBi:xSn is the experimental bath ratio and xBi+xIn+xSn=1.","Table III header, Series 3",high
EXP_0034,integral_mixing_enthalpy_J_per_mol,-449.5,-449.5,No numeric change. Minus sign taken from rendered Table III (PDF uses a minus/en-dash that text extraction maps to a replacement character).,"Table III, page 8100, Series 3",high
EXP_0034,xBi_xSn_reconstructed,xIn=0.9033,"xBi=0.064549104859, xIn=0.903300000000, xSn=0.032150895141","xBi and xSn were not tabulated. Reconstructed from reported xIn and starting nBi, nSn so that xBi:xSn is the experimental bath ratio and xBi+xIn+xSn=1.","Table III header, Series 3",high
EXP_0035,integral_mixing_enthalpy_J_per_mol,-250.0,-250.0,No numeric change. Minus sign taken from rendered Table III (PDF uses a minus/en-dash that text extraction maps to a replacement character).,"Table III, page 8101, Series 4",high
EXP_0035,xBi_xSn_reconstructed,xIn=0.1065,"xBi=0.446750000000, xIn=0.106500000000, xSn=0.446750000000","xBi and xSn were not tabulated. Reconstructed from reported xIn and starting nBi, nSn so that xBi:xSn is the experimental bath ratio and xBi+xIn+xSn=1.","Table III header, Series 4",high
EXP_0036,integral_mixing_enthalpy_J_per_mol,-490.0,-490.0,No numeric change. Minus sign taken from rendered Table III (PDF uses a minus/en-dash that text extraction maps to a replacement character).,"Table III, page 8101, Series 4",high
EXP_0036,xBi_xSn_reconstructed,xIn=0.1997,"xBi=0.400150000000, xIn=0.199700000000, xSn=0.400150000000","xBi and xSn were not tabulated. Reconstructed from reported xIn and starting nBi, nSn so that xBi:xSn is the experimental bath ratio and xBi+xIn+xSn=1.","Table III header, Series 4",high
EXP_0037,integral_mixing_enthalpy_J_per_mol,-725.3,-725.3,No numeric change. Minus sign taken from rendered Table III (PDF uses a minus/en-dash that text extraction maps to a replacement character).,"Table III, page 8101, Series 4",high
EXP_0037,xBi_xSn_reconstructed,xIn=0.3015,"xBi=0.349250000000, xIn=0.301500000000, xSn=0.349250000000","xBi and xSn were not tabulated. Reconstructed from reported xIn and starting nBi, nSn so that xBi:xSn is the experimental bath ratio and xBi+xIn+xSn=1.","Table III header, Series 4",high
EXP_0038,integral_mixing_enthalpy_J_per_mol,-978.1,-978.1,No numeric change. Minus sign taken from rendered Table III (PDF uses a minus/en-dash that text extraction maps to a replacement character).,"Table III, page 8101, Series 4",high
EXP_0038,xBi_xSn_reconstructed,xIn=0.4211,"xBi=0.289450000000, xIn=0.421100000000, xSn=0.289450000000","xBi and xSn were not tabulated. Reconstructed from reported xIn and starting nBi, nSn so that xBi:xSn is the experimental bath ratio and xBi+xIn+xSn=1.","Table III header, Series 4",high
EXP_0039,integral_mixing_enthalpy_J_per_mol,-1063,-1063,No numeric change. Minus sign taken from rendered Table III (PDF uses a minus/en-dash that text extraction maps to a replacement character).,"Table III, page 8101, Series 4",high
EXP_0039,xBi_xSn_reconstructed,xIn=0.513,"xBi=0.243500000000, xIn=0.513000000000, xSn=0.243500000000","xBi and xSn were not tabulated. Reconstructed from reported xIn and starting nBi, nSn so that xBi:xSn is the experimental bath ratio and xBi+xIn+xSn=1.","Table III header, Series 4",high
EXP_0040,integral_mixing_enthalpy_J_per_mol,-1091,-1091,No numeric change. Minus sign taken from rendered Table III (PDF uses a minus/en-dash that text extraction maps to a replacement character).,"Table III, page 8101, Series 4",high
EXP_0040,xBi_xSn_reconstructed,xIn=0.609,"xBi=0.195500000000, xIn=0.609000000000, xSn=0.195500000000","xBi and xSn were not tabulated. Reconstructed from reported xIn and starting nBi, nSn so that xBi:xSn is the experimental bath ratio and xBi+xIn+xSn=1.","Table III header, Series 4",high
EXP_0041,integral_mixing_enthalpy_J_per_mol,-984.0,-984.0,No numeric change. Minus sign taken from rendered Table III (PDF uses a minus/en-dash that text extraction maps to a replacement character).,"Table III, page 8101, Series 4",high
EXP_0041,xBi_xSn_reconstructed,xIn=0.6993,"xBi=0.150350000000, xIn=0.699300000000, xSn=0.150350000000","xBi and xSn were not tabulated. Reconstructed from reported xIn and starting nBi, nSn so that xBi:xSn is the experimental bath ratio and xBi+xIn+xSn=1.","Table III header, Series 4",high
EXP_0042,integral_mixing_enthalpy_J_per_mol,-781.9,-781.9,No numeric change. Minus sign taken from rendered Table III (PDF uses a minus/en-dash that text extraction maps to a replacement character).,"Table III, page 8101, Series 4",high
EXP_0042,xBi_xSn_reconstructed,xIn=0.7971,"xBi=0.101450000000, xIn=0.797100000000, xSn=0.101450000000","xBi and xSn were not tabulated. Reconstructed from reported xIn and starting nBi, nSn so that xBi:xSn is the experimental bath ratio and xBi+xIn+xSn=1.","Table III header, Series 4",high
EXP_0043,integral_mixing_enthalpy_J_per_mol,-638.5,-638.5,No numeric change. Minus sign taken from rendered Table III (PDF uses a minus/en-dash that text extraction maps to a replacement character).,"Table III, page 8101, Series 4",high
EXP_0043,xBi_xSn_reconstructed,xIn=0.8462,"xBi=0.076900000000, xIn=0.846200000000, xSn=0.076900000000","xBi and xSn were not tabulated. Reconstructed from reported xIn and starting nBi, nSn so that xBi:xSn is the experimental bath ratio and xBi+xIn+xSn=1.","Table III header, Series 4",high
EXP_0044,integral_mixing_enthalpy_J_per_mol,-521.9,-521.9,No numeric change. Minus sign taken from rendered Table III (PDF uses a minus/en-dash that text extraction maps to a replacement character).,"Table III, page 8101, Series 4",high
EXP_0044,xBi_xSn_reconstructed,xIn=0.8765,"xBi=0.061750000000, xIn=0.876500000000, xSn=0.061750000000","xBi and xSn were not tabulated. Reconstructed from reported xIn and starting nBi, nSn so that xBi:xSn is the experimental bath ratio and xBi+xIn+xSn=1.","Table III header, Series 4",high
EXP_0045,integral_mixing_enthalpy_J_per_mol,-447.2,-447.2,No numeric change. Minus sign taken from rendered Table III (PDF uses a minus/en-dash that text extraction maps to a replacement character).,"Table III, page 8101, Series 4",high
EXP_0045,xBi_xSn_reconstructed,xIn=0.8952,"xBi=0.052400000000, xIn=0.895200000000, xSn=0.052400000000","xBi and xSn were not tabulated. Reconstructed from reported xIn and starting nBi, nSn so that xBi:xSn is the experimental bath ratio and xBi+xIn+xSn=1.","Table III header, Series 4",high
EXP_0046,integral_mixing_enthalpy_J_per_mol,-398.7,-398.7,No numeric change. Minus sign taken from rendered Table III (PDF uses a minus/en-dash that text extraction maps to a replacement character).,"Table III, page 8101, Series 4",high
EXP_0046,xBi_xSn_reconstructed,xIn=0.9071,"xBi=0.046450000000, xIn=0.907100000000, xSn=0.046450000000","xBi and xSn were not tabulated. Reconstructed from reported xIn and starting nBi, nSn so that xBi:xSn is the experimental bath ratio and xBi+xIn+xSn=1.","Table III header, Series 4",high
EXP_0047,integral_mixing_enthalpy_J_per_mol,-183.7,-183.7,No numeric change. Minus sign taken from rendered Table III (PDF uses a minus/en-dash that text extraction maps to a replacement character).,"Table III, page 8101, Series 5",high
EXP_0047,xBi_xSn_reconstructed,xIn=0.0953,"xBi=0.452350000000, xIn=0.095300000000, xSn=0.452350000000","xBi and xSn were not tabulated. Reconstructed from reported xIn and starting nBi, nSn so that xBi:xSn is the experimental bath ratio and xBi+xIn+xSn=1.","Table III header, Series 5",high
EXP_0048,integral_mixing_enthalpy_J_per_mol,-454.8,-454.8,No numeric change. Minus sign taken from rendered Table III (PDF uses a minus/en-dash that text extraction maps to a replacement character).,"Table III, page 8101, Series 5",high
EXP_0048,xBi_xSn_reconstructed,xIn=0.2063,"xBi=0.396850000000, xIn=0.206300000000, xSn=0.396850000000","xBi and xSn were not tabulated. Reconstructed from reported xIn and starting nBi, nSn so that xBi:xSn is the experimental bath ratio and xBi+xIn+xSn=1.","Table III header, Series 5",high
EXP_0049,integral_mixing_enthalpy_J_per_mol,-709.4,-709.4,No numeric change. Minus sign taken from rendered Table III (PDF uses a minus/en-dash that text extraction maps to a replacement character).,"Table III, page 8101, Series 5",high
EXP_0049,xBi_xSn_reconstructed,xIn=0.3114,"xBi=0.344300000000, xIn=0.311400000000, xSn=0.344300000000","xBi and xSn were not tabulated. Reconstructed from reported xIn and starting nBi, nSn so that xBi:xSn is the experimental bath ratio and xBi+xIn+xSn=1.","Table III header, Series 5",high
EXP_0050,integral_mixing_enthalpy_J_per_mol,-906.3,-906.3,No numeric change. Minus sign taken from rendered Table III (PDF uses a minus/en-dash that text extraction maps to a replacement character).,"Table III, page 8101, Series 5",high
EXP_0050,xBi_xSn_reconstructed,xIn=0.4038,"xBi=0.298100000000, xIn=0.403800000000, xSn=0.298100000000","xBi and xSn were not tabulated. Reconstructed from reported xIn and starting nBi, nSn so that xBi:xSn is the experimental bath ratio and xBi+xIn+xSn=1.","Table III header, Series 5",high
EXP_0051,integral_mixing_enthalpy_J_per_mol,-1017,-1017,No numeric change. Minus sign taken from rendered Table III (PDF uses a minus/en-dash that text extraction maps to a replacement character).,"Table III, page 8101, Series 5",high
EXP_0051,xBi_xSn_reconstructed,xIn=0.4982,"xBi=0.250900000000, xIn=0.498200000000, xSn=0.250900000000","xBi and xSn were not tabulated. Reconstructed from reported xIn and starting nBi, nSn so that xBi:xSn is the experimental bath ratio and xBi+xIn+xSn=1.","Table III header, Series 5",high
EXP_0052,integral_mixing_enthalpy_J_per_mol,-1066,-1066,No numeric change. Minus sign taken from rendered Table III (PDF uses a minus/en-dash that text extraction maps to a replacement character).,"Table III, page 8101, Series 5",high
EXP_0052,xBi_xSn_reconstructed,xIn=0.6044,"xBi=0.197800000000, xIn=0.604400000000, xSn=0.197800000000","xBi and xSn were not tabulated. Reconstructed from reported xIn and starting nBi, nSn so that xBi:xSn is the experimental bath ratio and xBi+xIn+xSn=1.","Table III header, Series 5",high
EXP_0053,integral_mixing_enthalpy_J_per_mol,-911.9,-911.9,No numeric change. Minus sign taken from rendered Table III (PDF uses a minus/en-dash that text extraction maps to a replacement character).,"Table III, page 8101, Series 5",high
EXP_0053,xBi_xSn_reconstructed,xIn=0.7132,"xBi=0.143400000000, xIn=0.713200000000, xSn=0.143400000000","xBi and xSn were not tabulated. Reconstructed from reported xIn and starting nBi, nSn so that xBi:xSn is the experimental bath ratio and xBi+xIn+xSn=1.","Table III header, Series 5",high
EXP_0054,integral_mixing_enthalpy_J_per_mol,-729.4,-729.4,No numeric change. Minus sign taken from rendered Table III (PDF uses a minus/en-dash that text extraction maps to a replacement character).,"Table III, page 8101, Series 5",high
EXP_0054,xBi_xSn_reconstructed,xIn=0.8046,"xBi=0.097700000000, xIn=0.804600000000, xSn=0.097700000000","xBi and xSn were not tabulated. Reconstructed from reported xIn and starting nBi, nSn so that xBi:xSn is the experimental bath ratio and xBi+xIn+xSn=1.","Table III header, Series 5",high
EXP_0055,integral_mixing_enthalpy_J_per_mol,-565.3,-565.3,No numeric change. Minus sign taken from rendered Table III (PDF uses a minus/en-dash that text extraction maps to a replacement character).,"Table III, page 8101, Series 5",high
EXP_0055,xBi_xSn_reconstructed,xIn=0.8515,"xBi=0.074250000000, xIn=0.851500000000, xSn=0.074250000000","xBi and xSn were not tabulated. Reconstructed from reported xIn and starting nBi, nSn so that xBi:xSn is the experimental bath ratio and xBi+xIn+xSn=1.","Table III header, Series 5",high
EXP_0056,integral_mixing_enthalpy_J_per_mol,-457.4,-457.4,No numeric change. Minus sign taken from rendered Table III (PDF uses a minus/en-dash that text extraction maps to a replacement character).,"Table III, page 8101, Series 5",high
EXP_0056,xBi_xSn_reconstructed,xIn=0.8823,"xBi=0.058850000000, xIn=0.882300000000, xSn=0.058850000000","xBi and xSn were not tabulated. Reconstructed from reported xIn and starting nBi, nSn so that xBi:xSn is the experimental bath ratio and xBi+xIn+xSn=1.","Table III header, Series 5",high
EXP_0057,integral_mixing_enthalpy_J_per_mol,-383.4,-383.4,No numeric change. Minus sign taken from rendered Table III (PDF uses a minus/en-dash that text extraction maps to a replacement character).,"Table III, page 8101, Series 5",high
EXP_0057,xBi_xSn_reconstructed,xIn=0.8999,"xBi=0.050050000000, xIn=0.899900000000, xSn=0.050050000000","xBi and xSn were not tabulated. Reconstructed from reported xIn and starting nBi, nSn so that xBi:xSn is the experimental bath ratio and xBi+xIn+xSn=1.","Table III header, Series 5",high
EXP_0058,integral_mixing_enthalpy_J_per_mol,-168.2,-168.2,No numeric change. Minus sign taken from rendered Table III (PDF uses a minus/en-dash that text extraction maps to a replacement character).,"Table III, page 8101, Series 6",high
EXP_0058,xBi_xSn_reconstructed,xIn=0.1013,"xBi=0.449350000000, xIn=0.101300000000, xSn=0.449350000000","xBi and xSn were not tabulated. Reconstructed from reported xIn and starting nBi, nSn so that xBi:xSn is the experimental bath ratio and xBi+xIn+xSn=1.","Table III header, Series 6",high
EXP_0059,integral_mixing_enthalpy_J_per_mol,-409.9,-409.9,No numeric change. Minus sign taken from rendered Table III (PDF uses a minus/en-dash that text extraction maps to a replacement character).,"Table III, page 8101, Series 6",high
EXP_0059,xBi_xSn_reconstructed,xIn=0.2018,"xBi=0.399100000000, xIn=0.201800000000, xSn=0.399100000000","xBi and xSn were not tabulated. Reconstructed from reported xIn and starting nBi, nSn so that xBi:xSn is the experimental bath ratio and xBi+xIn+xSn=1.","Table III header, Series 6",high
EXP_0060,integral_mixing_enthalpy_J_per_mol,-632.3,-632.3,No numeric change. Minus sign taken from rendered Table III (PDF uses a minus/en-dash that text extraction maps to a replacement character).,"Table III, page 8101, Series 6",high
EXP_0060,xBi_xSn_reconstructed,xIn=0.2988,"xBi=0.350600000000, xIn=0.298800000000, xSn=0.350600000000","xBi and xSn were not tabulated. Reconstructed from reported xIn and starting nBi, nSn so that xBi:xSn is the experimental bath ratio and xBi+xIn+xSn=1.","Table III header, Series 6",high
EXP_0061,integral_mixing_enthalpy_J_per_mol,-871.9,-871.9,No numeric change. Minus sign taken from rendered Table III (PDF uses a minus/en-dash that text extraction maps to a replacement character).,"Table III, page 8101, Series 6",high
EXP_0061,xBi_xSn_reconstructed,xIn=0.4031,"xBi=0.298450000000, xIn=0.403100000000, xSn=0.298450000000","xBi and xSn were not tabulated. Reconstructed from reported xIn and starting nBi, nSn so that xBi:xSn is the experimental bath ratio and xBi+xIn+xSn=1.","Table III header, Series 6",high
EXP_0062,integral_mixing_enthalpy_J_per_mol,-1001.4,-1001.4,No numeric change. Minus sign taken from rendered Table III (PDF uses a minus/en-dash that text extraction maps to a replacement character).,"Table III, page 8101, Series 6",high
EXP_0062,xBi_xSn_reconstructed,xIn=0.5213,"xBi=0.239350000000, xIn=0.521300000000, xSn=0.239350000000","xBi and xSn were not tabulated. Reconstructed from reported xIn and starting nBi, nSn so that xBi:xSn is the experimental bath ratio and xBi+xIn+xSn=1.","Table III header, Series 6",high
EXP_0063,integral_mixing_enthalpy_J_per_mol,-1009,-1009,No numeric change. Minus sign taken from rendered Table III (PDF uses a minus/en-dash that text extraction maps to a replacement character).,"Table III, page 8101, Series 6",high
EXP_0063,xBi_xSn_reconstructed,xIn=0.6132,"xBi=0.193400000000, xIn=0.613200000000, xSn=0.193400000000","xBi and xSn were not tabulated. Reconstructed from reported xIn and starting nBi, nSn so that xBi:xSn is the experimental bath ratio and xBi+xIn+xSn=1.","Table III header, Series 6",high
EXP_0064,integral_mixing_enthalpy_J_per_mol,-795.7,-795.7,No numeric change. Minus sign taken from rendered Table III (PDF uses a minus/en-dash that text extraction maps to a replacement character).,"Table III, page 8101, Series 6",high
EXP_0064,xBi_xSn_reconstructed,xIn=0.7585,"xBi=0.120750000000, xIn=0.758500000000, xSn=0.120750000000","xBi and xSn were not tabulated. Reconstructed from reported xIn and starting nBi, nSn so that xBi:xSn is the experimental bath ratio and xBi+xIn+xSn=1.","Table III header, Series 6",high
EXP_0065,integral_mixing_enthalpy_J_per_mol,-596.2,-596.2,No numeric change. Minus sign taken from rendered Table III (PDF uses a minus/en-dash that text extraction maps to a replacement character).,"Table III, page 8101, Series 6",high
EXP_0065,xBi_xSn_reconstructed,xIn=0.8264,"xBi=0.086800000000, xIn=0.826400000000, xSn=0.086800000000","xBi and xSn were not tabulated. Reconstructed from reported xIn and starting nBi, nSn so that xBi:xSn is the experimental bath ratio and xBi+xIn+xSn=1.","Table III header, Series 6",high
EXP_0066,integral_mixing_enthalpy_J_per_mol,-480.0,-480.0,No numeric change. Minus sign taken from rendered Table III (PDF uses a minus/en-dash that text extraction maps to a replacement character).,"Table III, page 8101, Series 6",high
EXP_0066,xBi_xSn_reconstructed,xIn=0.8642,"xBi=0.067900000000, xIn=0.864200000000, xSn=0.067900000000","xBi and xSn were not tabulated. Reconstructed from reported xIn and starting nBi, nSn so that xBi:xSn is the experimental bath ratio and xBi+xIn+xSn=1.","Table III header, Series 6",high
EXP_0067,integral_mixing_enthalpy_J_per_mol,-402.2,-402.2,No numeric change. Minus sign taken from rendered Table III (PDF uses a minus/en-dash that text extraction maps to a replacement character).,"Table III, page 8101, Series 6",high
EXP_0067,xBi_xSn_reconstructed,xIn=0.889,"xBi=0.055500000000, xIn=0.889000000000, xSn=0.055500000000","xBi and xSn were not tabulated. Reconstructed from reported xIn and starting nBi, nSn so that xBi:xSn is the experimental bath ratio and xBi+xIn+xSn=1.","Table III header, Series 6",high
EXP_0068,integral_mixing_enthalpy_J_per_mol,-346.6,-346.6,No numeric change. Minus sign taken from rendered Table III (PDF uses a minus/en-dash that text extraction maps to a replacement character).,"Table III, page 8101, Series 6",high
EXP_0068,xBi_xSn_reconstructed,xIn=0.9061,"xBi=0.046950000000, xIn=0.906100000000, xSn=0.046950000000","xBi and xSn were not tabulated. Reconstructed from reported xIn and starting nBi, nSn so that xBi:xSn is the experimental bath ratio and xBi+xIn+xSn=1.","Table III header, Series 6",high
EXP_0069,integral_mixing_enthalpy_J_per_mol,-105.2,-105.2,No numeric change. Minus sign taken from rendered Table III (PDF uses a minus/en-dash that text extraction maps to a replacement character).,"Table III, page 8102, Series 7",high
EXP_0069,xBi_xSn_reconstructed,xIn=0.0964,"xBi=0.301281120388, xIn=0.096400000000, xSn=0.602318879612","xBi and xSn were not tabulated. Reconstructed from reported xIn and starting nBi, nSn so that xBi:xSn is the experimental bath ratio and xBi+xIn+xSn=1.","Table III header, Series 7",high
EXP_0070,integral_mixing_enthalpy_J_per_mol,-294.9,-294.9,No numeric change. Minus sign taken from rendered Table III (PDF uses a minus/en-dash that text extraction maps to a replacement character).,"Table III, page 8102, Series 7",high
EXP_0070,xBi_xSn_reconstructed,xIn=0.2061,"xBi=0.264704605440, xIn=0.206100000000, xSn=0.529195394560","xBi and xSn were not tabulated. Reconstructed from reported xIn and starting nBi, nSn so that xBi:xSn is the experimental bath ratio and xBi+xIn+xSn=1.","Table III header, Series 7",high
EXP_0071,integral_mixing_enthalpy_J_per_mol,-479.9,-479.9,No numeric change. Minus sign taken from rendered Table III (PDF uses a minus/en-dash that text extraction maps to a replacement character).,"Table III, page 8102, Series 7",high
EXP_0071,xBi_xSn_reconstructed,xIn=0.3142,"xBi=0.228661567466, xIn=0.314200000000, xSn=0.457138432534","xBi and xSn were not tabulated. Reconstructed from reported xIn and starting nBi, nSn so that xBi:xSn is the experimental bath ratio and xBi+xIn+xSn=1.","Table III header, Series 7",high
EXP_0072,integral_mixing_enthalpy_J_per_mol,-631.6,-631.6,No numeric change. Minus sign taken from rendered Table III (PDF uses a minus/en-dash that text extraction maps to a replacement character).,"Table III, page 8102, Series 7",high
EXP_0072,xBi_xSn_reconstructed,xIn=0.4032,"xBi=0.198986910854, xIn=0.403200000000, xSn=0.397813089146","xBi and xSn were not tabulated. Reconstructed from reported xIn and starting nBi, nSn so that xBi:xSn is the experimental bath ratio and xBi+xIn+xSn=1.","Table III header, Series 7",high
EXP_0073,integral_mixing_enthalpy_J_per_mol,-771.0,-771.0,No numeric change. Minus sign taken from rendered Table III (PDF uses a minus/en-dash that text extraction maps to a replacement character).,"Table III, page 8102, Series 7",high
EXP_0073,xBi_xSn_reconstructed,xIn=0.5098,"xBi=0.163444007541, xIn=0.509800000000, xSn=0.326755992459","xBi and xSn were not tabulated. Reconstructed from reported xIn and starting nBi, nSn so that xBi:xSn is the experimental bath ratio and xBi+xIn+xSn=1.","Table III header, Series 7",high
EXP_0074,integral_mixing_enthalpy_J_per_mol,-767.4,-767.4,No numeric change. Minus sign taken from rendered Table III (PDF uses a minus/en-dash that text extraction maps to a replacement character).,"Table III, page 8102, Series 7",high
EXP_0074,xBi_xSn_reconstructed,xIn=0.6136,"xBi=0.128834688931, xIn=0.613600000000, xSn=0.257565311069","xBi and xSn were not tabulated. Reconstructed from reported xIn and starting nBi, nSn so that xBi:xSn is the experimental bath ratio and xBi+xIn+xSn=1.","Table III header, Series 7",high
EXP_0075,integral_mixing_enthalpy_J_per_mol,-694.2,-694.2,No numeric change. Minus sign taken from rendered Table III (PDF uses a minus/en-dash that text extraction maps to a replacement character).,"Table III, page 8102, Series 7",high
EXP_0075,xBi_xSn_reconstructed,xIn=0.7018,"xBi=0.099426770805, xIn=0.701800000000, xSn=0.198773229195","xBi and xSn were not tabulated. Reconstructed from reported xIn and starting nBi, nSn so that xBi:xSn is the experimental bath ratio and xBi+xIn+xSn=1.","Table III header, Series 7",high
EXP_0076,integral_mixing_enthalpy_J_per_mol,-545.3,-545.3,No numeric change. Minus sign taken from rendered Table III (PDF uses a minus/en-dash that text extraction maps to a replacement character).,"Table III, page 8102, Series 7",high
EXP_0076,xBi_xSn_reconstructed,xIn=0.7931,"xBi=0.068985241045, xIn=0.793100000000, xSn=0.137914758955","xBi and xSn were not tabulated. Reconstructed from reported xIn and starting nBi, nSn so that xBi:xSn is the experimental bath ratio and xBi+xIn+xSn=1.","Table III header, Series 7",high
EXP_0077,integral_mixing_enthalpy_J_per_mol,-450.5,-450.5,No numeric change. Minus sign taken from rendered Table III (PDF uses a minus/en-dash that text extraction maps to a replacement character).,"Table III, page 8102, Series 7",high
EXP_0077,xBi_xSn_reconstructed,xIn=0.8414,"xBi=0.052880904929, xIn=0.841400000000, xSn=0.105719095071","xBi and xSn were not tabulated. Reconstructed from reported xIn and starting nBi, nSn so that xBi:xSn is the experimental bath ratio and xBi+xIn+xSn=1.","Table III header, Series 7",high
EXP_0078,integral_mixing_enthalpy_J_per_mol,-383.7,-383.7,No numeric change. Minus sign taken from rendered Table III (PDF uses a minus/en-dash that text extraction maps to a replacement character).,"Table III, page 8102, Series 7",high
EXP_0078,xBi_xSn_reconstructed,xIn=0.8721,"xBi=0.042644815513, xIn=0.872100000000, xSn=0.085255184487","xBi and xSn were not tabulated. Reconstructed from reported xIn and starting nBi, nSn so that xBi:xSn is the experimental bath ratio and xBi+xIn+xSn=1.","Table III header, Series 7",high
EXP_0079,integral_mixing_enthalpy_J_per_mol,-338.4,-338.4,No numeric change. Minus sign taken from rendered Table III (PDF uses a minus/en-dash that text extraction maps to a replacement character).,"Table III, page 8102, Series 7",high
EXP_0079,xBi_xSn_reconstructed,xIn=0.8922,"xBi=0.035943011042, xIn=0.892200000000, xSn=0.071856988958","xBi and xSn were not tabulated. Reconstructed from reported xIn and starting nBi, nSn so that xBi:xSn is the experimental bath ratio and xBi+xIn+xSn=1.","Table III header, Series 7",high
EXP_0080,integral_mixing_enthalpy_J_per_mol,-290.4,-290.4,No numeric change. Minus sign taken from rendered Table III (PDF uses a minus/en-dash that text extraction maps to a replacement character).,"Table III, page 8102, Series 7",high
EXP_0080,xBi_xSn_reconstructed,xIn=0.9073,"xBi=0.030908322112, xIn=0.907300000000, xSn=0.061791677888","xBi and xSn were not tabulated. Reconstructed from reported xIn and starting nBi, nSn so that xBi:xSn is the experimental bath ratio and xBi+xIn+xSn=1.","Table III header, Series 7",high
EXP_0081,integral_mixing_enthalpy_J_per_mol,-92.74,-92.74,No numeric change. Minus sign taken from rendered Table III (PDF uses a minus/en-dash that text extraction maps to a replacement character).,"Table III, page 8102, Series 8",high
EXP_0081,xBi_xSn_reconstructed,xIn=0.1062,"xBi=0.298013573929, xIn=0.106200000000, xSn=0.595786426071","xBi and xSn were not tabulated. Reconstructed from reported xIn and starting nBi, nSn so that xBi:xSn is the experimental bath ratio and xBi+xIn+xSn=1.","Table III header, Series 8",high
EXP_0082,integral_mixing_enthalpy_J_per_mol,-283.3,-283.3,No numeric change. Minus sign taken from rendered Table III (PDF uses a minus/en-dash that text extraction maps to a replacement character).,"Table III, page 8102, Series 8",high
EXP_0082,xBi_xSn_reconstructed,xIn=0.2163,"xBi=0.261303689739, xIn=0.216300000000, xSn=0.522396310261","xBi and xSn were not tabulated. Reconstructed from reported xIn and starting nBi, nSn so that xBi:xSn is the experimental bath ratio and xBi+xIn+xSn=1.","Table III header, Series 8",high
EXP_0083,integral_mixing_enthalpy_J_per_mol,-434.5,-434.5,No numeric change. Minus sign taken from rendered Table III (PDF uses a minus/en-dash that text extraction maps to a replacement character).,"Table III, page 8102, Series 8",high
EXP_0083,xBi_xSn_reconstructed,xIn=0.3042,"xBi=0.231995798546, xIn=0.304200000000, xSn=0.463804201454","xBi and xSn were not tabulated. Reconstructed from reported xIn and starting nBi, nSn so that xBi:xSn is the experimental bath ratio and xBi+xIn+xSn=1.","Table III header, Series 8",high
EXP_0084,integral_mixing_enthalpy_J_per_mol,-615.8,-615.8,No numeric change. Minus sign taken from rendered Table III (PDF uses a minus/en-dash that text extraction maps to a replacement character).,"Table III, page 8102, Series 8",high
EXP_0084,xBi_xSn_reconstructed,xIn=0.4103,"xBi=0.196619606787, xIn=0.410300000000, xSn=0.393080393213","xBi and xSn were not tabulated. Reconstructed from reported xIn and starting nBi, nSn so that xBi:xSn is the experimental bath ratio and xBi+xIn+xSn=1.","Table III header, Series 8",high
EXP_0085,integral_mixing_enthalpy_J_per_mol,-747.8,-747.8,No numeric change. Minus sign taken from rendered Table III (PDF uses a minus/en-dash that text extraction maps to a replacement character).,"Table III, page 8102, Series 8",high
EXP_0085,xBi_xSn_reconstructed,xIn=0.4986,"xBi=0.167178346351, xIn=0.498600000000, xSn=0.334221653649","xBi and xSn were not tabulated. Reconstructed from reported xIn and starting nBi, nSn so that xBi:xSn is the experimental bath ratio and xBi+xIn+xSn=1.","Table III header, Series 8",high
EXP_0086,integral_mixing_enthalpy_J_per_mol,-748.3,-748.3,No numeric change. Minus sign taken from rendered Table III (PDF uses a minus/en-dash that text extraction maps to a replacement character).,"Table III, page 8102, Series 8",high
EXP_0086,xBi_xSn_reconstructed,xIn=0.6013,"xBi=0.132935793159, xIn=0.601300000000, xSn=0.265764206841","xBi and xSn were not tabulated. Reconstructed from reported xIn and starting nBi, nSn so that xBi:xSn is the experimental bath ratio and xBi+xIn+xSn=1.","Table III header, Series 8",high
EXP_0087,integral_mixing_enthalpy_J_per_mol,-669.1,-669.1,No numeric change. Minus sign taken from rendered Table III (PDF uses a minus/en-dash that text extraction maps to a replacement character).,"Table III, page 8102, Series 8",high
EXP_0087,xBi_xSn_reconstructed,xIn=0.7041,"xBi=0.098659897657, xIn=0.704100000000, xSn=0.197240102343","xBi and xSn were not tabulated. Reconstructed from reported xIn and starting nBi, nSn so that xBi:xSn is the experimental bath ratio and xBi+xIn+xSn=1.","Table III header, Series 8",high
EXP_0088,integral_mixing_enthalpy_J_per_mol,-521.1,-521.1,No numeric change. Minus sign taken from rendered Table III (PDF uses a minus/en-dash that text extraction maps to a replacement character).,"Table III, page 8102, Series 8",high
EXP_0088,xBi_xSn_reconstructed,xIn=0.7896,"xBi=0.070152221923, xIn=0.789600000000, xSn=0.140247778077","xBi and xSn were not tabulated. Reconstructed from reported xIn and starting nBi, nSn so that xBi:xSn is the experimental bath ratio and xBi+xIn+xSn=1.","Table III header, Series 8",high
EXP_0089,integral_mixing_enthalpy_J_per_mol,-433.1,-433.1,No numeric change. Minus sign taken from rendered Table III (PDF uses a minus/en-dash that text extraction maps to a replacement character).,"Table III, page 8102, Series 8",high
EXP_0089,xBi_xSn_reconstructed,xIn=0.8372,"xBi=0.054281281982, xIn=0.837200000000, xSn=0.108518718018","xBi and xSn were not tabulated. Reconstructed from reported xIn and starting nBi, nSn so that xBi:xSn is the experimental bath ratio and xBi+xIn+xSn=1.","Table III header, Series 8",high
EXP_0090,integral_mixing_enthalpy_J_per_mol,-360.5,-360.5,No numeric change. Minus sign taken from rendered Table III (PDF uses a minus/en-dash that text extraction maps to a replacement character).,"Table III, page 8102, Series 8",high
EXP_0090,xBi_xSn_reconstructed,xIn=0.8691,"xBi=0.043645084837, xIn=0.869100000000, xSn=0.087254915163","xBi and xSn were not tabulated. Reconstructed from reported xIn and starting nBi, nSn so that xBi:xSn is the experimental bath ratio and xBi+xIn+xSn=1.","Table III header, Series 8",high
EXP_0091,integral_mixing_enthalpy_J_per_mol,-308.9,-308.9,No numeric change. Minus sign taken from rendered Table III (PDF uses a minus/en-dash that text extraction maps to a replacement character).,"Table III, page 8102, Series 8",high
EXP_0091,xBi_xSn_reconstructed,xIn=0.8902,"xBi=0.036609857258, xIn=0.890200000000, xSn=0.073190142742","xBi and xSn were not tabulated. Reconstructed from reported xIn and starting nBi, nSn so that xBi:xSn is the experimental bath ratio and xBi+xIn+xSn=1.","Table III header, Series 8",high
EXP_0092,integral_mixing_enthalpy_J_per_mol,-263.3,-263.3,No numeric change. Minus sign taken from rendered Table III (PDF uses a minus/en-dash that text extraction maps to a replacement character).,"Table III, page 8102, Series 8",high
EXP_0092,xBi_xSn_reconstructed,xIn=0.9053,"xBi=0.031575168327, xIn=0.905300000000, xSn=0.063124831673","xBi and xSn were not tabulated. Reconstructed from reported xIn and starting nBi, nSn so that xBi:xSn is the experimental bath ratio and xBi+xIn+xSn=1.","Table III header, Series 8",high
EXP_0093,integral_mixing_enthalpy_J_per_mol,-64.32,-64.32,No numeric change. Minus sign taken from rendered Table III (PDF uses a minus/en-dash that text extraction maps to a replacement character).,"Table III, page 8102-8103, Series 9",high
EXP_0093,xBi_xSn_reconstructed,xIn=0.1047,"xBi=0.298513708591, xIn=0.104700000000, xSn=0.596786291409","xBi and xSn were not tabulated. Reconstructed from reported xIn and starting nBi, nSn so that xBi:xSn is the experimental bath ratio and xBi+xIn+xSn=1.","Table III header, Series 9",high
EXP_0094,integral_mixing_enthalpy_J_per_mol,-251.5,-251.5,No numeric change. Minus sign taken from rendered Table III (PDF uses a minus/en-dash that text extraction maps to a replacement character).,"Table III, page 8102-8103, Series 9",high
EXP_0094,xBi_xSn_reconstructed,xIn=0.2125,"xBi=0.262570697549, xIn=0.212500000000, xSn=0.524929302451","xBi and xSn were not tabulated. Reconstructed from reported xIn and starting nBi, nSn so that xBi:xSn is the experimental bath ratio and xBi+xIn+xSn=1.","Table III header, Series 9",high
EXP_0095,integral_mixing_enthalpy_J_per_mol,-409.6,-409.6,No numeric change. Minus sign taken from rendered Table III (PDF uses a minus/en-dash that text extraction maps to a replacement character).,"Table III, page 8102-8103, Series 9",high
EXP_0095,xBi_xSn_reconstructed,xIn=0.3004,"xBi=0.233262806356, xIn=0.300400000000, xSn=0.466337193644","xBi and xSn were not tabulated. Reconstructed from reported xIn and starting nBi, nSn so that xBi:xSn is the experimental bath ratio and xBi+xIn+xSn=1.","Table III header, Series 9",high
EXP_0096,integral_mixing_enthalpy_J_per_mol,-575.1,-575.1,No numeric change. Minus sign taken from rendered Table III (PDF uses a minus/en-dash that text extraction maps to a replacement character).,"Table III, page 8102-8103, Series 9",high
EXP_0096,xBi_xSn_reconstructed,xIn=0.3963,"xBi=0.201287530299, xIn=0.396300000000, xSn=0.402412469701","xBi and xSn were not tabulated. Reconstructed from reported xIn and starting nBi, nSn so that xBi:xSn is the experimental bath ratio and xBi+xIn+xSn=1.","Table III header, Series 9",high
EXP_0097,integral_mixing_enthalpy_J_per_mol,-733.7,-733.7,No numeric change. Minus sign taken from rendered Table III (PDF uses a minus/en-dash that text extraction maps to a replacement character).,"Table III, page 8102-8103, Series 9",high
EXP_0097,xBi_xSn_reconstructed,xIn=0.5104,"xBi=0.163243953676, xIn=0.510400000000, xSn=0.326356046324","xBi and xSn were not tabulated. Reconstructed from reported xIn and starting nBi, nSn so that xBi:xSn is the experimental bath ratio and xBi+xIn+xSn=1.","Table III header, Series 9",high
EXP_0098,integral_mixing_enthalpy_J_per_mol,-731.7,-731.7,No numeric change. Minus sign taken from rendered Table III (PDF uses a minus/en-dash that text extraction maps to a replacement character).,"Table III, page 8102-8103, Series 9",high
EXP_0098,xBi_xSn_reconstructed,xIn=0.6058,"xBi=0.131435389173, xIn=0.605800000000, xSn=0.262764610827","xBi and xSn were not tabulated. Reconstructed from reported xIn and starting nBi, nSn so that xBi:xSn is the experimental bath ratio and xBi+xIn+xSn=1.","Table III header, Series 9",high
EXP_0099,integral_mixing_enthalpy_J_per_mol,-644.2,-644.2,No numeric change. Minus sign taken from rendered Table III (PDF uses a minus/en-dash that text extraction maps to a replacement character).,"Table III, page 8102-8103, Series 9",high
EXP_0099,xBi_xSn_reconstructed,xIn=0.7062,"xBi=0.097959709130, xIn=0.706200000000, xSn=0.195840290870","xBi and xSn were not tabulated. Reconstructed from reported xIn and starting nBi, nSn so that xBi:xSn is the experimental bath ratio and xBi+xIn+xSn=1.","Table III header, Series 9",high
EXP_0100,integral_mixing_enthalpy_J_per_mol,-485.3,-485.3,No numeric change. Minus sign taken from rendered Table III (PDF uses a minus/en-dash that text extraction maps to a replacement character).,"Table III, page 8102-8103, Series 9",high
EXP_0100,xBi_xSn_reconstructed,xIn=0.7952,"xBi=0.068285052518, xIn=0.795200000000, xSn=0.136514947482","xBi and xSn were not tabulated. Reconstructed from reported xIn and starting nBi, nSn so that xBi:xSn is the experimental bath ratio and xBi+xIn+xSn=1.","Table III header, Series 9",high
EXP_0101,integral_mixing_enthalpy_J_per_mol,-395.4,-395.4,No numeric change. Minus sign taken from rendered Table III (PDF uses a minus/en-dash that text extraction maps to a replacement character).,"Table III, page 8102-8103, Series 9",high
EXP_0101,xBi_xSn_reconstructed,xIn=0.8428,"xBi=0.052414112577, xIn=0.842800000000, xSn=0.104785887423","xBi and xSn were not tabulated. Reconstructed from reported xIn and starting nBi, nSn so that xBi:xSn is the experimental bath ratio and xBi+xIn+xSn=1.","Table III header, Series 9",high
EXP_0102,integral_mixing_enthalpy_J_per_mol,-328.5,-328.5,No numeric change. Minus sign taken from rendered Table III (PDF uses a minus/en-dash that text extraction maps to a replacement character).,"Table III, page 8102-8103, Series 9",high
EXP_0102,xBi_xSn_reconstructed,xIn=0.8711,"xBi=0.042978238621, xIn=0.871100000000, xSn=0.085921761379","xBi and xSn were not tabulated. Reconstructed from reported xIn and starting nBi, nSn so that xBi:xSn is the experimental bath ratio and xBi+xIn+xSn=1.","Table III header, Series 9",high
EXP_0103,integral_mixing_enthalpy_J_per_mol,-267.3,-267.3,No numeric change. Minus sign taken from rendered Table III (PDF uses a minus/en-dash that text extraction maps to a replacement character).,"Table III, page 8102-8103, Series 9",high
EXP_0103,xBi_xSn_reconstructed,xIn=0.8924,"xBi=0.035876326421, xIn=0.892400000000, xSn=0.071723673579","xBi and xSn were not tabulated. Reconstructed from reported xIn and starting nBi, nSn so that xBi:xSn is the experimental bath ratio and xBi+xIn+xSn=1.","Table III header, Series 9",high
EXP_0104,integral_mixing_enthalpy_J_per_mol,-218.0,-218.0,No numeric change. Minus sign taken from rendered Table III (PDF uses a minus/en-dash that text extraction maps to a replacement character).,"Table III, page 8102-8103, Series 9",high
EXP_0104,xBi_xSn_reconstructed,xIn=0.9073,"xBi=0.030908322112, xIn=0.907300000000, xSn=0.061791677888","xBi and xSn were not tabulated. Reconstructed from reported xIn and starting nBi, nSn so that xBi:xSn is the experimental bath ratio and xBi+xIn+xSn=1.","Table III header, Series 9",high
