id,source,source_table,series_id,cross_section,temperature_K,nIn_mol,xBi,xIn,xSn,xIn_uncertainty,heat_signal_J,heat_signal_uncertainty_J,reaction_enthalpy_J,partial_enthalpy_In_J_per_mol,integral_mixing_enthalpy_J_per_mol,notes
EXP_0001,paper_experiment,Table III,1,(Sn0.33Bi0.67)1-xInx,767,0.00034,0.6021023017902813,0.098,0.2998976982097187,0.0001,4.147,0.01,-1.601,-4709.0,-380.4,
EXP_0002,paper_experiment,Table III,1,(Sn0.33Bi0.67)1-xInx,767,0.000508,0.5251373401534527,0.2133,0.2615626598465473,0.0001,6.561,0.01,-2.027,-3990.0,-841.6,
EXP_0003,paper_experiment,Table III,1,(Sn0.33Bi0.67)1-xInx,767,0.000545,0.46185652173913044,0.3081,0.23004347826086954,0.0001,7.398,0.01,-1.815,-3330.0,-1142.0,
EXP_0004,paper_experiment,Table III,1,(Sn0.33Bi0.67)1-xInx,767,0.000783,0.3936360613810742,0.4103,0.19606393861892582,0.0001,11.26,0.02,-1.976,-2524.0,-1346.0,
EXP_0005,paper_experiment,Table III,1,(Sn0.33Bi0.67)1-xInx,767,0.00088,0.33763120204603586,0.4942,0.1681687979539642,0.0001,13.27,0.02,-1.602,-1820.0,-1413.0,
EXP_0006,paper_experiment,Table III,1,(Sn0.33Bi0.67)1-xInx,767,0.001687,0.26527212276214834,0.6026,0.13212787723785166,0.0002,26.33,0.05,-2.19,-1298.0,-1389.0,
EXP_0007,paper_experiment,Table III,1,(Sn0.33Bi0.67)1-xInx,767,0.002927,0.19338030690537084,0.7103,0.09631969309462915,0.0001,47.16,0.1,-2.32,-792.6,-1227.0,
EXP_0008,paper_experiment,Table III,1,(Sn0.33Bi0.67)1-xInx,767,0.005452,0.12849744245524297,0.8075,0.06400255754475703,0.0002,89.83,0.2,-2.334,-428.1,-959.0,
EXP_0009,paper_experiment,Table III,1,(Sn0.33Bi0.67)1-xInx,767,0.005351,0.09665677749360617,0.8552,0.04814322250639388,0.0001,88.93,0.2,-1.535,-286.9,-792.5,
EXP_0010,paper_experiment,Table III,1,(Sn0.33Bi0.67)1-xInx,767,0.005453,0.07716521739130437,0.8844,0.038434782608695664,0.0001,91.55,0.2,-0.637,-116.8,-656.3,
EXP_0011,paper_experiment,Table III,1,(Sn0.33Bi0.67)1-xInx,767,0.005417,0.0642820971867008,0.9037,0.03201790281329925,0.0001,90.97,0.2,-0.607,-112.1,-565.5,
EXP_0012,paper_experiment,Table III,2,(Sn0.33Bi0.67)1-xInx,813,0.000361,0.5984309462915601,0.1035,0.2980690537084399,0.0002,5.095,0.01,-1.493,-4136.0,-343.5,
EXP_0013,paper_experiment,Table III,2,(Sn0.33Bi0.67)1-xInx,813,0.00047,0.527406905370844,0.2099,0.262693094629156,0.0001,6.773,0.01,-1.804,-3838.0,-758.4,
EXP_0014,paper_experiment,Table III,2,(Sn0.33Bi0.67)1-xInx,813,0.000497,0.46859846547314576,0.298,0.23340153452685422,0.0001,7.394,0.01,-1.676,-3372.0,-1050.0,
EXP_0015,paper_experiment,Table III,2,(Sn0.33Bi0.67)1-xInx,813,0.000932,0.38749488491048595,0.4195,0.19300511508951407,0.0001,14.66,0.03,-2.348,-2519.0,-1304.0,
EXP_0016,paper_experiment,Table III,2,(Sn0.33Bi0.67)1-xInx,813,0.000875,0.33335907928388747,0.5006,0.1660409207161125,0.0001,14.44,0.03,-1.528,-1746.0,-1366.0,
EXP_0017,paper_experiment,Table III,2,(Sn0.33Bi0.67)1-xInx,813,0.001993,0.25292301790281335,0.6211,0.12597698209718672,0.0002,34.14,0.08,-2.232,-1120.0,-1307.0,
EXP_0018,paper_experiment,Table III,2,(Sn0.33Bi0.67)1-xInx,813,0.002349,0.19691815856777498,0.705,0.09808184143222508,0.0001,41.21,0.09,-1.658,-705.8,-1173.0,
EXP_0019,paper_experiment,Table III,2,(Sn0.33Bi0.67)1-xInx,813,0.005132,0.13270281329923272,0.8012,0.06609718670076725,0.0002,91.52,0.21,-2.134,-415.8,-926.4,
EXP_0020,paper_experiment,Table III,2,(Sn0.33Bi0.67)1-xInx,813,0.00532,0.09912659846547313,0.8515,0.049373401534526844,0.0001,96.13,0.22,-0.956,-179.7,-737.7,
EXP_0021,paper_experiment,Table III,2,(Sn0.33Bi0.67)1-xInx,813,0.005463,0.07870051150895141,0.8821,0.039199488491048595,0.0001,99.14,0.24,-0.553,-101.2,-606.6,
EXP_0022,paper_experiment,Table III,2,(Sn0.33Bi0.67)1-xInx,813,0.005447,0.06535012787723785,0.9021,0.03254987212276214,0.0001,98.93,0.23,-0.47,-86.29,-518.0,
EXP_0023,paper_experiment,Table III,3,(Sn0.33Bi0.67)1-xInx,855,0.000347,0.6008340153452686,0.0999,0.2992659846547315,0.0001,5.43,0.01,-1.327,-3824.0,-295.1,
EXP_0024,paper_experiment,Table III,3,(Sn0.33Bi0.67)1-xInx,855,0.000432,0.5344158567774936,0.1994,0.2661841432225064,0.0002,6.863,0.01,-1.549,-3586.0,-658.9,
EXP_0025,paper_experiment,Table III,3,(Sn0.33Bi0.67)1-xInx,855,0.000629,0.4603212276214834,0.3104,0.22927877237851663,0.0001,10.22,0.02,-2.025,-3219.0,-1014.0,
EXP_0026,paper_experiment,Table III,3,(Sn0.33Bi0.67)1-xInx,855,0.000871,0.3861598465473146,0.4215,0.19234015345268543,0.0001,14.96,0.03,-2.005,-2302.0,-1221.0,
EXP_0027,paper_experiment,Table III,3,(Sn0.33Bi0.67)1-xInx,855,0.000983,0.3267506393861893,0.5105,0.16274936061381076,0.0002,17.47,0.04,-1.671,-1700.0,-1295.0,
EXP_0028,paper_experiment,Table III,3,(Sn0.33Bi0.67)1-xInx,855,0.001596,0.26146726342711,0.6083,0.13023273657289006,0.0001,29.35,0.08,-1.733,-1086.0,-1253.0,
EXP_0029,paper_experiment,Table III,3,(Sn0.33Bi0.67)1-xInx,855,0.002811,0.19338030690537084,0.7103,0.09631969309462915,0.0001,52.94,0.13,-1.802,-641.1,-1094.0,
EXP_0030,paper_experiment,Table III,3,(Sn0.33Bi0.67)1-xInx,855,0.004488,0.13657442455242969,0.7954,0.06802557544757033,0.0002,85.87,0.22,-1.517,-338.0,-871.9,
EXP_0031,paper_experiment,Table III,3,(Sn0.33Bi0.67)1-xInx,855,0.004655,0.10473375959079287,0.8431,0.05216624040920718,0.0002,89.68,0.21,-0.958,-205.8,-716.4,
EXP_0032,paper_experiment,Table III,3,(Sn0.33Bi0.67)1-xInx,855,0.003976,0.08731150895140667,0.8692,0.04348849104859336,0.0001,77.28,0.21,-0.151,-37.98,-603.6,
EXP_0033,paper_experiment,Table III,3,(Sn0.33Bi0.67)1-xInx,855,0.004263,0.07409462915601023,0.889,0.03690537084398977,0.0001,82.66,0.2,-0.354,-83.04,-524.9,
EXP_0034,paper_experiment,Table III,3,(Sn0.33Bi0.67)1-xInx,855,0.004163,0.06454910485933504,0.9033,0.032150895140664965,0.0001,81.32,0.22,0.251,60.39,-449.5,Positive partial enthalpy of In at In-rich composition; sign confirmed on rendered Table III. Positive heat of reaction; sign confirmed on rendered Table III.
EXP_0035,paper_experiment,Table III,4,(Sn0.50Bi0.50)1-xInx,767,0.000405,0.44675,0.1065,0.44675,0.0001,5.481,0.01,-1.366,-3373.0,-250.0,
EXP_0036,paper_experiment,Table III,4,(Sn0.50Bi0.50)1-xInx,767,0.000443,0.40015,0.1997,0.40015,0.0001,6.359,0.02,-1.13,-2551.0,-490.0,
EXP_0037,paper_experiment,Table III,4,(Sn0.50Bi0.50)1-xInx,767,0.000619,0.34925,0.3015,0.34925,0.0002,9.017,0.02,-1.448,-2339.0,-725.3,
EXP_0038,paper_experiment,Table III,4,(Sn0.50Bi0.50)1-xInx,767,0.001005,0.28945,0.4211,0.28945,0.0002,14.78,0.04,-2.213,-2202.0,-978.1,
EXP_0039,paper_experiment,Table III,4,(Sn0.50Bi0.50)1-xInx,767,0.001108,0.2435,0.513,0.2435,0.0002,17.06,0.04,-1.675,-1512.0,-1063.0,
EXP_0040,paper_experiment,Table III,4,(Sn0.50Bi0.50)1-xInx,767,0.001712,0.1955,0.609,0.1955,0.0002,26.88,0.07,-2.066,-1207.0,-1091.0,
EXP_0041,paper_experiment,Table III,4,(Sn0.50Bi0.50)1-xInx,767,0.00261,0.15034999999999998,0.6993,0.15034999999999998,0.0001,42.49,0.11,-1.637,-627.2,-984.0,
EXP_0042,paper_experiment,Table III,4,(Sn0.50Bi0.50)1-xInx,767,0.005447,0.10144999999999998,0.7971,0.10144999999999998,0.0002,90.11,0.23,-1.975,-362.6,-781.9,
EXP_0043,paper_experiment,Table III,4,(Sn0.50Bi0.50)1-xInx,767,0.005346,0.07690000000000002,0.8462,0.07690000000000002,0.0001,89.37,0.23,-1.011,-189.1,-638.5,
EXP_0044,paper_experiment,Table III,4,(Sn0.50Bi0.50)1-xInx,767,0.00542,0.06175000000000003,0.8765,0.06175000000000003,0.0001,91.38,0.23,-0.253,-46.68,-521.9,
EXP_0045,paper_experiment,Table III,4,(Sn0.50Bi0.50)1-xInx,767,0.004909,0.0524,0.8952,0.0524,0.0002,82.85,0.22,-0.14,-28.52,-447.2,
EXP_0046,paper_experiment,Table III,4,(Sn0.50Bi0.50)1-xInx,767,0.004153,0.04644999999999999,0.9071,0.04644999999999999,0.0001,70.13,0.18,-0.083,-19.99,-398.7,
EXP_0047,paper_experiment,Table III,5,(Sn0.50Bi0.50)1-xInx,813,0.000358,0.45235000000000003,0.0953,0.45235000000000003,0.0001,5.412,0.01,-1.121,-3131.0,-183.7,
EXP_0048,paper_experiment,Table III,5,(Sn0.50Bi0.50)1-xInx,813,0.000525,0.39685,0.2063,0.39685,0.0001,8.324,0.02,-1.257,-2394.0,-454.8,
EXP_0049,paper_experiment,Table III,5,(Sn0.50Bi0.50)1-xInx,813,0.000654,0.3443,0.3114,0.3443,0.0001,10.38,0.02,-1.554,-2376.0,-709.4,
EXP_0050,paper_experiment,Table III,5,(Sn0.50Bi0.50)1-xInx,813,0.000764,0.29810000000000003,0.4038,0.29810000000000003,0.0001,12.28,0.03,-1.664,-2178.0,-906.3,
EXP_0051,paper_experiment,Table III,5,(Sn0.50Bi0.50)1-xInx,813,0.001073,0.2509,0.4982,0.2509,0.0001,17.86,0.04,-1.72,-1603.0,-1017.0,
EXP_0052,paper_experiment,Table III,5,(Sn0.50Bi0.50)1-xInx,813,0.001817,0.19779999999999998,0.6044,0.19779999999999998,0.0001,30.89,0.07,-2.268,-1248.0,-1066.0,
EXP_0053,paper_experiment,Table III,5,(Sn0.50Bi0.50)1-xInx,813,0.00326,0.14340000000000003,0.7132,0.14340000000000003,0.0001,57.84,0.14,-1.652,-506.7,-911.9,
EXP_0054,paper_experiment,Table III,5,(Sn0.50Bi0.50)1-xInx,813,0.005542,0.09770000000000001,0.8046,0.09770000000000001,0.0002,99.26,0.24,-1.88,-339.2,-729.4,
EXP_0055,paper_experiment,Table III,5,(Sn0.50Bi0.50)1-xInx,813,0.005492,0.07424999999999998,0.8515,0.07424999999999998,0.0002,99.97,0.24,-0.251,-45.7,-565.3,
EXP_0056,paper_experiment,Table III,5,(Sn0.50Bi0.50)1-xInx,813,0.005988,0.05885000000000001,0.8823,0.05885000000000001,0.0002,109.0,0.24,-0.271,-45.26,-457.4,
EXP_0057,paper_experiment,Table III,5,(Sn0.50Bi0.50)1-xInx,813,0.005076,0.05004999999999998,0.8999,0.05004999999999998,0.0001,92.82,0.25,0.192,37.83,-383.4,Positive partial enthalpy of In at In-rich composition; sign confirmed on rendered Table III. Positive heat of reaction; sign confirmed on rendered Table III.
EXP_0058,paper_experiment,Table III,6,(Sn0.50Bi0.50)1-xInx,855,0.000383,0.44935,0.1013,0.44935,0.0001,6.389,0.02,-1.069,-2791.0,-168.2,
EXP_0059,paper_experiment,Table III,6,(Sn0.50Bi0.50)1-xInx,855,0.000476,0.3991,0.2018,0.3991,0.0001,8.16,0.02,-1.109,-2330.0,-409.9,
EXP_0060,paper_experiment,Table III,6,(Sn0.50Bi0.50)1-xInx,855,0.000589,0.3506,0.2988,0.3506,0.0002,10.15,0.03,-1.319,-2239.0,-632.3,
EXP_0061,paper_experiment,Table III,6,(Sn0.50Bi0.50)1-xInx,855,0.000847,0.29845,0.4031,0.29845,0.0002,14.59,0.04,-1.9,-2243.0,-871.9,
EXP_0062,paper_experiment,Table III,6,(Sn0.50Bi0.50)1-xInx,855,0.001406,0.23935,0.5213,0.23935,0.0002,25.23,0.07,-2.145,-1526.0,-1001.4,
EXP_0063,paper_experiment,Table III,6,(Sn0.50Bi0.50)1-xInx,855,0.001686,0.19340000000000002,0.6132,0.19340000000000002,0.0001,31.08,0.09,-1.755,-1041.0,-1009.0,
EXP_0064,paper_experiment,Table III,6,(Sn0.50Bi0.50)1-xInx,855,0.005285,0.12075000000000002,0.7585,0.12075000000000002,0.0001,100.6,0.28,-2.332,-441.2,-795.7,
EXP_0065,paper_experiment,Table III,6,(Sn0.50Bi0.50)1-xInx,855,0.005503,0.08679999999999999,0.8264,0.08679999999999999,0.0001,106.7,0.3,-0.473,-85.95,-596.2,
EXP_0066,paper_experiment,Table III,6,(Sn0.50Bi0.50)1-xInx,855,0.005448,0.06790000000000002,0.8642,0.06790000000000002,0.0001,105.8,0.3,-0.34,-62.41,-480.0,
EXP_0067,paper_experiment,Table III,6,(Sn0.50Bi0.50)1-xInx,855,0.00559,0.055499999999999994,0.889,0.055499999999999994,0.0002,108.5,0.31,-0.303,-54.2,-402.2,
EXP_0068,paper_experiment,Table III,6,(Sn0.50Bi0.50)1-xInx,855,0.005575,0.04694999999999999,0.9061,0.04694999999999999,0.0001,108.3,0.3,-0.229,-41.08,-346.6,
EXP_0069,paper_experiment,Table III,7,(Sn0.67Bi0.33)1-xInx,767,0.000396,0.3012811203878265,0.0964,0.6023188796121735,0.0001,5.811,0.02,-0.884,-2232.0,-105.2,
EXP_0070,paper_experiment,Table III,7,(Sn0.67Bi0.33)1-xInx,767,0.000568,0.26470460544034474,0.2061,0.5291953945596553,0.0001,8.656,0.03,-0.947,-1667.0,-294.9,
EXP_0071,paper_experiment,Table III,7,(Sn0.67Bi0.33)1-xInx,767,0.000737,0.22866156746566116,0.3142,0.4571384325343388,0.0001,11.24,0.03,-1.219,-1654.0,-479.9,
EXP_0072,paper_experiment,Table III,7,(Sn0.67Bi0.33)1-xInx,767,0.000807,0.19898691085375705,0.4032,0.3978130891462429,0.0001,12.31,0.04,-1.331,-1649.0,-631.6,
EXP_0073,paper_experiment,Table III,7,(Sn0.67Bi0.33)1-xInx,767,0.001354,0.16344400754107188,0.5098,0.32675599245892806,0.0001,20.98,0.06,-1.911,-1411.0,-771.0,
EXP_0074,paper_experiment,Table III,7,(Sn0.67Bi0.33)1-xInx,767,0.002033,0.1288346889307837,0.6136,0.25756531106921626,0.0001,32.84,0.09,-1.533,-754.1,-767.4,
EXP_0075,paper_experiment,Table III,7,(Sn0.67Bi0.33)1-xInx,767,0.002845,0.09942677080527874,0.7018,0.19877322919472126,0.0002,46.83,0.14,-1.272,-447.1,-694.2,
EXP_0076,paper_experiment,Table III,7,(Sn0.67Bi0.33)1-xInx,767,0.005496,0.0689852410449771,0.7931,0.13791475895502286,0.0002,91.77,0.28,-1.143,-208.0,-545.3,
EXP_0077,paper_experiment,Table III,7,(Sn0.67Bi0.33)1-xInx,767,0.005466,0.052880904928629124,0.8414,0.10571909507137084,0.0002,91.65,0.27,-0.761,-139.2,-450.5,
EXP_0078,paper_experiment,Table III,7,(Sn0.67Bi0.33)1-xInx,767,0.00562,0.04264481551306221,0.8721,0.0852551844869378,0.0001,94.42,0.29,-0.592,-105.3,-383.7,
EXP_0079,paper_experiment,Table III,7,(Sn0.67Bi0.33)1-xInx,767,0.005414,0.03594301104228387,0.8922,0.07185698895771614,0.0001,91.01,0.27,-0.516,-95.31,-338.4,
EXP_0080,paper_experiment,Table III,7,(Sn0.67Bi0.33)1-xInx,767,0.005612,0.030908322111500134,0.9073,0.06179167788849987,0.0001,94.9,0.28,0.024,4.277,-290.4,Positive partial enthalpy of In at In-rich composition; sign confirmed on rendered Table III. Positive heat of reaction; sign confirmed on rendered Table III.
EXP_0081,paper_experiment,Table III,8,(Sn0.67Bi0.33)1-xInx,813,0.000441,0.2980135739294371,0.1062,0.5957864260705629,0.0001,7.196,0.02,-0.852,-1932.0,-92.74,
EXP_0082,paper_experiment,Table III,8,(Sn0.67Bi0.33)1-xInx,813,0.000584,0.26130368973875573,0.2163,0.5223963102612443,0.0001,9.7,0.03,-0.957,-1639.0,-283.3,
EXP_0083,paper_experiment,Table III,8,(Sn0.67Bi0.33)1-xInx,813,0.000598,0.2319957985456504,0.3042,0.46380420145434953,0.0001,9.937,0.03,-0.976,-1632.0,-434.5,
EXP_0084,paper_experiment,Table III,8,(Sn0.67Bi0.33)1-xInx,813,0.00096,0.1966196067869647,0.4103,0.3930803932130353,0.0002,15.96,0.05,-1.559,-1624.0,-615.8,
EXP_0085,paper_experiment,Table III,8,(Sn0.67Bi0.33)1-xInx,813,0.001109,0.16717834635065984,0.4986,0.3342216536493402,0.0001,18.58,0.06,-1.66,-1497.0,-747.8,
EXP_0086,paper_experiment,Table III,8,(Sn0.67Bi0.33)1-xInx,813,0.001907,0.13293579315917048,0.6013,0.2657642068408296,0.0002,33.37,0.11,-1.431,-750.4,-748.3,
EXP_0087,paper_experiment,Table III,8,(Sn0.67Bi0.33)1-xInx,813,0.003238,0.09865989765688124,0.7041,0.1972401023431188,0.0002,57.66,0.2,-1.429,-441.3,-669.1,
EXP_0088,paper_experiment,Table III,8,(Sn0.67Bi0.33)1-xInx,813,0.0051,0.07015222192297334,0.7896,0.14024777807702668,0.0002,92.27,0.3,-0.8,-156.9,-521.1,
EXP_0089,paper_experiment,Table III,8,(Sn0.67Bi0.33)1-xInx,813,0.005161,0.054281281982224594,0.8372,0.10851871801777535,0.0001,93.5,0.31,-0.683,-132.3,-433.1,
EXP_0090,paper_experiment,Table III,8,(Sn0.67Bi0.33)1-xInx,813,0.005559,0.043645084837058985,0.8691,0.08725491516294102,0.0001,101.1,0.33,-0.346,-62.24,-360.5,
EXP_0091,paper_experiment,Table III,8,(Sn0.67Bi0.33)1-xInx,813,0.005452,0.03660985725828171,0.8902,0.0731901427417183,0.0001,99.27,0.33,-0.223,-40.9,-308.9,
EXP_0092,paper_experiment,Table III,8,(Sn0.67Bi0.33)1-xInx,813,0.005393,0.03157516832749798,0.9053,0.06312483167250202,0.0001,98.54,0.32,0.123,22.81,-263.3,Positive partial enthalpy of In at In-rich composition; sign confirmed on rendered Table III. Positive heat of reaction; sign confirmed on rendered Table III.
EXP_0093,paper_experiment,Table III,9,(Sn0.67Bi0.33)1-xInx,855,0.000434,0.29851370859143544,0.1047,0.5967862914085644,0.0001,7.709,0.02,-0.742,-1710.0,-64.32,
EXP_0094,paper_experiment,Table III,9,(Sn0.67Bi0.33)1-xInx,855,0.000568,0.2625706975491516,0.2125,0.5249293024508483,0.0001,10.14,0.03,-0.919,-1618.0,-251.5,
EXP_0095,paper_experiment,Table III,9,(Sn0.67Bi0.33)1-xInx,855,0.000592,0.2332628063560463,0.3004,0.46633719364395365,0.0001,10.54,0.03,-0.988,-1669.0,-409.6,
EXP_0096,paper_experiment,Table III,9,(Sn0.67Bi0.33)1-xInx,855,0.000843,0.2012875302989496,0.3963,0.4024124697010504,0.0001,15.05,0.04,-1.363,-1617.0,-575.1,
EXP_0097,paper_experiment,Table III,9,(Sn0.67Bi0.33)1-xInx,855,0.001434,0.16324395367627254,0.5104,0.32635604632372744,0.0001,25.9,0.07,-2.028,-1414.0,-733.7,
EXP_0098,paper_experiment,Table III,9,(Sn0.67Bi0.33)1-xInx,855,0.001835,0.13143538917317532,0.6058,0.2627646108268247,0.0002,34.41,0.1,-1.327,-723.2,-731.7,
EXP_0099,paper_experiment,Table III,9,(Sn0.67Bi0.33)1-xInx,855,0.003217,0.09795970913008346,0.7062,0.19584029086991647,0.0001,61.4,0.18,-1.248,-387.9,-644.2,
EXP_0100,paper_experiment,Table III,9,(Sn0.67Bi0.33)1-xInx,855,0.005497,0.06828505251817936,0.7952,0.1365149474818206,0.0001,106.4,0.31,-0.661,-120.2,-485.3,
EXP_0101,paper_experiment,Table III,9,(Sn0.67Bi0.33)1-xInx,855,0.005491,0.052414112577430644,0.8428,0.10478588742256935,0.0001,106.4,0.3,-0.541,-98.52,-395.4,
EXP_0102,paper_experiment,Table III,9,(Sn0.67Bi0.33)1-xInx,855,0.005187,0.042978238621061135,0.8711,0.08592176137893887,0.0001,100.9,0.3,-0.124,-23.91,-328.5,
EXP_0103,paper_experiment,Table III,9,(Sn0.67Bi0.33)1-xInx,855,0.005703,0.035876326420684085,0.8924,0.07172367357931593,0.0002,111.3,0.32,0.241,42.26,-267.3,Positive partial enthalpy of In at In-rich composition; sign confirmed on rendered Table III. Positive heat of reaction; sign confirmed on rendered Table III.
EXP_0104,paper_experiment,Table III,9,(Sn0.67Bi0.33)1-xInx,855,0.005548,0.030908322111500134,0.9073,0.06179167788849987,0.0001,108.5,0.31,0.493,88.86,-218.0,Positive partial enthalpy of In at In-rich composition; sign confirmed on rendered Table III. Positive heat of reaction; sign confirmed on rendered Table III.
